Date,EDPR.LS,EDP.LS
2014-12-31,5.171134948730469,2.1943280696868896
2015-01-02,5.2849650382995605,2.20378041267395
2015-01-05,5.069740295410156,2.1328868865966797
2015-01-06,5.117568016052246,2.095752000808716
2015-01-07,5.165396213531494,2.093050956726074
2015-01-08,5.198875427246094,2.1403138637542725
2015-01-09,5.144351959228516,2.1011533737182617
2015-01-12,5.211310863494873,2.126810073852539
2015-01-13,5.246702671051025,2.205806016921997
2015-01-14,5.205570220947266,2.177448272705078
2015-01-15,5.334705829620361,2.27940034866333
2015-01-16,5.449492454528809,2.2962796688079834
2015-01-19,5.4427971839904785,2.321260929107666
2015-01-20,5.382534027099609,2.3118088245391846
2015-01-21,5.456188201904297,2.356370687484741
2015-01-22,5.748894691467285,2.37730073928833
2015-01-23,5.704892635345459,2.396881341934204
2015-01-26,5.921074867248535,2.398906707763672
2015-01-27,5.789069652557373,2.3833773136138916
2015-01-28,5.758459091186523,2.3543450832366943
2015-01-29,5.739327907562256,2.384728193283081
2015-01-30,5.672369480133057,2.2800755500793457
2015-02-02,5.643673896789551,2.269272804260254
2015-02-03,5.65897798538208,2.2854771614074707
2015-02-04,5.6599345207214355,2.2577946186065674
2015-02-05,5.6341071128845215,2.20378041267395
2015-02-06,5.54227876663208,2.1835248470306396
2015-02-09,5.454275131225586,2.167320728302002
2015-02-10,5.492537498474121,2.22133469581604
2015-02-11,5.4810590744018555,2.159893751144409
2015-02-12,5.59393310546875,2.188251495361328
2015-02-13,5.658021450042725,2.1889264583587646
2015-02-16,5.722110271453857,2.1700217723846436
2015-02-17,5.739327907562256,2.2064807415008545
2015-02-18,5.769938945770264,2.211207389831543
2015-02-19,5.748894691467285,2.1943280696868896
2015-02-20,5.5958452224731445,2.2449662685394287
2015-02-23,5.611150741577148,2.286151647567749
2015-02-24,5.646542549133301,2.352994680404663
2015-02-25,5.692457675933838,2.3509693145751953
2015-02-26,5.787156581878662,2.3435420989990234
2015-02-27,5.920117378234863,2.3806769847869873
2015-03-02,5.834983825683594,2.3698742389678955
2015-03-03,5.769938945770264,2.357045888900757
2015-03-04,5.664717197418213,2.2854771614074707
2015-03-05,5.80628776550293,2.332064151763916
2015-03-06,5.831157684326172,2.263871192932129
2015-03-09,5.780460357666016,2.2503674030303955
2015-03-10,5.782374382019043,2.2247109413146973
2015-03-11,5.8981170654296875,2.2821011543273926
2015-03-12,5.962205410003662,2.300330877304077
2015-03-13,6.064557075500488,2.325312614440918
2015-03-16,6.035860538482666,2.3502941131591797
2015-03-17,6.024381637573242,2.356370687484741
2015-03-18,6.143951892852783,2.3928301334381104
2015-03-19,6.180300235748291,2.3752753734588623
2015-03-20,6.187952995300293,2.398906707763672
2015-03-23,6.083688259124756,2.412410259246826
2015-03-24,6.156386375427246,2.428614616394043
2015-03-25,6.179344177246094,2.4542713165283203
2015-03-26,6.041599273681641,2.4184868335723877
2015-03-27,6.071253299713135,2.4171364307403564
2015-03-30,6.111429214477539,2.404308319091797
2015-03-31,6.121950626373291,2.352994680404663
2015-04-01,6.110472202301025,2.3631224632263184
2015-04-02,6.111429214477539,2.372574806213379
2015-04-07,6.198475360870361,2.4272642135620117
2015-04-08,6.2290849685668945,2.4306399822235107
2015-04-09,6.283608436584473,2.5049099922180176
2015-04-10,6.209953784942627,2.4941067695617676
2015-04-13,6.262564182281494,2.5190885066986084
2015-04-14,6.218562602996826,2.4920811653137207
2015-04-15,6.238649845123291,2.5035593509674072
2015-04-16,6.035860538482666,2.4468443393707275
2015-04-17,5.942118167877197,2.429965019226074
2015-04-20,5.9641194343566895,2.4205124378204346
2015-04-21,5.997598648071289,2.4049835205078125
2015-04-22,5.965075492858887,2.3840527534484863
2015-04-23,5.916290760040283,2.379326820373535
2015-04-24,6.102819919586182,2.413085699081421
2015-04-27,6.071253299713135,2.4205124378204346
2015-04-28,6.054035186767578,2.41646146774292
2015-04-29,5.957423210144043,2.3718996047973633
2015-04-30,5.98133659362793,2.4117350578308105
2015-05-04,6.101863384246826,2.4400925636291504
2015-05-05,6.010990142822266,2.3631224632263184
2015-05-06,5.956117153167725,2.3401665687561035
2015-05-07,5.984034538269043,2.370549201965332
2015-05-08,6.199676036834717,2.4643988609313965
2015-05-11,6.194862365722656,2.4677748680114746
2015-05-12,6.20930290222168,2.4861068725585938
2015-05-13,6.419167518615723,2.532987594604492
2015-05-14,6.461524963378906,2.5408010482788086
2015-05-15,6.3825860023498535,2.5258843898773193
2015-05-18,6.4162797927856445,2.543642520904541
2015-05-19,6.496182441711426,2.5635313987731934
2015-05-20,6.507734298706055,2.5720553398132324
2015-05-21,6.471153259277344,2.5677928924560547
2015-05-22,6.481741905212402,2.560689926147461
2015-05-25,6.31808614730835,2.511678457260132
2015-05-26,6.225668907165527,2.49605131149292
2015-05-27,6.266100883483887,2.553586721420288
2015-05-28,6.320973873138428,2.5393805503845215
2015-05-29,6.308459281921387,2.525174379348755
2015-06-01,6.267063617706299,2.51096773147583
2015-06-02,6.2766900062561035,2.5308566093444824
2015-06-03,6.353704929351807,2.5138092041015625
2015-06-04,6.440346717834473,2.4917891025543213
2015-06-05,6.310384750366211,2.4456188678741455
2015-06-08,6.158280372619629,2.376718044281006
2015-06-09,6.193899631500244,2.3824007511138916
2015-06-10,6.307496547698975,2.407261848449707
2015-06-11,6.324824810028076,2.4349639415740967
2015-06-12,6.277653217315674,2.4150753021240234
2015-06-15,6.146728515625,2.381690263748169
2015-06-16,6.291130542755127,2.3944759368896484
2015-06-17,6.244922161102295,2.405130386352539
2015-06-18,6.103407859802246,2.3994481563568115
2015-06-19,6.0668253898620605,2.4101028442382812
2015-06-22,6.25936222076416,2.4846861362457275
2015-06-23,6.557794094085693,2.5322773456573486
2015-06-24,6.524099826812744,2.5287258625030518
2015-06-25,6.498107433319092,2.5258843898773193
2015-06-26,6.4182047843933105,2.5209121704101562
2015-06-29,6.1861982345581055,2.4285709857940674
2015-06-30,6.113034725189209,2.418626546859741
2015-07-01,6.168869972229004,2.4285709857940674
2015-07-02,6.291130542755127,2.4740312099456787
2015-07-03,6.245884895324707,2.461956262588501
2015-07-06,6.042757987976074,2.379559278488159
2015-07-07,5.854072570800781,2.351146936416626
2015-07-08,6.0081024169921875,2.398737907409668
2015-07-09,6.234332084655762,2.461245536804199
2015-07-10,6.332526206970215,2.5237534046173096
2015-07-13,6.500032901763916,2.5322773456573486
2015-07-14,6.553943157196045,2.526594638824463
2015-07-15,6.546241283416748,2.547194004058838
2015-07-16,6.607853412628174,2.5784480571746826
2015-07-17,6.600152015686035,2.569213628768921
2015-07-20,6.549129962921143,2.59265398979187
2015-07-21,6.58571195602417,2.555717706680298
2015-07-22,6.643472671508789,2.5770273208618164
2015-07-23,6.63865852355957,2.5479042530059814
2015-07-24,6.612667083740234,2.560689926147461
2015-07-27,6.4374589920043945,2.5123884677886963
2015-07-28,6.513510704040527,2.502443790435791
2015-07-29,6.4769287109375,2.4747416973114014
2015-07-30,6.488480567932129,2.488947868347168
2015-07-31,6.420130252838135,2.3923449516296387
2015-08-03,6.513510704040527,2.4115235805511475
2015-08-04,6.449010372161865,2.4044206142425537
2015-08-05,6.483666896820068,2.42928147315979
2015-08-06,6.529875755310059,2.4200475215911865
2015-08-07,6.250698089599609,2.412233829498291
2015-08-10,6.222780704498291,2.3994481563568115
2015-08-11,6.180422306060791,2.3674838542938232
2015-08-12,6.107258319854736,2.3582499027252197
2015-08-13,6.149616241455078,2.3809800148010254
2015-08-14,6.160206317901611,2.369614839553833
2015-08-17,6.199676036834717,2.3923449516296387
2015-08-18,6.1967878341674805,2.3994481563568115
2015-08-19,6.142877101898193,2.3703253269195557
2015-08-20,6.045646667480469,2.3497262001037598
2015-08-21,5.8896918296813965,2.2495718002319336
2015-08-24,5.607625961303711,2.1131906509399414
2015-08-25,5.836744785308838,2.173567771911621
2015-08-26,5.721222400665283,2.152968406677246
2015-08-27,5.818453788757324,2.231813430786133
2015-08-28,5.808826923370361,2.2325236797332764
2015-08-31,5.855998516082764,2.2204484939575195
2015-09-01,5.708707332611084,2.172147035598755
2015-09-02,5.659611225128174,2.152968406677246
2015-09-03,5.776095390319824,2.209083318710327
2015-09-04,5.650946617126465,2.177119255065918
2015-09-07,5.675976753234863,2.172147035598755
2015-09-08,5.7115960121154785,2.2119247913360596
2015-09-09,5.75299072265625,2.2261312007904053
2015-09-10,5.821341514587402,2.1707262992858887
2015-09-11,5.716409206390381,2.163623332977295
2015-09-14,5.663461685180664,2.147996425628662
2015-09-15,5.622066020965576,2.123845338821411
2015-09-16,5.744327068328857,2.174988269805908
2015-09-17,5.81267786026001,2.2019801139831543
2015-09-18,5.671163558959961,2.1792500019073486
2015-09-21,5.75299072265625,2.200559616088867
2015-09-22,5.6249542236328125,2.151548147201538
2015-09-23,5.6124396324157715,2.173567771911621
2015-09-24,5.517133712768555,2.165044069290161
2015-09-25,5.57393217086792,2.2495718002319336
2015-09-28,5.519059658050537,2.243889093399048
2015-09-29,5.572969436645508,2.252412796020508
2015-09-30,5.646133899688721,2.323444128036499
2015-10-01,5.629768371582031,2.3284168243408203
2015-10-02,5.776095390319824,2.3724558353424072
2015-10-05,5.981146812438965,2.4456188678741455
2015-10-06,5.939751625061035,2.415785312652588
2015-10-07,6.045646667480469,2.4541425704956055
2015-10-08,6.028318405151367,2.4576938152313232
2015-10-09,6.0880045890808105,2.4832658767700195
2015-10-12,5.792461395263672,2.3994481563568115
2015-10-13,5.836744785308838,2.3895037174224854
2015-10-14,5.828080177307129,2.3582499027252197
2015-10-15,5.945528030395508,2.3973171710968018
2015-10-16,5.933976173400879,2.414364814758301
2015-10-19,5.914721965789795,2.4022891521453857
2015-10-20,5.922422885894775,2.4115235805511475
2015-10-21,5.901244640350342,2.3788487911224365
2015-10-22,5.915684223175049,2.403710126876831
2015-10-23,6.034094333648682,2.4235987663269043
2015-10-26,5.964781284332275,2.4349639415740967
2015-10-27,5.927237033843994,2.3703253269195557
2015-10-28,6.036019802093506,2.3703253269195557
2015-10-29,6.122661113739014,2.3845314979553223
2015-10-30,6.366220474243164,2.3923449516296387
2015-11-02,6.3633317947387695,2.434253454208374
2015-11-03,6.3296380043029785,2.449880599975586
2015-11-04,6.334450721740723,2.454852819442749
2015-11-05,6.337340354919434,2.4385159015655518
2015-11-06,6.352742671966553,2.420757532119751
2015-11-09,6.065863609313965,2.308527946472168
2015-11-10,6.025430202484131,2.308527946472168
2015-11-11,6.045646667480469,2.236785888671875
2015-11-12,5.933976173400879,2.224710464477539
2015-11-13,5.933976173400879,2.2460198402404785
2015-11-16,5.890654563903809,2.2474403381347656
2015-11-17,5.984034538269043,2.2786943912506104
2015-11-18,6.0398712158203125,2.308527946472168
2015-11-19,6.1438398361206055,2.336940050125122
2015-11-20,6.133250713348389,2.3653531074523926
2015-11-23,6.109184265136719,2.335519790649414
2015-11-24,6.0649003982543945,2.2715909481048584
2015-11-25,6.139026641845703,2.2666192054748535
2015-11-26,6.25839900970459,2.2943215370178223
2015-11-27,6.3825860023498535,2.30000376701355
2015-11-30,6.307496547698975,2.2410476207733154
2015-12-01,6.417242527008057,2.2190277576446533
2015-12-02,6.462487697601318,2.2168970108032227
2015-12-03,6.309421062469482,2.219738483428955
2015-12-04,6.4182047843933105,2.202690601348877
2015-12-07,6.403764247894287,2.2261312007904053
2015-12-08,6.389324188232422,2.1863534450531006
2015-12-09,6.370070934295654,2.223289966583252
2015-12-10,6.3065338134765625,2.221158742904663
2015-12-11,6.269951343536377,2.1884844303131104
2015-12-14,6.195825099945068,2.1508374214172363
2015-12-15,6.34407901763916,2.172147035598755
2015-12-16,6.499070167541504,2.1863534450531006
2015-12-17,6.692569732666016,2.243889093399048
2015-12-18,6.729150772094727,2.2374961376190186
2015-12-21,6.716636657714844,2.2289721965789795
2015-12-22,6.642509937286377,2.233234405517578
2015-12-23,6.796539306640625,2.2801151275634766
2015-12-24,6.813867092132568,2.291480302810669
2015-12-28,6.745516777038574,2.28934907913208
2015-12-29,6.835046291351318,2.3333888053894043
2015-12-30,6.870665550231934,2.3419125080108643
2015-12-31,6.870665550231934,2.3419125080108643
2016-01-04,6.995814323425293,2.262356996536255
2016-01-05,6.969821929931641,2.2644882202148438
2016-01-06,6.967896461486816,2.253833293914795
2016-01-07,6.963083267211914,2.2943215370178223
2016-01-08,6.925538539886475,2.2801151275634766
2016-01-11,6.757069110870361,2.273012161254883
2016-01-12,6.9332404136657715,2.2715909481048584
2016-01-13,7.008329391479492,2.280825138092041
2016-01-14,6.814830303192139,2.230393171310425
2016-01-15,6.667539596557617,2.1643335819244385
2016-01-18,6.432644844055176,2.1288177967071533
2016-01-19,6.461524963378906,2.1572301387786865
2016-01-20,6.236258029937744,2.127396821975708
2016-01-21,6.3171234130859375,2.1437342166900635
2016-01-22,6.582823276519775,2.223289966583252
2016-01-25,6.614591598510742,2.2190277576446533
2016-01-26,6.781136512756348,2.243889093399048
2016-01-27,6.91976261138916,2.270880699157715
2016-01-28,6.786912441253662,2.262356996536255
2016-01-29,6.891844272613525,2.2850873470306396
2016-02-01,6.897620677947998,2.320603132247925
2016-02-02,6.793651580810547,2.285797595977783
2016-02-03,6.729150772094727,2.2431788444519043
2016-02-04,6.631920337677002,2.2254204750061035
2016-02-05,6.469226360321045,2.1877739429473877
2016-02-08,6.353704929351807,2.1281075477600098
2016-02-09,6.333488941192627,2.0655996799468994
2016-02-10,6.356593132019043,2.044290065765381
2016-02-11,6.036019802093506,1.93205988407135
2016-02-12,6.081265449523926,1.9498181343078613
2016-02-15,6.176571369171143,1.98178231716156
2016-02-16,6.145766258239746,1.9796512126922607
2016-02-17,6.3267502784729,2.0172979831695557
2016-02-18,6.1967878341674805,2.0400283336639404
2016-02-19,6.114960193634033,2.0315043926239014
2016-02-22,6.252623558044434,2.089750289916992
2016-02-23,6.189086437225342,2.0307939052581787
2016-02-24,6.045646667480469,1.9903061389923096
2016-02-25,6.146728515625,2.042159080505371
2016-02-26,6.23048210144043,2.0052225589752197
2016-02-29,6.372958660125732,2.0293734073638916
2016-03-01,6.394137859344482,2.044290065765381
2016-03-02,6.309421062469482,2.042159080505371
2016-03-03,6.298832416534424,2.0826473236083984
2016-03-04,6.293056011199951,2.045710802078247
2016-03-07,6.227593421936035,1.9555004835128784
2016-03-08,6.1438398361206055,1.9704172611236572
2016-03-09,6.162131309509277,2.0052225589752197
2016-03-10,6.20930290222168,2.0364768505096436
2016-03-11,6.243959426879883,2.1131906509399414
2016-03-14,6.305570602416992,2.117452621459961
2016-03-15,6.158280372619629,2.123845338821411
2016-03-16,6.160206317901611,2.134500503540039
2016-03-17,6.242997169494629,2.1984283924102783
2016-03-18,6.353704929351807,2.194166898727417
2016-03-21,6.486555099487305,2.2161865234375
2016-03-22,6.4769287109375,2.1962978839874268
2016-03-23,6.609778881072998,2.1707262992858887
2016-03-24,6.4769287109375,2.1756985187530518
2016-03-29,6.443233966827393,2.1899046897888184
2016-03-30,6.5269880294799805,2.2559642791748047
2016-03-31,6.459600448608398,2.2204484939575195
2016-04-01,6.369108200073242,2.192035675048828
2016-04-04,6.34407901763916,2.1899046897888184
2016-04-05,6.195825099945068,2.118873357772827
2016-04-06,6.194862365722656,2.089750289916992
2016-04-07,6.141915321350098,2.0691511631011963
2016-04-08,6.21026611328125,2.0776748657226562
2016-04-11,6.176571369171143,2.086909055709839
2016-04-12,6.245884895324707,2.0925915241241455
2016-04-13,6.2815046310424805,2.103956460952759
2016-04-14,6.294981479644775,2.105377197265625
2016-04-15,6.320973873138428,2.095432996749878
2016-04-18,6.324824810028076,2.1096391677856445
2016-04-19,6.413392066955566,2.13236927986145
2016-04-20,6.498107433319092,2.1756985187530518
2016-04-21,6.607853412628174,2.1579408645629883
2016-04-22,6.6261444091796875,2.1849327087402344
2016-04-25,6.546241283416748,2.1849327087402344
2016-04-26,6.528913974761963,2.1913256645202637
2016-04-27,6.554905891418457,2.2183175086975098
2016-04-28,6.551055431365967,2.2261312007904053
2016-04-29,6.555868625640869,2.2048215866088867
2016-05-02,6.600152015686035,2.2396271228790283
2016-05-03,6.4499735832214355,2.2289721965789795
2016-05-04,6.538539886474609,2.2517025470733643
2016-05-05,6.653099060058594,2.2886385917663574
2016-05-06,6.600152015686035,2.2559642791748047
2016-05-09,6.563569068908691,2.250281810760498
2016-05-10,6.522175312042236,2.255253791809082
2016-05-11,6.462487697601318,2.2105040550231934
2016-05-12,6.427831649780273,2.230393171310425
2016-05-13,6.511246681213379,2.2495718002319336
2016-05-16,6.422982692718506,2.2524399757385254
2016-05-17,6.431711673736572,2.2501800060272217
2016-05-18,6.427831172943115,2.2283334732055664
2016-05-19,6.458869457244873,2.207240581512451
2016-05-20,6.577203273773193,2.186147451400757
2016-05-23,6.590782642364502,2.1417012214660645
2016-05-24,6.6257004737854,2.168821334838867
2016-05-25,6.636369705200195,2.192174196243286
2016-05-26,6.684867858886719,2.2373735904693604
2016-05-27,6.7120256423950195,2.2343602180480957
2016-05-30,6.731424331665039,2.2516870498657227
2016-05-31,6.754703521728516,2.256206512451172
2016-06-01,6.6683783531188965,2.208747148513794
2016-06-02,6.721724510192871,2.214020252227783
2016-06-03,6.674197673797607,2.2034740447998047
2016-06-06,6.744033336639404,2.2290868759155273
2016-06-07,6.7702226638793945,2.256206512451172
2016-06-08,6.731424331665039,2.271273374557495
2016-06-09,6.7702226638793945,2.24942684173584
2016-06-10,6.609211444854736,2.1793675422668457
2016-06-13,6.431711673736572,2.144714593887329
2016-06-14,6.359935283660889,2.06636905670166
2016-06-15,6.446260452270508,2.099515199661255
2016-06-16,6.357025146484375,2.1191017627716064
2016-06-17,6.420072078704834,2.146974563598633
2016-06-20,6.572353839874268,2.232853651046753
2016-06-21,6.571383476257324,2.209500551223755
2016-06-22,6.563623905181885,2.215527296066284
2016-06-23,6.574293613433838,2.222306966781616
2016-06-24,6.408432483673096,1.985010027885437
2016-06-27,6.2047438621521,1.934537410736084
2016-06-28,6.42492151260376,1.9895299673080444
2016-06-29,6.551014423370361,2.0723955631256104
2016-06-30,6.576233386993408,2.074655294418335
2016-07-01,6.584962844848633,2.0957486629486084
2016-07-04,6.640250205993652,2.107801675796509
2016-07-05,6.520946502685547,2.036989212036133
2016-07-06,6.498637676239014,2.0068564414978027
2016-07-07,6.542285442352295,2.0739026069641113
2016-07-08,6.516096591949463,2.0799291133880615
2016-07-11,6.678077697753906,2.153001308441162
2016-07-12,6.745973587036133,2.161287784576416
2016-07-13,6.750823974609375,2.1740942001342773
2016-07-14,6.741124629974365,2.1914210319519043
2016-07-15,6.743063926696777,2.201214075088501
2016-07-18,6.76343297958374,2.2283334732055664
2016-07-19,6.7653727531433105,2.2034740447998047
2016-07-20,6.726574897766113,2.2298402786254883
2016-07-21,6.74694299697876,2.2411398887634277
2016-07-22,6.769252300262451,2.2599735260009766
2016-07-25,6.809989929199219,2.2901065349578857
2016-07-26,6.901165008544922,2.2750396728515625
2016-07-27,6.949663162231445,2.278806686401367
2016-07-28,6.871096611022949,2.2501800060272217
2016-07-29,7.021437644958496,2.311199426651001
2016-08-01,6.988460063934326,2.317979335784912
2016-08-02,6.859457492828369,2.2599735260009766
2016-08-03,6.797380447387695,2.2509334087371826
2016-08-04,6.806110858917236,2.28558611869812
2016-08-05,6.831329345703125,2.302912950515747
2016-08-08,6.833269119262695,2.3224990367889404
2016-08-09,6.933173179626465,2.341332197189331
2016-08-10,6.886615753173828,2.3390724658966064
2016-08-11,6.983610153198242,2.3458521366119385
2016-08-12,6.942872524261475,2.3398256301879883
2016-08-15,6.9409332275390625,2.336059093475342
2016-08-16,6.858487606048584,2.309692621231079
2016-08-17,6.730454444885254,2.2622334957122803
2016-08-18,6.813869953155518,2.278806686401367
2016-08-19,6.745973587036133,2.2524399757385254
2016-08-22,6.755673408508301,2.2599735260009766
2016-08-23,6.743063926696777,2.2675065994262695
2016-08-24,6.835208892822266,2.2667534351348877
2016-08-25,6.805140018463135,2.2667534351348877
2016-08-26,6.8565473556518555,2.2690134048461914
2016-08-29,6.825509548187256,2.2652463912963867
2016-08-30,6.870126724243164,2.2592198848724365
2016-08-31,6.947722434997559,2.263740301132202
2016-09-01,6.9205641746521,2.2675065994262695
2016-09-02,6.982640743255615,2.2938730716705322
2016-09-05,6.999129772186279,2.3217458724975586
2016-09-06,6.9360833168029785,2.2908596992492676
2016-09-07,7.019498825073242,2.3006527423858643
2016-09-08,7.035017490386963,2.3051726818084717
2016-09-09,6.9632415771484375,2.2290868759155273
2016-09-12,6.853637218475342,2.1966941356658936
2016-09-13,6.799321174621582,2.1831343173980713
2016-09-14,6.779921531677246,2.1823811531066895
2016-09-15,6.70620584487915,2.185394525527954
2016-09-16,6.653829097747803,2.1733412742614746
2016-09-19,6.857517719268799,2.1974477767944336
2016-09-20,6.826479434967041,2.2027206420898438
2016-09-21,6.915714740753174,2.1959407329559326
2016-09-22,7.033078193664551,2.2524399757385254
2016-09-23,6.925413608551025,2.2200469970703125
2016-09-26,6.912804126739502,2.2132670879364014
2016-09-27,6.881765842437744,2.2057340145111084
2016-09-28,6.901165008544922,2.233607053756714
2016-09-29,6.916684627532959,2.2501800060272217
2016-09-30,6.9312334060668945,2.2516870498657227
2016-10-03,6.8507280349731445,2.201214075088501
2016-10-04,6.811930179595947,2.184641122817993
2016-10-05,6.644129753112793,2.1243748664855957
2016-10-06,6.551984786987305,2.09122896194458
2016-10-07,6.504457473754883,2.060342311859131
2016-10-10,6.572353839874268,2.1115684509277344
2016-10-11,6.596601963043213,2.119854688644409
2016-10-12,6.6101813316345215,2.1499879360198975
2016-10-13,6.661588191986084,2.171081066131592
2016-10-14,6.7808918952941895,2.201214075088501
2016-10-17,6.759552478790283,2.2185401916503906
2016-10-18,6.870126724243164,2.2524399757385254
2016-10-19,6.906014919281006,2.271273374557495
2016-10-20,6.918624401092529,2.2599735260009766
2016-10-21,6.891465663909912,2.25545334815979
2016-10-24,6.900195121765137,2.281066656112671
2016-10-25,6.7653727531433105,2.2667534351348877
2016-10-26,6.804170608520508,2.2825729846954346
2016-10-27,6.740154266357422,2.2516870498657227
2016-10-28,6.688746452331543,2.264493465423584
2016-10-31,6.677107334136963,2.2682597637176514
2016-11-01,6.636369705200195,2.238126754760742
2016-11-02,6.3686652183532715,2.1793675422668457
2016-11-03,6.286219120025635,2.1914210319519043
2016-11-04,6.178555488586426,2.146974563598633
2016-11-07,6.235781669616699,2.1989541053771973
2016-11-08,6.260030746459961,2.207240581512451
2016-11-09,5.903090953826904,2.13944149017334
2016-11-10,5.559730052947998,2.0332224369049072
2016-11-11,5.6479949951171875,2.01137638092041
2016-11-14,5.726560115814209,1.9865168333053589
2016-11-15,5.732380390167236,2.0226762294769287
2016-11-16,5.75662899017334,1.9940499067306519
2016-11-17,5.828404903411865,2.0415093898773193
2016-11-18,5.856533527374268,2.026442527770996
2016-11-21,5.822585105895996,2.060342311859131
2016-11-22,5.825494766235352,2.051302433013916
2016-11-23,5.828404903411865,2.0339760780334473
2016-11-24,5.826465129852295,2.027949333190918
2016-11-25,5.873022556304932,2.0460293292999268
2016-11-28,5.829375743865967,2.0392491817474365
2016-11-29,5.808035850524902,2.0415093898773193
2016-11-30,5.825494766235352,2.0543158054351807
2016-12-01,5.751778602600098,2.0332224369049072
2016-12-02,5.732380390167236,2.0317161083221436
2016-12-05,5.67806339263916,2.0302093029022217
2016-12-06,5.794456958770752,2.1032817363739014
2016-12-07,5.733349323272705,2.1243748664855957
2016-12-08,5.740139961242676,2.1168415546417236
2016-12-09,5.755659103393555,2.1319079399108887
2016-12-12,5.677093982696533,2.1281416416168213
2016-12-13,5.809975624084473,2.1658077239990234
2016-12-14,5.648965358734131,2.1507413387298584
2016-12-15,5.528691291809082,2.146974563598633
2016-12-16,5.57621955871582,2.1499879360198975
2016-12-19,5.70134162902832,2.169574499130249
2016-12-20,5.697462558746338,2.184641122817993
2016-12-21,5.742079734802246,2.186901092529297
2016-12-22,5.708131313323975,2.1597812175750732
2016-12-23,5.732380390167236,2.1748478412628174
2016-12-27,5.752749443054199,2.1989541053771973
2016-12-28,5.715891361236572,2.1982007026672363
2016-12-29,5.765357971191406,2.2034740447998047
2016-12-30,5.854593753814697,2.1801209449768066
2017-01-02,5.863322734832764,2.1974477767944336
2017-01-03,5.841984272003174,2.187654495239258
2017-01-04,5.8672027587890625,2.177861213684082
2017-01-05,5.819675922393799,2.154507875442505
2017-01-06,5.747899532318115,2.1123218536376953
2017-01-09,5.778938293457031,2.104788303375244
2017-01-10,5.635385990142822,2.0641093254089355
2017-01-11,5.5577898025512695,2.0739026069641113
2017-01-12,5.586888790130615,2.08444881439209
2017-01-13,5.636356353759766,2.089721918106079
2017-01-16,5.5771894454956055,2.0859556198120117
2017-01-17,5.624715805053711,2.1477279663085938
2017-01-18,5.664484024047852,2.1326615810394287
2017-01-19,5.606287479400635,2.1093084812164307
2017-01-20,5.585918426513672,2.0942420959472656
2017-01-23,5.538391590118408,2.0490424633026123
2017-01-24,5.780877590179443,2.057328939437866
2017-01-25,5.913760185241699,2.03548264503479
2017-01-26,5.904060363769531,2.0467824935913086
2017-01-27,5.8827223777771,2.067122220993042
2017-01-30,5.819675922393799,2.0339760780334473
2017-01-31,5.764388084411621,2.0249361991882324
2017-02-01,5.750809192657471,2.01137638092041
2017-02-02,5.76826810836792,2.036235809326172
2017-02-03,5.868173122406006,2.0339760780334473
2017-02-06,5.8235554695129395,2.003843069076538
2017-02-07,5.868173122406006,2.0226762294769287
2017-02-08,5.959347724914551,2.081435441970825
2017-02-09,5.9253997802734375,2.1085550785064697
2017-02-10,5.938009262084961,2.099515199661255
2017-02-13,5.96516752243042,2.1093084812164307
2017-02-14,6.026273250579834,2.122114896774292
2017-02-15,6.09126091003418,2.146974563598633
2017-02-16,6.0592522621154785,2.1507413387298584
2017-02-17,6.03597354888916,2.153754472732544
2017-02-20,6.120358943939209,2.168821334838867
2017-02-21,6.1232686042785645,2.178614377975464
2017-02-22,6.116479396820068,2.178614377975464
2017-02-23,6.056342601776123,2.1816275119781494
2017-02-24,6.024333477020264,2.1748478412628174
2017-02-27,6.010754108428955,2.1748478412628174
2017-02-28,6.027243614196777,2.1989541053771973
2017-03-01,6.145577907562256,2.1906673908233643
2017-03-02,6.168855667114258,2.1982007026672363
2017-03-03,6.147517204284668,2.1168415546417236
2017-03-06,6.103870391845703,2.162040948867798
2017-03-07,6.035003662109375,2.13944149017334
2017-03-08,6.008815288543701,2.1273880004882812
2017-03-09,6.000085353851318,2.140194892883301
2017-03-10,5.9166693687438965,2.129647970199585
2017-03-13,5.920550346374512,2.131155014038086
2017-03-14,5.9166693687438965,2.1349215507507324
2017-03-15,5.935098648071289,2.1326615810394287
2017-03-16,5.926369667053223,2.14546799659729
2017-03-17,5.9166693687438965,2.1567678451538086
2017-03-20,5.928309440612793,2.1673147678375244
2017-03-21,5.936069488525391,2.183887481689453
2017-03-22,5.936069488525391,2.201214075088501
2017-03-23,5.999114990234375,2.193680763244629
2017-03-24,6.013664245605469,2.199707508087158
2017-03-27,6.0786519050598145,2.209500551223755
2017-03-28,6.692626953125,2.3014063835144043
2017-03-29,6.692626953125,2.3149659633636475
2017-03-30,6.702325820922852,2.375232219696045
2017-03-31,6.722695827484131,2.3918049335479736
2017-04-03,6.712996006011963,2.3880386352539062
2017-04-04,6.779921531677246,2.3925585746765137
2017-04-05,6.778952121734619,2.3955719470977783
2017-04-06,6.778952121734619,2.4000916481018066
2017-04-07,6.779921531677246,2.3955719470977783
2017-04-10,6.779921531677246,2.3955719470977783
2017-04-11,6.779921531677246,2.383518695831299
2017-04-12,6.779921531677246,2.3842718601226807
2017-04-13,6.750823974609375,2.379751682281494
2017-04-18,6.7343339920043945,2.3563990592956543
2017-04-19,6.705235958099365,2.3240058422088623
2017-04-20,6.692626953125,2.295379400253296
2017-04-21,6.6732282638549805,2.2938730716705322
2017-04-24,6.731424331665039,2.3458521366119385
2017-04-25,6.779921531677246,2.3488657474517822
2017-04-26,6.7702226638793945,2.3368122577667236
2017-04-27,6.779921531677246,2.3217458724975586
2017-04-28,6.784770965576172,2.2825729846954346
2017-05-02,6.838118553161621,2.319485902786255
2017-05-03,6.7808918952941895,2.3541388511657715
2017-05-04,6.838531017303467,2.4181714057922363
2017-05-05,6.860023498535156,2.452071189880371
2017-05-08,6.828761577606201,2.4339911937713623
2017-05-09,6.841461658477783,2.4483041763305664
2017-05-10,6.876631259918213,2.4490573406219482
2017-05-11,6.853185176849365,2.460357427597046
2017-05-12,6.819969177246094,2.4859707355499268
2017-05-15,6.830716133117676,2.464972972869873
2017-05-16,6.797500133514404,2.4561922550201416
2017-05-17,6.802384376525879,2.43942928314209
2017-05-18,6.8180155754089355,2.3859472274780273
2017-05-19,6.920593738555908,2.4713587760925293
2017-05-22,6.848300457000732,2.5120692253112793
2017-05-23,6.790661811828613,2.55277943611145
2017-05-24,6.790661811828613,2.529630661010742
2017-05-25,6.8111772537231445,2.545595169067383
2017-05-26,6.799454212188721,2.550384998321533
2017-05-29,6.790661811828613,2.5432004928588867
2017-05-30,6.7984771728515625,2.5583672523498535
2017-05-31,6.833645820617676,2.61344575881958
2017-06-01,6.829738616943359,2.6214284896850586
2017-06-02,6.789684295654297,2.586305618286133
2017-06-05,6.769168853759766,2.528033971786499
2017-06-06,6.83560037612915,2.5998759269714355
2017-06-07,6.799454212188721,2.587104082107544
2017-06-08,6.79456901550293,2.5831127166748047
2017-06-09,6.813130855560303,2.611051321029663
2017-06-12,6.79456901550293,2.530428647994995
2017-06-13,6.8111772537231445,2.569542646408081
2017-06-14,6.819969177246094,2.5328235626220703
2017-06-15,6.838531017303467,2.43942928314209
2017-06-16,6.867839336395264,2.4322447776794434
2017-06-19,6.8668622970581055,2.4386308193206787
2017-06-20,6.847322940826416,2.4338414669036865
2017-06-21,6.837553977966309,2.4186747074127197
2017-06-22,6.848300457000732,2.3931307792663574
2017-06-23,6.800430774688721,2.3715784549713135
2017-06-26,6.838531017303467,2.3500258922576904
2017-06-27,6.809223175048828,2.3085172176361084
2017-06-28,6.799454212188721,2.3077192306518555
2017-06-29,6.799454212188721,2.2893595695495605
2017-06-30,6.802384376525879,2.2853682041168213
2017-07-03,6.8434157371521,2.279780387878418
2017-07-04,6.838531017303467,2.315701723098755
2017-07-05,6.862954616546631,2.281377077102661
2017-07-06,6.733999729156494,2.2526402473449707
2017-07-07,6.700783729553223,2.259026050567627
2017-07-10,6.691991329193115,2.280578851699829
2017-07-11,6.690037727355957,2.280578851699829
2017-07-12,6.734976291656494,2.315701723098755
2017-07-13,6.709575653076172,2.340446710586548
2017-07-14,6.773077011108398,2.363595962524414
2017-07-17,6.733999729156494,2.3548152446746826
2017-07-18,6.7056684494018555,2.381157159805298
2017-07-19,6.711529731750488,2.3947277069091797
2017-07-20,6.740837574005127,2.386744976043701
2017-07-21,6.7388834953308105,2.3907361030578613
2017-07-24,6.771122932434082,2.3707802295684814
2017-07-25,6.799454212188721,2.36199951171875
2017-07-26,6.623606204986572,2.386744976043701
2017-07-27,6.630444526672363,2.3955256938934326
2017-07-28,6.603089809417725,2.3683855533599854
2017-07-31,6.59820556640625,2.3947277069091797
2017-08-01,6.615790367126465,2.428253650665283
2017-08-02,6.608951568603516,2.4378325939178467
2017-08-03,6.609928607940674,2.460981607437134
2017-08-04,6.640213489532471,2.5144639015197754
2017-08-07,6.660728931427002,2.5184552669525146
2017-08-08,6.629467010498047,2.5208499431610107
2017-08-09,6.652913570404053,2.528832197189331
2017-08-10,6.660728931427002,2.525639295578003
2017-08-11,6.6499834060668945,2.484928846359253
2017-08-14,6.701760768890381,2.5184552669525146
2017-08-15,6.668544769287109,2.525639295578003
2017-08-16,6.7056684494018555,2.5336215496063232
2017-08-17,6.694921970367432,2.565551280975342
2017-08-18,6.701760768890381,2.5559723377227783
2017-08-21,6.690037727355957,2.5424022674560547
2017-08-22,6.707622528076172,2.570341110229492
2017-08-23,6.666590213775635,2.5559723377227783
2017-08-24,6.69589900970459,2.591095209121704
2017-08-25,6.665614128112793,2.567147970199585
2017-08-28,6.691991329193115,2.5775251388549805
2017-08-29,6.691991329193115,2.56874418258667
2017-08-30,6.691991329193115,2.5424022674560547
2017-08-31,6.715437889099121,2.5743319988250732
2017-09-01,6.748653411865234,2.590296983718872
2017-09-04,6.7388834953308105,2.5974810123443604
2017-09-05,6.741815090179443,2.5990777015686035
2017-09-06,6.7388834953308105,2.572735548019409
2017-09-07,6.765261173248291,2.5831127166748047
2017-09-08,6.792614936828613,2.5958847999572754
2017-09-11,6.83560037612915,2.631007432937622
2017-09-12,6.8610005378723145,2.65096378326416
2017-09-13,6.916686058044434,2.669322967529297
2017-09-14,6.896170139312744,2.6589457988739014
2017-09-15,6.868816375732422,2.693270206451416
2017-09-18,6.930363178253174,2.625419855117798
2017-09-19,6.9547858238220215,2.608656406402588
2017-09-20,7.0339179039001465,2.5966830253601074
2017-09-21,7.03294038772583,2.5743319988250732
2017-09-22,7.0339179039001465,2.551981210708618
2017-09-25,7.023171901702881,2.5751302242279053
2017-09-26,7.03196382522583,2.565551280975342
2017-09-27,7.017309665679932,2.5567708015441895
2017-09-28,6.994840145111084,2.545595169067383
2017-09-29,7.0339179039001465,2.5424022674560547
2017-10-02,7.00460958480835,2.4713587760925293
2017-10-03,6.950878143310547,2.466569185256958
2017-10-04,6.912778377532959,2.460981607437134
2017-10-05,6.992886543273926,2.4745516777038574
2017-10-06,6.922547340393066,2.40670108795166
2017-10-09,6.9411091804504395,2.399517059326172
2017-10-10,6.945993900299072,2.426657199859619
2017-10-11,6.961624622344971,2.468964099884033
2017-10-12,6.955763339996338,2.48812198638916
2017-10-13,6.900078296661377,2.48013973236084
2017-10-16,6.871747016906738,2.3931307792663574
2017-10-17,6.902031898498535,2.3939292430877686
2017-10-18,6.863931179046631,2.405902862548828
2017-10-19,6.917662143707275,2.4106922149658203
2017-10-20,6.841461658477783,2.401911735534668
2017-10-23,6.897146701812744,2.400315046310425
2017-10-24,6.895193099975586,2.3707802295684814
2017-10-25,6.829738616943359,2.3548152446746826
2017-10-26,6.876631259918213,2.400315046310425
2017-10-27,6.926455497741699,2.4138853549957275
2017-10-30,6.945016860961914,2.420271396636963
2017-10-31,6.936224460601807,2.445016622543335
2017-11-01,7.023171901702881,2.462578058242798
2017-11-02,6.993863582611084,2.4729549884796143
2017-11-03,6.740837574005127,2.359604835510254
2017-11-06,6.8170390129089355,2.3548152446746826
2017-11-07,6.833645820617676,2.3659908771514893
2017-11-08,6.888355255126953,2.404306411743164
2017-11-09,6.825830936431885,2.378762722015381
2017-11-10,6.832669734954834,2.383552074432373
2017-11-13,6.791638374328613,2.359604835510254
2017-11-14,6.777961254119873,2.3707802295684814
2017-11-15,6.779914855957031,2.397122383117676
2017-11-16,6.774053573608398,2.362797975540161
2017-11-17,6.736929893493652,2.3268768787384033
2017-11-20,6.717391490936279,2.3324644565582275
2017-11-21,6.718368053436279,2.3053245544433594
2017-11-22,6.712506294250488,2.323683977127075
2017-11-23,6.770145416259766,2.336455821990967
2017-11-24,6.735953330993652,2.322087526321411
2017-11-27,6.672452449798584,2.3308682441711426
2017-11-28,6.740837574005127,2.3212890625
2017-11-29,6.656821250915527,2.3212890625
2017-11-30,6.691991329193115,2.3508241176605225
2017-12-01,6.6450982093811035,2.3252806663513184
2017-12-04,6.651937007904053,2.3284735679626465
2017-12-05,6.586482524871826,2.318894624710083
2017-12-06,6.571828365325928,2.319692611694336
2017-12-07,6.553267478942871,2.344438314437866
2017-12-08,6.469250679016113,2.3212890625
2017-12-11,6.404772758483887,2.3524205684661865
2017-12-12,6.459481239318848,2.3476314544677734
2017-12-13,6.469250679016113,2.338850736618042
2017-12-14,6.531773567199707,2.3125085830688477
2017-12-15,6.556197166442871,2.337254047393799
2017-12-18,6.7066450119018555,2.338850736618042
2017-12-19,6.6744065284729,2.3348593711853027
2017-12-20,6.594297885894775,2.296544075012207
2017-12-21,6.564990043640137,2.2861666679382324
2017-12-22,6.545450687408447,2.2901577949523926
2017-12-27,6.566944122314453,2.3125085830688477
2017-12-28,6.6314215660095215,2.298938512802124
2017-12-29,6.8062920570373535,2.302929639816284
2018-01-02,6.760376453399658,2.316499710083008
2018-01-03,6.628490447998047,2.3500258922576904
2018-01-04,6.623606204986572,2.3739731311798096
2018-01-05,6.63337516784668,2.3899378776550293
2018-01-08,6.848300457000732,2.377166271209717
2018-01-09,6.809223175048828,2.356411933898926
2018-01-10,6.838531017303467,2.3308682441711426
2018-01-11,6.887378215789795,2.303727626800537
2018-01-12,6.90691614151001,2.276587724685669
2018-01-15,6.916686058044434,2.322885513305664
2018-01-16,6.90691614151001,2.322885513305664
2018-01-17,6.936224460601807,2.3077192306518555
2018-01-18,6.90691614151001,2.2893595695495605
2018-01-19,6.897146701812744,2.302131414413452
2018-01-22,6.945993900299072,2.3069210052490234
2018-01-23,6.9411091804504395,2.3061225414276123
2018-01-24,6.897146701812744,2.301332950592041
2018-01-25,6.936224460601807,2.3061225414276123
2018-01-26,6.936224460601807,2.3069210052490234
2018-01-29,6.926455497741699,2.2901577949523926
2018-01-30,6.897146701812744,2.2670087814331055
2018-01-31,6.887378215789795,2.258228302001953
2018-02-01,6.921570301055908,2.261420965194702
2018-02-02,6.90691614151001,2.216719627380371
2018-02-05,6.809223175048828,2.152061939239502
2018-02-06,6.701760768890381,2.1073601245880127
2018-02-07,6.833645820617676,2.1784040927886963
2018-02-08,6.779914855957031,2.158447742462158
2018-02-09,6.726183891296387,2.1448776721954346
2018-02-12,6.8043389320373535,2.1863863468170166
2018-02-13,6.945993900299072,2.172018051147461
2018-02-14,6.955763339996338,2.194368839263916
2018-02-15,6.975301265716553,2.1999564170837402
2018-02-16,7.019263744354248,2.2414650917053223
2018-02-19,6.970417022705078,2.212728500366211
2018-02-20,6.926455497741699,2.158447742462158
2018-02-21,6.916686058044434,2.1400883197784424
2018-02-22,6.975301265716553,2.176807403564453
2018-02-23,6.985071182250977,2.235079050064087
2018-02-26,6.985071182250977,2.234280824661255
2018-02-27,6.985071182250977,2.2095351219177246
2018-02-28,7.009494781494141,2.1975619792938232
2018-03-01,6.985071182250977,2.1704213619232178
2018-03-02,6.921570301055908,2.2262985706329346
2018-03-05,6.999725341796875,2.235079050064087
2018-03-06,7.019263744354248,2.2430613040924072
2018-03-07,7.019263744354248,2.261420965194702
2018-03-08,7.199995994567871,2.3252806663513184
2018-03-09,7.234189510345459,2.3316662311553955
2018-03-12,7.229304313659668,2.4027099609375
2018-03-13,7.273266315460205,2.4346394538879395
2018-03-14,7.370959758758545,2.4362361431121826
2018-03-15,7.390498638153076,2.4386308193206787
2018-03-16,7.444229602813721,2.4370346069335938
2018-03-19,7.297689437866211,2.400315046310425
2018-03-20,7.47842264175415,2.3891398906707764
2018-03-21,7.483306884765625,2.3947277069091797
2018-03-22,7.50284481048584,2.3651926517486572
2018-03-23,7.453999042510986,2.344438314437866
2018-03-26,7.444229602813721,2.3556134700775146
2018-03-27,7.50284481048584,2.3907361030578613
2018-03-28,7.722655773162842,2.4514026641845703
2018-03-29,7.7763872146606445,2.464972972869873
2018-04-03,7.815464019775391,2.466569185256958
2018-04-04,7.820349216461182,2.4785430431365967
2018-04-05,7.854541301727295,2.4793410301208496
2018-04-06,7.815464019775391,2.464174509048462
2018-04-09,7.786156177520752,2.5583672523498535
2018-04-10,7.8398871421813965,2.5551743507385254
2018-04-11,7.820349216461182,2.5136654376983643
2018-04-12,7.83500337600708,2.5152621269226074
2018-04-13,7.913157939910889,2.5352182388305664
2018-04-16,7.825233459472656,2.5200517177581787
2018-04-17,7.820349216461182,2.524841070175171
2018-04-18,7.737309455871582,2.5328235626220703
2018-04-19,7.703117370605469,2.5599637031555176
2018-04-20,7.722655773162842,2.5583672523498535
2018-04-23,7.7470784187316895,2.564753293991089
2018-04-24,7.786156177520752,2.5839109420776367
2018-04-25,7.766617774963379,2.5623581409454346
2018-04-26,7.83500337600708,2.5368144512176514
2018-04-27,7.874080657958984,2.600987434387207
2018-04-30,7.834709644317627,2.60776948928833
2018-05-02,7.879001617431641,2.595052719116211
2018-05-03,7.879001617431641,2.570467472076416
2018-05-04,7.874079704284668,2.583183765411377
2018-05-07,7.913450241088867,2.5857272148132324
2018-05-08,7.913450241088867,2.5908138751983643
2018-05-09,7.805181503295898,2.5908138751983643
2018-05-10,7.677227973937988,2.6170949935913086
2018-05-11,7.721519470214844,2.636593818664551
2018-05-14,7.9282145500183105,2.8824501037597656
2018-05-15,7.947899341583252,2.9163613319396973
2018-05-16,7.903607368469238,2.8824501037597656
2018-05-17,8.090617179870605,2.883297920227051
2018-05-18,8.051246643066406,2.9316213130950928
2018-05-21,8.11522388458252,2.9553592205047607
2018-05-22,8.11522388458252,2.9248390197753906
2018-05-23,8.01679801940918,2.9468815326690674
2018-05-24,7.933135986328125,2.8875365257263184
2018-05-25,7.962663173675537,2.8994057178497314
2018-05-28,7.893765926361084,2.8637990951538086
2018-05-29,7.844552040100098,2.842604398727417
2018-05-30,7.864237308502197,2.873972177505493
2018-05-31,7.918371677398682,2.8400611877441406
2018-06-01,7.824866771697998,2.85447359085083
2018-06-04,8.041404724121094,2.898557662963867
2018-06-05,8.051246643066406,2.8994057178497314
2018-06-06,8.090617179870605,2.890928030014038
2018-06-07,8.070931434631348,2.8570165634155273
2018-06-08,8.02171802520752,2.862103223800659
2018-06-11,8.11522388458252,2.8587121963500977
2018-06-12,7.962663173675537,2.8824501037597656
2018-06-13,8.041404724121094,2.877363681793213
2018-06-14,8.223491668701172,2.8824501037597656
2018-06-15,8.292390823364258,2.8570165634155273
2018-06-18,8.218570709228516,2.873972177505493
2018-06-19,8.21364974975586,2.8654944896698
2018-06-20,8.189042091369629,2.847691059112549
2018-06-21,8.154594421386719,2.834974527359009
2018-06-22,8.193964004516602,2.878211259841919
2018-06-25,8.2333345413208,2.8824501037597656
2018-06-26,8.75007152557373,2.890928030014038
2018-06-27,8.740229606628418,2.907883405685425
2018-06-28,8.705780029296875,2.9163613319396973
2018-06-29,8.78944206237793,2.8824501037597656
2018-07-02,8.774677276611328,2.890928030014038
2018-07-03,8.84849739074707,2.8994057178497314
2018-07-04,8.84849739074707,2.907883405685425
2018-07-05,9.025663375854492,2.9290778636932373
2018-07-06,8.956766128540039,2.907883405685425
2018-07-09,8.912474632263184,2.9604458808898926
2018-07-10,8.942001342773438,2.9587504863739014
2018-07-11,8.863261222839355,2.9714667797088623
2018-07-12,8.858339309692383,2.968075752258301
2018-07-13,8.78944206237793,2.933316946029663
2018-07-16,8.828811645507812,2.9358603954315186
2018-07-17,8.858339309692383,2.9417946338653564
2018-07-18,8.833733558654785,2.926534652709961
2018-07-19,8.745149612426758,2.9248390197753906
2018-07-20,8.759913444519043,2.9104268550872803
2018-07-23,8.740229606628418,2.932469367980957
2018-07-24,8.735307693481445,2.9061880111694336
2018-07-25,8.661487579345703,2.920600175857544
2018-07-26,8.661487579345703,2.9316213130950928
2018-07-27,8.641801834106445,2.9587504863739014
2018-07-30,8.553218841552734,2.9952046871185303
2018-07-31,8.691015243530273,2.957902669906616
2018-08-01,8.641801834106445,2.9952046871185303
2018-08-02,8.572904586791992,3.0019869804382324
2018-08-03,8.661487579345703,2.992661476135254
2018-08-06,8.671330451965332,2.9799447059631348
2018-08-07,8.631959915161133,2.962141275405884
2018-08-08,8.631959915161133,2.9350123405456543
2018-08-09,8.661487579345703,2.940098762512207
2018-08-10,8.627039909362793,2.9350123405456543
2018-08-13,8.641801834106445,2.902796745300293
2018-08-14,8.661487579345703,2.890928030014038
2018-08-15,8.587668418884277,2.8824501037597656
2018-08-16,8.661487579345703,2.8824501037597656
2018-08-17,8.641801834106445,2.877363681793213
2018-08-20,8.661487579345703,2.86719012260437
2018-08-21,8.563061714172363,2.8705809116363525
2018-08-22,8.587668418884277,2.8765156269073486
2018-08-23,8.518770217895508,2.879058837890625
2018-08-24,8.553218841552734,2.8570165634155273
2018-08-27,8.474477767944336,2.85447359085083
2018-08-28,8.46955680847168,2.848538875579834
2018-08-29,8.479399681091309,2.8578643798828125
2018-08-30,8.42526626586914,2.8570165634155273
2018-08-31,8.410501480102539,2.855321168899536
2018-09-03,8.366209983825684,2.834974527359009
2018-09-04,8.3120756149292,2.823105573654175
2018-09-05,8.218570709228516,2.801910877227783
2018-09-06,8.253020286560059,2.7925853729248047
2018-09-07,8.321918487548828,2.789194107055664
2018-09-10,8.336682319641113,2.788346529006958
2018-09-11,8.420344352722168,2.776477813720703
2018-09-12,8.371131896972656,2.7680001258850098
2018-09-13,8.376052856445312,2.7493488788604736
2018-09-14,8.20380687713623,2.751044273376465
2018-09-17,8.297311782836914,2.7671520709991455
2018-09-18,8.326839447021484,2.7552831172943115
2018-09-19,8.356367111206055,2.746805191040039
2018-09-20,8.44002914428711,2.7323930263519287
2018-09-21,8.582747459411621,2.733240842819214
2018-09-24,8.567983627319336,2.7680001258850098
2018-09-25,8.597511291503906,2.763761043548584
2018-09-26,8.641801834106445,2.7595221996307373
2018-09-27,8.661487579345703,2.7866508960723877
2018-09-28,8.602432250976562,2.6942431926727295
2018-10-01,8.464635848999023,2.6450717449188232
2018-10-02,8.484321594238281,2.6705055236816406
2018-10-03,8.631959915161133,2.7137420177459717
2018-10-04,8.454793930053711,2.7001774311065674
2018-10-05,8.390815734863281,2.7001774311065674
2018-10-08,8.385895729064941,2.7018730640411377
2018-10-09,8.371131896972656,2.6705055236816406
2018-10-10,8.169358253479004,2.662027597427368
2018-10-11,7.962663173675537,2.6111607551574707
2018-10-12,8.002034187316895,2.588270664215088
2018-10-15,7.992190837860107,2.5992918014526367
2018-10-16,8.02171802520752,2.644224166870117
2018-10-17,8.00695514678955,2.662027597427368
2018-10-18,8.002034187316895,2.6603317260742188
2018-10-19,8.026639938354492,2.686612844467163
2018-10-22,7.972506523132324,2.666266441345215
2018-10-23,7.815024375915527,2.6289639472961426
2018-10-24,7.864237308502197,2.612008571624756
2018-10-25,7.874079704284668,2.6043784618377686
2018-10-26,7.854394435882568,2.5865752696990967
2018-10-29,7.746126174926758,2.6179428100585938
2018-10-30,7.706755638122559,2.636593818664551
2018-10-31,7.815024375915527,2.631507396697998
2018-11-01,7.824866771697998,2.6416807174682617
2018-11-02,7.726440906524658,2.6111607551574707
2018-11-05,7.765811443328857,2.624725341796875
2018-11-06,7.696913242340088,2.6408329010009766
2018-11-07,7.731362342834473,2.636593818664551
2018-11-08,7.672306537628174,2.6942431926727295
2018-11-09,7.736283779144287,2.636593818664551
2018-11-12,7.760890007019043,2.636593818664551
2018-11-13,7.731362342834473,2.6094651222229004
2018-11-14,7.677227973937988,2.625572919845581
2018-11-15,7.623093605041504,2.6026828289031982
2018-11-16,7.623093605041504,2.606921911239624
2018-11-19,7.534510135650635,2.6111607551574707
2018-11-20,7.3819499015808105,2.6111607551574707
2018-11-21,7.431163311004639,2.5984442234039307
2018-11-22,7.406556129455566,2.578097105026245
2018-11-23,7.416399002075195,2.5814883708953857
2018-11-26,7.5049824714660645,2.608617067337036
2018-11-27,7.490218639373779,2.6026828289031982
2018-11-28,7.490218639373779,2.5925095081329346
2018-11-29,7.534510135650635,2.6026828289031982
2018-11-30,7.57880163192749,2.6170949935913086
2018-12-03,7.682149410247803,2.637441635131836
2018-12-04,7.682149410247803,2.636593818664551
2018-12-05,7.701834201812744,2.629812002182007
2018-12-06,7.539431571960449,2.560293674468994
2018-12-07,7.54927396774292,2.6221816539764404
2018-12-10,7.509903907775879,2.5908138751983643
2018-12-11,7.534510135650635,2.636593818664551
2018-12-12,7.662463665008545,2.636593818664551
2018-12-13,7.721519470214844,2.618790626525879
2018-12-14,7.623093605041504,2.631507396697998
2018-12-17,7.519745826721191,2.566228151321411
2018-12-18,7.460690498352051,2.5017971992492676
2018-12-19,7.5443525314331055,2.534012794494629
2018-12-20,7.534510135650635,2.5263829231262207
2018-12-21,7.3573431968688965,2.551815986633301
2018-12-24,7.48037576675415,2.5297739505767822
2018-12-27,7.441005706787109,2.4755160808563232
2018-12-28,7.436083793640137,2.5255348682403564
2018-12-31,7.652621746063232,2.5848796367645264
2019-01-02,7.687070369720459,2.5433382987976074
2019-01-03,7.711677074432373,2.56453275680542
2019-01-04,7.736283779144287,2.6272685527801514
2019-01-07,7.696913242340088,2.6094651222229004
2019-01-08,7.746126174926758,2.606921911239624
2019-01-09,7.657542705535889,2.606921911239624
2019-01-10,7.736283779144287,2.595900774002075
2019-01-11,7.844552040100098,2.6153995990753174
2019-01-14,7.805181503295898,2.6094651222229004
2019-01-15,7.839630603790283,2.6026828289031982
2019-01-16,7.736283779144287,2.5975961685180664
2019-01-17,7.810102939605713,2.595052719116211
2019-01-18,7.824866771697998,2.606921911239624
2019-01-21,7.834709644317627,2.5797927379608154
2019-01-22,7.854394435882568,2.57724928855896
2019-01-23,7.760890007019043,2.5840320587158203
2019-01-24,7.760890007019043,2.588270664215088
2019-01-25,7.726440906524658,2.6238772869110107
2019-01-28,7.726440906524658,2.6179428100585938
2019-01-29,7.726440906524658,2.6586363315582275
2019-01-30,7.726440906524658,2.674743890762329
2019-01-31,7.726440906524658,2.704416275024414
2019-02-01,7.731362342834473,2.704416275024414
2019-02-04,7.726440906524658,2.71035099029541
2019-02-05,7.726440906524658,2.729001998901367
2019-02-06,7.7559685707092285,2.7383275032043457
2019-02-07,7.751047611236572,2.7205240726470947
2019-02-08,7.736283779144287,2.6823742389678955
2019-02-11,7.711677074432373,2.6772873401641846
2019-02-12,7.731362342834473,2.704416275024414
2019-02-13,7.7559685707092285,2.697633981704712
2019-02-14,7.844552040100098,2.763761043548584
2019-02-15,7.962663173675537,2.7535877227783203
2019-02-18,8.026639938354492,2.763761043548584
2019-02-19,8.01679801940918,2.7722387313842773
2019-02-20,8.026639938354492,2.7747819423675537
2019-02-21,8.002034187316895,2.7425663471221924
2019-02-22,8.08569622039795,2.756978750228882
2019-02-25,8.14475154876709,2.7128942012786865
2019-02-26,8.14475154876709,2.6891562938690186
2019-02-27,8.134908676147461,2.7061116695404053
2019-02-28,8.139830589294434,2.73408842086792
2019-03-01,8.189042091369629,2.7434141635894775
2019-03-04,8.248098373413086,2.7357842922210693
2019-03-05,8.267783164978027,2.7315452098846436
2019-03-06,8.267783164978027,2.733240842819214
2019-03-07,8.321918487548828,2.746805191040039
2019-03-08,8.385895729064941,2.7383275032043457
2019-03-11,8.489242553710938,2.7713911533355713
2019-03-12,8.420344352722168,2.752739906311035
2019-03-13,8.504006385803223,2.801063060760498
2019-03-14,8.62211799621582,2.8392131328582764
2019-03-15,8.617196083068848,2.806997776031494
2019-03-18,8.484321594238281,2.8527777194976807
2019-03-19,8.513849258422852,2.835822343826294
2019-03-20,8.464635848999023,2.825648784637451
2019-03-21,8.538455963134766,2.8994057178497314
2019-03-22,8.405580520629883,2.907883405685425
2019-03-25,8.385895729064941,2.920600175857544
2019-03-26,8.297311782836914,2.946033477783203
2019-03-27,8.267783164978027,2.9587504863739014
2019-03-28,8.307153701782227,2.970618963241577
2019-03-29,8.366209983825684,2.9714667797088623
2019-04-01,8.464635848999023,2.9892702102661133
2019-04-02,8.366209983825684,2.982487916946411
2019-04-03,8.326839447021484,3.0096170902252197
2019-04-04,8.366209983825684,2.992661476135254
2019-04-05,8.356367111206055,2.9740102291107178
2019-04-08,8.42526626586914,2.9799447059631348
2019-04-09,8.356367111206055,2.944338083267212
2019-04-10,8.592589378356934,2.9417946338653564
2019-04-11,8.65164566040039,2.897710084915161
2019-04-12,8.543376922607422,2.9536633491516113
2019-04-15,8.513849258422852,2.933316946029663
2019-04-16,8.484321594238281,2.8943188190460205
2019-04-17,8.533534049987793,2.872276782989502
2019-04-18,8.612275123596191,2.919752359390259
2019-04-23,8.563061714172363,2.9011011123657227
2019-04-24,8.563061714172363,2.883297920227051
2019-04-25,8.740229606628418,2.8570165634155273
2019-04-26,8.740229606628418,2.8697333335876465
2019-04-29,8.730385780334473,2.8493869304656982
2019-04-30,8.710701942443848,2.8646466732025146
2019-05-02,8.641801834106445,2.8392131328582764
2019-05-03,8.65164566040039,2.8214099407196045
2019-05-06,8.533534049987793,2.813779830932617
2019-05-07,8.464635848999023,2.7976720333099365
2019-05-08,8.504329681396484,2.78241229057312
2019-05-09,8.375325202941895,2.901195526123047
2019-05-10,8.474559783935547,2.9605872631073
2019-05-13,8.573793411254883,3.010842800140381
2019-05-14,8.573793411254883,3.007981777191162
2019-05-15,8.653180122375488,3.010842800140381
2019-05-16,8.544022560119629,3.0423150062561035
2019-05-17,8.534099578857422,3.105259418487549
2019-05-20,8.524176597595215,3.080463171005249
2019-05-21,8.69287395477295,3.1119353771209717
2019-05-22,8.732566833496094,3.1176576614379883
2019-05-23,8.702796936035156,3.1119353771209717
2019-05-24,8.702796936035156,3.1758334636688232
2019-05-27,8.742490768432617,3.214935541152954
2019-05-28,8.673027038574219,3.2015836238861084
2019-05-29,8.782184600830078,3.1405465602874756
2019-05-30,8.69287395477295,3.1186113357543945
2019-05-31,8.83180046081543,3.1081206798553467
2019-06-03,8.841724395751953,3.1214723587036133
2019-06-04,8.931034088134766,3.1701111793518066
2019-06-05,8.98065185546875,3.189185380935669
2019-06-06,8.98065185546875,3.2568984031677246
2019-06-07,9.050114631652832,3.313166856765747
2019-06-10,9.030268669128418,3.2864632606506348
2019-06-11,9.030268669128418,3.2883706092834473
2019-06-12,9.000497817993164,3.2893240451812744
2019-06-13,9.129501342773438,3.2902779579162598
2019-06-14,9.129501342773438,3.2826483249664307
2019-06-17,9.020344734191895,3.2521297931671143
2019-06-18,9.020344734191895,3.2998149394989014
2019-06-19,9.000497817993164,3.2502224445343018
2019-06-20,9.030268669128418,3.247361183166504
2019-06-21,9.040191650390625,3.2378242015838623
2019-06-24,8.911187171936035,3.2139816284179688
2019-06-25,8.931034088134766,3.1949074268341064
2019-06-26,8.911187171936035,3.185370445251465
2019-06-27,8.940958023071289,3.182509422302246
2019-06-28,8.950881958007812,3.1872780323028564
2019-07-01,8.881417274475098,3.1949074268341064
2019-07-02,8.821877479553223,3.2378242015838623
2019-07-03,8.960803985595703,3.2864632606506348
2019-07-04,9.129501342773438,3.251176118850708
2019-07-05,9.050114631652832,3.2244725227355957
2019-07-08,8.98065185546875,3.1949074268341064
2019-07-09,9.010421752929688,3.2197039127349854
2019-07-10,8.98065185546875,3.1949074268341064
2019-07-11,8.98065185546875,3.2139816284179688
2019-07-12,9.030268669128418,3.225426197052002
2019-07-15,9.030268669128418,3.221611261367798
2019-07-16,9.060038566589355,3.2139816284179688
2019-07-17,9.129501342773438,3.2139816284179688
2019-07-18,9.149349212646484,3.2301948070526123
2019-07-19,9.11957836151123,3.2139816284179688
2019-07-22,9.129501342773438,3.2139816284179688
2019-07-23,9.149349212646484,3.218750238418579
2019-07-24,9.22873592376709,3.2139816284179688
2019-07-25,9.179119110107422,3.2092132568359375
2019-07-26,9.179119110107422,3.2063519954681396
2019-07-29,9.278352737426758,3.2244725227355957
2019-07-30,9.139425277709961,3.159620523452759
2019-07-31,9.20888900756836,3.167250394821167
2019-08-01,9.308122634887695,3.199676036834717
2019-08-02,9.337892532348633,3.1691575050354004
2019-08-05,9.248581886291504,3.138638973236084
2019-08-06,9.218811988830566,3.1252872943878174
2019-08-07,9.447050094604492,3.178694486618042
2019-08-08,9.556206703186035,3.2063519954681396
2019-08-09,9.60582447052002,3.2120742797851562
2019-08-12,9.61574649810791,3.2168426513671875
2019-08-13,9.318046569824219,3.229240894317627
2019-08-14,9.258505821228027,3.167250394821167
2019-08-15,9.139425277709961,3.1434075832366943
2019-08-16,9.169195175170898,3.190139055252075
2019-08-19,9.417279243469238,3.2120742797851562
2019-08-20,9.506589889526367,3.190139055252075
2019-08-21,9.506589889526367,3.2063519954681396
2019-08-22,9.546283721923828,3.2120742797851562
2019-08-23,9.526436805725098,3.195861339569092
2019-08-26,9.47681999206543,3.2053983211517334
2019-08-27,9.407356262207031,3.2139816284179688
2019-08-28,9.585976600646973,3.2092132568359375
2019-08-29,9.675287246704102,3.243546485900879
2019-08-30,9.943219184875488,3.2788333892822266
2019-09-02,9.893601417541504,3.305537223815918
2019-09-03,9.814214706420898,3.2998149394989014
2019-09-04,9.923371315002441,3.367527961730957
2019-09-05,9.943219184875488,3.3827872276306152
2019-09-06,10.181379318237305,3.3808798789978027
2019-09-09,10.062298774719238,3.3150744438171387
2019-09-10,9.824137687683105,3.295046329498291
2019-09-11,10.082145690917969,3.261667013168335
2019-09-12,10.082145690917969,3.320796489715576
2019-09-13,9.923371315002441,3.2578518390655518
2019-09-16,9.85390853881836,3.2788333892822266
2019-09-17,9.843984603881836,3.3179354667663574
2019-09-18,9.76459789276123,3.3331944942474365
2019-09-19,9.784443855285645,3.3436853885650635
2019-09-20,9.843984603881836,3.337963104248047
2019-09-23,9.804291725158691,3.3475000858306885
2019-09-24,9.794367790222168,3.3827872276306152
2019-09-25,9.675287246704102,3.3579907417297363
2019-09-26,9.824137687683105,3.3866021633148193
2019-09-27,9.86383056640625,3.3846945762634277
2019-09-30,9.814214706420898,3.397092819213867
2019-10-01,9.754673957824707,3.410444736480713
2019-10-02,9.705057144165039,3.3846945762634277
2019-10-03,9.566130638122559,3.3951852321624756
2019-10-04,9.7447509765625,3.4571762084960938
2019-10-07,9.72490406036377,3.48769474029541
2019-10-08,9.585976600646973,3.4381020069122314
2019-10-09,9.437127113342285,3.4457316398620605
2019-10-10,9.665363311767578,3.42856502532959
2019-10-11,9.794367790222168,3.437148332595825
2019-10-14,9.774521827697754,3.4133057594299316
2019-10-15,9.734827995300293,3.4209353923797607
2019-10-16,9.61574649810791,3.4190280437469482
2019-10-17,9.685211181640625,3.3618059158325195
2019-10-18,9.635594367980957,3.357037305831909
2019-10-21,9.76459789276123,3.385648250579834
2019-10-22,9.883678436279297,3.3990001678466797
2019-10-23,9.824137687683105,3.436194658279419
2019-10-24,9.794367790222168,3.472435474395752
2019-10-25,9.824137687683105,3.4600372314453125
2019-10-28,9.834061622619629,3.4447779655456543
2019-10-29,9.655440330505371,3.425704002380371
2019-10-30,9.794367790222168,3.4533612728118896
2019-10-31,10.14168643951416,3.519166946411133
2019-11-01,10.002758979797363,3.527750015258789
2019-11-04,10.14168643951416,3.537287473678589
2019-11-05,10.082145690917969,3.537287473678589
2019-11-06,10.221073150634766,3.5611298084259033
2019-11-07,10.14168643951416,3.4810187816619873
2019-11-08,10.201226234436035,3.5143983364105225
2019-11-11,10.14168643951416,3.519166946411133
2019-11-12,10.1019926071167,3.515352249145508
2019-11-13,10.161532402038574,3.5439631938934326
2019-11-14,10.042451858520508,3.5258429050445557
2019-11-15,10.121838569641113,3.5391945838928223
2019-11-18,10.121838569641113,3.592602014541626
2019-11-19,10.082145690917969,3.5544538497924805
2019-11-20,10.121838569641113,3.5430092811584473
2019-11-21,9.923371315002441,3.477203845977783
2019-11-22,9.86383056640625,3.472435474395752
2019-11-25,9.963065147399902,3.4810187816619873
2019-11-26,9.963065147399902,3.4857871532440186
2019-11-27,9.913448333740234,3.5220279693603516
2019-11-28,9.843984603881836,3.5000929832458496
2019-11-29,9.873754501342773,3.5000929832458496
2019-12-02,9.824137687683105,3.4266574382781982
2019-12-03,9.85390853881836,3.3866021633148193
2019-12-04,9.982912063598633,3.4485926628112793
2019-12-05,10.002758979797363,3.468620777130127
2019-12-06,10.002758979797363,3.509629964828491
2019-12-09,9.963065147399902,3.4924631118774414
2019-12-10,10.022605895996094,3.5105836391448975
2019-12-11,10.002758979797363,3.541102170944214
2019-12-12,10.022605895996094,3.5325186252593994
2019-12-13,9.982912063598633,3.5763890743255615
2019-12-16,10.1019926071167,3.6231205463409424
2019-12-17,10.121838569641113,3.6374261379241943
2019-12-18,10.002758979797363,3.600231885910034
2019-12-19,9.963065147399902,3.658407688140869
2019-12-20,10.002758979797363,3.6479170322418213
2019-12-23,10.14168643951416,3.6631762981414795
2019-12-24,10.161532402038574,3.6450557708740234
2019-12-27,10.419540405273438,3.7213521003723145
2019-12-30,10.359999656677246,3.6774816513061523
2019-12-31,10.419540405273438,3.6851115226745605
2020-01-02,10.300459861755371,3.6679446697235107
2020-01-03,10.181379318237305,3.6784355640411377
2020-01-06,10.181379318237305,3.653639078140259
2020-01-07,10.121838569641113,3.625028133392334
2020-01-08,10.121838569641113,3.6460094451904297
2020-01-09,10.082145690917969,3.636472463607788
2020-01-10,10.221073150634766,3.690833330154419
2020-01-13,10.340153694152832,3.7127685546875
2020-01-14,10.518774032592773,3.755685329437256
2020-01-15,10.61800765991211,3.8520095348358154
2020-01-16,10.697394371032715,3.8882503509521484
2020-01-17,10.737088203430176,3.926398515701294
2020-01-20,10.697394371032715,3.9502410888671875
2020-01-21,10.796628952026367,3.941657543182373
2020-01-22,10.876015663146973,3.959778070449829
2020-01-23,11.17371654510498,4.017000198364258
2020-01-24,11.312643051147461,4.103787422180176
2020-01-27,11.253103256225586,4.0484724044799805
2020-01-28,11.392029762268066,4.114278316497803
2020-01-29,11.669885635375977,4.161962985992432
2020-01-30,11.788965225219727,4.224907398223877
2020-01-31,11.908045768737793,4.314556121826172
2020-02-03,11.92789363861084,4.302157878875732
2020-02-04,11.888198852539062,4.268777847290039
2020-02-05,11.888198852539062,4.297389030456543
2020-02-06,11.888198852539062,4.312648296356201
2020-02-07,12.205747604370117,4.373685359954834
2020-02-10,12.225593566894531,4.430907726287842
2020-02-11,12.285134315490723,4.485269069671631
2020-02-12,12.02712631225586,4.4299540519714355
2020-02-13,12.265287399291992,4.439491271972656
2020-02-14,12.384366989135742,4.494805812835693
2020-02-17,12.721762657165527,4.5968523025512695
2020-02-18,12.840842247009277,4.565405368804932
2020-02-19,12.900382995605469,4.591503620147705
2020-02-20,12.840842247009277,4.543034553527832
2020-02-21,12.979769706726074,4.5467634201049805
2020-02-24,12.701915740966797,4.385510444641113
2020-02-25,12.384366989135742,4.224257946014404
2020-02-26,12.503448486328125,4.255949974060059
2020-02-27,12.364521026611328,4.103085517883301
2020-02-28,12.106513023376465,3.9334444999694824
2020-03-02,12.205747604370117,4.023857593536377
2020-03-03,12.602682113647461,4.167400360107422
2020-03-04,13.019463539123535,4.380850791931152
2020-03-05,13.059157371520996,4.271795749664307
2020-03-06,12.622529029846191,4.075122833251953
2020-03-09,11.709578514099121,3.780580759048462
2020-03-10,11.392029762268066,3.706012725830078
2020-03-11,11.292797088623047,3.7591426372528076
2020-03-12,9.982912063598633,3.239032506942749
2020-03-13,10.300459861755371,3.3098719120025635
2020-03-16,9.794367790222168,3.1635324954986572
2020-03-17,10.082145690917969,3.3741867542266846
2020-03-18,9.218811988830566,3.0824410915374756
2020-03-19,9.000497817993164,2.856873035430908
2020-03-20,9.258505821228027,2.9687254428863525
2020-03-23,8.821877479553223,2.9230525493621826
2020-03-24,9.486743927001953,3.2138662338256836
2020-03-25,9.675287246704102,3.364866256713867
2020-03-26,10.121838569641113,3.3378353118896484
2020-03-27,10.002758979797363,3.2791130542755127
2020-03-30,10.340153694152832,3.303347587585449
2020-03-31,10.895861625671387,3.4096062183380127
2020-04-01,10.419540405273438,3.3275821208953857
2020-04-02,10.24091911315918,3.318260669708252
2020-04-03,10.340153694152832,3.314532518386841
2020-04-06,10.379846572875977,3.3061437606811523
2020-04-07,10.300459861755371,3.3611371517181396
2020-04-08,10.359999656677246,3.3546128273010254
2020-04-09,10.657700538635254,3.507476329803467
2020-04-14,10.340153694152832,3.4627363681793213
2020-04-15,10.419540405273438,3.4394333362579346
2020-04-16,10.657700538635254,3.513068914413452
2020-04-17,10.697394371032715,3.5205259323120117
2020-04-20,10.518774032592773,3.46366810798645
2020-04-21,10.359999656677246,3.448754072189331
2020-04-22,10.539999961853027,3.539168119430542
2020-04-23,10.579999923706055,3.5317108631134033
2020-04-24,10.600000381469727,3.513068914413452
2020-04-27,10.819999694824219,3.541964054107666
2020-04-28,11.020000457763672,3.559673547744751
2020-04-29,11.140000343322754,3.562469720840454
2020-04-30,11.199999809265137,3.588568687438965
2020-05-04,11.079999923706055,3.5326426029205322
2020-05-05,11.180000305175781,3.6146678924560547
2020-05-06,11.0,3.6351735591888428
2020-05-07,11.100000381469727,3.6258530616760254
2020-05-08,11.100000381469727,3.8439629077911377
2020-05-11,11.300000190734863,3.8253209590911865
2020-05-12,11.4399995803833,3.806751012802124
2020-05-13,11.5600004196167,3.873210906982422
2020-05-14,11.199999809265137,3.785249948501587
2020-05-15,11.220000267028809,3.805773973464966
2020-05-18,11.399999618530273,3.9601941108703613
2020-05-19,11.220000267028809,3.982672929763794
2020-05-20,11.239999771118164,4.054996967315674
2020-05-21,11.420000076293945,4.098977088928223
2020-05-22,11.460000038146973,4.124388217926025
2020-05-25,11.720000267028809,4.187914848327637
2020-05-26,11.720000267028809,4.1429572105407715
2020-05-27,11.239999771118164,4.049131870269775
2020-05-28,11.720000267028809,4.092135906219482
2020-05-29,11.920000076293945,4.127319812774658
2020-06-01,12.140000343322754,4.104841232299805
2020-06-02,12.380000114440918,4.1898698806762695
2020-06-03,12.460000038146973,4.271966934204102
2020-06-04,12.5600004196167,4.286626815795898
2020-06-05,12.300000190734863,4.152730941772461
2020-06-08,12.180000305175781,4.074542999267578
2020-06-09,12.0600004196167,4.102886199951172
2020-06-10,12.020000457763672,4.099954128265381
2020-06-11,11.880000114440918,4.0315399169921875
2020-06-12,11.65999984741211,4.0139479637146
2020-06-15,11.479999542236328,3.977786064147949
2020-06-16,11.640000343322754,3.9924468994140625
2020-06-17,11.699999809265137,4.093112945556641
2020-06-18,11.699999809265137,4.060861110687256
2020-06-19,11.739999771118164,4.148821830749512
2020-06-22,11.699999809265137,4.088225841522217
2020-06-23,12.0,4.101909160614014
2020-06-24,11.640000343322754,4.027630805969238
2020-06-25,11.739999771118164,4.08040714263916
2020-06-26,12.0,4.085293769836426
2020-06-29,12.15999984741211,4.150775909423828
2020-06-30,12.300000190734863,4.153707981109619
2020-07-01,12.4399995803833,4.197689056396484
2020-07-02,12.720000267028809,4.3843607902526855
2020-07-03,12.819999694824219,4.351131916046143
2020-07-06,12.539999961853027,4.246555805206299
2020-07-07,13.15999984741211,4.422478199005127
2020-07-08,13.399999618530273,4.451797962188721
2020-07-09,13.4399995803833,4.3833842277526855
2020-07-10,13.739999771118164,4.433228015899658
2020-07-13,13.699999809265137,4.323766231536865
2020-07-14,13.600000381469727,4.253396987915039
2020-07-15,13.359999656677246,4.270988941192627
2020-07-16,13.800000190734863,4.369700908660889
2020-07-17,13.800000190734863,4.461571216583252
2020-07-20,14.239999771118164,4.536827087402344
2020-07-21,14.180000305175781,4.548999786376953
2020-07-22,14.220000267028809,4.547999858856201
2020-07-23,14.539999961853027,4.546000003814697
2020-07-24,14.039999961853027,4.448999881744385
2020-07-27,14.020000457763672,4.419000148773193
2020-07-28,13.979999542236328,4.40500020980835
2020-07-29,14.0,4.310999870300293
2020-07-30,13.859999656677246,4.294000148773193
2020-07-31,13.880000114440918,4.284999847412109
2020-08-03,13.9399995803833,4.354000091552734
2020-08-04,13.84000015258789,4.369999885559082
2020-08-05,13.880000114440918,4.395999908447266
2020-08-06,13.899999618530273,4.409999847412109
2020-08-07,14.0,4.377999782562256
2020-08-10,14.0,4.3470001220703125
2020-08-11,13.9399995803833,4.340000152587891
2020-08-12,14.020000457763672,4.416999816894531
2020-08-13,13.920000076293945,4.394999980926514
2020-08-14,13.65999984741211,4.35099983215332
2020-08-17,13.819999694824219,4.36299991607666
2020-08-18,13.800000190734863,4.326000213623047
2020-08-19,13.859999656677246,4.300000190734863
2020-08-20,13.960000038146973,4.269999980926514
2020-08-21,13.979999542236328,4.2829999923706055
2020-08-24,14.260000228881836,4.425000190734863
2020-08-25,14.239999771118164,4.3420000076293945
2020-08-26,14.4399995803833,4.348999977111816
2020-08-27,14.260000228881836,4.2769999504089355
2020-08-28,14.359999656677246,4.261000156402588
2020-08-31,14.319999694824219,4.242000102996826
2020-09-01,14.260000228881836,4.296999931335449
2020-09-02,14.420000076293945,4.359000205993652
2020-09-03,14.319999694824219,4.374000072479248
2020-09-04,13.720000267028809,4.136000156402588
2020-09-07,14.0600004196167,4.26200008392334
2020-09-08,13.539999961853027,4.172999858856201
2020-09-09,13.979999542236328,4.313000202178955
2020-09-10,14.0,4.291999816894531
2020-09-11,14.100000381469727,4.28000020980835
2020-09-14,14.0600004196167,4.223999977111816
2020-09-15,14.199999809265137,4.238999843597412
2020-09-16,14.100000381469727,4.254000186920166
2020-09-17,13.899999618530273,4.21999979019165
2020-09-18,14.34000015258789,4.2179999351501465
2020-09-21,14.0600004196167,4.173999786376953
2020-09-22,13.920000076293945,4.114999771118164
2020-09-23,13.819999694824219,4.171000003814697
2020-09-24,13.859999656677246,4.159999847412109
2020-09-25,13.619999885559082,4.159999847412109
2020-09-28,13.819999694824219,4.170000076293945
2020-09-29,13.859999656677246,4.140999794006348
2020-09-30,14.140000343322754,4.195000171661377
2020-10-01,14.65999984741211,4.276000022888184
2020-10-02,14.619999885559082,4.275000095367432
2020-10-05,14.720000267028809,4.242000102996826
2020-10-06,14.920000076293945,4.211999893188477
2020-10-07,15.15999984741211,4.320000171661377
2020-10-08,15.520000457763672,4.389999866485596
2020-10-09,15.140000343322754,4.372000217437744
2020-10-12,16.280000686645508,4.501999855041504
2020-10-13,16.84000015258789,4.645999908447266
2020-10-14,17.299999237060547,4.708000183105469
2020-10-15,16.81999969482422,4.478000164031982
2020-10-16,17.0,4.551000118255615
2020-10-19,16.639999389648438,4.495999813079834
2020-10-20,16.700000762939453,4.458000183105469
2020-10-21,16.600000381469727,4.414000034332275
2020-10-22,16.100000381469727,4.39300012588501
2020-10-23,16.15999984741211,4.379000186920166
2020-10-26,15.979999542236328,4.320000171661377
2020-10-27,15.739999771118164,4.315000057220459
2020-10-28,15.460000038146973,4.166999816894531
2020-10-29,15.920000076293945,4.13700008392334
2020-10-30,16.31999969482422,4.23199987411499
2020-11-02,16.219999313354492,4.264999866485596
2020-11-03,16.780000686645508,4.314000129699707
2020-11-04,16.600000381469727,4.374000072479248
2020-11-05,17.260000228881836,4.445000171661377
2020-11-06,16.81999969482422,4.374000072479248
2020-11-09,16.600000381469727,4.421999931335449
2020-11-10,16.34000015258789,4.35699987411499
2020-11-11,17.459999084472656,4.581999778747559
2020-11-12,17.81999969482422,4.548999786376953
2020-11-13,17.3799991607666,4.546000003814697
2020-11-16,17.18000030517578,4.506999969482422
2020-11-17,17.020000457763672,4.449999809265137
2020-11-18,17.079999923706055,4.453999996185303
2020-11-19,17.260000228881836,4.448999881744385
2020-11-20,17.600000381469727,4.519000053405762
2020-11-23,17.579999923706055,4.48199987411499
2020-11-24,17.079999923706055,4.433000087738037
2020-11-25,17.5,4.50600004196167
2020-11-26,17.299999237060547,4.53000020980835
2020-11-27,17.459999084472656,4.599999904632568
2020-11-30,17.760000228881836,4.4679999351501465
2020-12-01,17.3799991607666,4.4120001792907715
2020-12-02,17.68000030517578,4.538000106811523
2020-12-03,17.940000534057617,4.574999809265137
2020-12-04,17.920000076293945,4.605000019073486
2020-12-07,18.1200008392334,4.619999885559082
2020-12-08,18.68000030517578,4.663000106811523
2020-12-09,18.5,4.686999797821045
2020-12-10,18.540000915527344,4.764999866485596
2020-12-11,18.5,4.760000228881836
2020-12-14,18.940000534057617,4.800000190734863
2020-12-15,19.440000534057617,4.747000217437744
2020-12-16,19.780000686645508,4.84499979019165
2020-12-17,20.350000381469727,4.895999908447266
2020-12-18,20.149999618530273,4.888999938964844
2020-12-21,20.149999618530273,4.8460001945495605
2020-12-22,21.0,4.974999904632568
2020-12-23,22.149999618530273,5.107999801635742
2020-12-24,22.299999237060547,5.179999828338623
2020-12-28,23.0,5.242000102996826
2020-12-29,23.0,5.25600004196167
2020-12-30,23.0,5.199999809265137
2020-12-31,22.799999237060547,5.156000137329102
2021-01-04,24.049999237060547,5.372000217437744
2021-01-05,23.350000381469727,5.303999900817871
2021-01-06,24.049999237060547,5.501999855041504
2021-01-07,25.799999237060547,5.565999984741211
2021-01-08,25.600000381469727,5.627999782562256
2021-01-11,24.25,5.547999858856201
2021-01-12,23.399999618530273,5.380000114440918
2021-01-13,23.5,5.369999885559082
2021-01-14,23.5,5.394000053405762
2021-01-15,23.049999237060547,5.3460001945495605
2021-01-18,23.149999618530273,5.363999843597412
2021-01-19,23.5,5.320000171661377
2021-01-20,23.75,5.300000190734863
2021-01-21,24.549999237060547,5.322000026702881
2021-01-22,24.899999618530273,5.308000087738037
2021-01-25,24.5,5.314000129699707
2021-01-26,23.350000381469727,5.216000080108643
2021-01-27,22.149999618530273,5.0960001945495605
2021-01-28,22.899999618530273,5.197999954223633
2021-01-29,22.549999237060547,5.171999931335449
2021-02-01,22.649999618530273,5.223999977111816
2021-02-02,22.700000762939453,5.199999809265137
2021-02-03,23.299999237060547,5.210000038146973
2021-02-04,22.799999237060547,5.085999965667725
2021-02-05,23.25,5.118000030517578
2021-02-08,22.950000762939453,5.073999881744385
2021-02-09,22.149999618530273,4.921999931335449
2021-02-10,22.149999618530273,4.934000015258789
2021-02-11,22.049999237060547,5.007999897003174
2021-02-12,20.399999618530273,4.940999984741211
2021-02-15,20.399999618530273,4.941999912261963
2021-02-16,20.350000381469727,4.956999778747559
2021-02-17,19.920000076293945,4.953000068664551
2021-02-18,19.059999465942383,4.796000003814697
2021-02-19,19.84000015258789,4.76200008392334
2021-02-22,19.219999313354492,4.693999767303467
2021-02-23,18.799999237060547,4.7129998207092285
2021-02-24,18.440000534057617,4.7179999351501465
2021-02-25,18.479999542236328,4.821000099182129
2021-02-26,18.100000381469727,4.745999813079834
2021-03-01,18.65999984741211,4.820000171661377
2021-03-02,18.739999771118164,4.770999908447266
2021-03-03,16.8799991607666,4.550000190734863
2021-03-04,16.34000015258789,4.508999824523926
2021-03-05,16.459999084472656,4.482999801635742
