Date,ALTR.LS,NVG.LS
2014-12-31,1.6013518571853638,1.8674603700637817
2015-01-02,1.6406766176223755,1.8766595125198364
2015-01-05,1.610377311706543,1.8570345640182495
2015-01-06,1.6503466367721558,1.8282099962234497
2015-01-07,1.6858032941818237,1.8067446947097778
2015-01-08,1.7335084676742554,1.9287890195846558
2015-01-09,1.736087441444397,1.8981245756149292
2015-01-12,1.7502700090408325,1.9067106246948242
2015-01-13,1.7953968048095703,1.9398283958435059
2015-01-14,1.8082902431488037,1.9631332159042358
2015-01-15,1.8179600238800049,1.9993171691894531
2015-01-16,1.8121579885482788,2.0005438327789307
2015-01-19,1.8566402196884155,1.993184208869934
2015-01-20,1.870822548866272,2.0054497718811035
2015-01-21,1.8598634004592896,2.038567304611206
2015-01-22,1.9017667770385742,2.083950996398926
2015-01-23,1.914015531539917,2.1225876808166504
2015-01-26,1.9804158210754395,2.148958921432495
2015-01-27,1.9468932151794434,2.114614963531494
2015-01-28,1.9398021697998047,2.1495723724365234
2015-01-29,1.9746140241622925,2.2231669425964355
2015-01-30,1.9791268110275269,2.2029285430908203
2015-02-02,2.0203850269317627,2.167357921600342
2015-02-03,1.994598627090454,2.2059948444366455
2015-02-04,2.030055046081543,2.2360458374023438
2015-02-05,2.018451452255249,2.253217935562134
2015-02-06,2.0326337814331055,2.2611911296844482
2015-02-09,1.9771925210952759,2.2446320056915283
2015-02-10,1.9378681182861328,2.255671262741089
2015-02-11,1.9913753271102905,2.275296449661255
2015-02-12,1.9913753271102905,2.2918550968170166
2015-02-13,1.9920196533203125,2.280816078186035
2015-02-16,1.947537899017334,2.2568979263305664
2015-02-17,1.9385124444961548,2.251378059387207
2015-02-18,1.9597865343093872,2.2593512535095215
2015-02-19,1.9514057636260986,2.2599642276763916
2015-02-20,1.9339998960494995,2.2691638469696045
2015-02-23,1.9494719505310059,2.290628671646118
2015-02-24,1.960431456565857,2.3353986740112305
2015-02-25,1.9211068153381348,2.3918209075927734
2015-02-26,1.9597865343093872,2.385688304901123
2015-02-27,2.002979278564453,2.419419050216675
2015-03-02,2.0145833492279053,2.419419050216675
2015-03-03,2.0397253036499023,2.3967273235321045
2015-03-04,2.0120046138763428,2.3795552253723145
2015-03-05,2.0764710903167725,2.414512872695923
2015-03-06,2.071958541870117,2.4359779357910156
2015-03-09,2.079049825668335,2.4408841133117676
2015-03-10,2.0887198448181152,2.439044237136841
2015-03-11,2.2286128997802734,2.524904489517212
2015-03-12,2.226033926010132,2.545142650604248
2015-03-13,2.229257345199585,2.561701774597168
2015-03-16,2.244084358215332,2.556795358657837
2015-03-17,2.1712372303009033,2.5390100479125977
2015-03-18,2.306617498397827,2.5255179405212402
2015-03-19,2.46649432182312,2.527970790863037
2015-03-20,2.4361953735351562,2.578873872756958
2015-03-23,2.4780986309051514,2.581939697265625
2015-03-24,2.556748151779175,2.5880725383758545
2015-03-25,2.4710071086883545,2.5751938819885254
2015-03-26,2.527737855911255,2.53717041015625
2015-03-27,2.576732635498047,2.569674491882324
2015-03-30,2.578666925430298,2.5482091903686523
2015-03-31,2.5586822032928467,2.556795358657837
2015-04-01,2.559971332550049,2.5850069522857666
2015-04-02,2.6399097442626953,2.5880725383758545
2015-04-07,2.6450672149658203,2.7180898189544678
2015-04-08,2.713402032852173,2.7880046367645264
2015-04-09,2.7211382389068604,2.8714118003845215
2015-04-10,2.7591731548309326,2.8542397022247314
2015-04-13,2.7630412578582764,2.8609862327575684
2015-04-14,2.772066831588745,2.860372304916382
2015-04-15,2.766909122467041,2.903916358947754
2015-04-16,2.6766560077667236,2.8622124195098877
2015-04-17,2.615412473678589,2.833388090133667
2015-04-20,2.5657734870910645,2.816216230392456
2015-04-21,2.6212148666381836,2.8376808166503906
2015-04-22,2.537407875061035,2.8027238845825195
2015-04-23,2.5399866104125977,2.765312910079956
2015-04-24,2.6063873767852783,2.8027238845825195
2015-04-27,2.6399097442626953,2.8272557258605957
2015-04-28,2.6025195121765137,2.784325122833252
2015-04-29,2.489058017730713,2.7045974731445312
2015-04-30,2.463271379470825,2.6806795597076416
2015-05-04,2.483900308609009,2.7591805458068848
2015-05-05,2.460047960281372,2.6831324100494385
2015-05-06,2.475519895553589,2.676999568939209
2015-05-07,2.507122278213501,2.6800663471221924
2015-05-08,2.584152936935425,2.6135005950927734
2015-05-11,2.555842638015747,2.594758987426758
2015-05-12,2.5025136470794678,2.549520254135132
2015-05-13,2.4992218017578125,2.5514588356018066
2015-05-14,2.515681266784668,2.555982828140259
2015-05-15,2.5209484100341797,2.5508129596710205
2015-05-18,2.5663769245147705,2.563091993331909
2015-05-19,2.7039785385131836,2.6173787117004395
2015-05-20,2.7151713371276855,2.6412901878356934
2015-05-21,2.7408485412597656,2.6193175315856934
2015-05-22,2.73163104057312,2.629657030105591
2015-05-25,2.6868607997894287,2.5773098468780518
2015-05-26,2.681593656539917,2.459043264389038
2015-05-27,2.7020037174224854,2.5094518661499023
2015-05-28,2.6875193119049072,2.5094518661499023
2015-05-29,2.5018551349639893,2.4403014183044434
2015-06-01,2.4360170364379883,2.4293148517608643
2015-06-02,2.4880292415618896,2.4299612045288086
2015-06-03,2.5334579944610596,2.4661521911621094
2015-06-04,2.507122278213501,2.3827836513519287
2015-06-05,2.4577434062957764,2.3433613777160645
2015-06-08,2.291172742843628,2.2767958641052246
2015-06-09,2.285905361175537,2.272918462753296
2015-06-10,2.3504273891448975,2.303292989730835
2015-06-11,2.397172451019287,2.344654083251953
2015-06-12,2.3359429836273193,2.2916600704193115
2015-06-15,2.218750476837158,2.210231065750122
2015-06-16,2.3306756019592285,2.232203960418701
2015-06-17,2.264178991317749,2.1985976696014404
2015-06-18,2.2523279190063477,2.1876113414764404
2015-06-19,2.238502025604248,2.242543935775757
2015-06-22,2.2707629203796387,2.267101764678955
2015-06-23,2.370178699493408,2.362103223800659
2015-06-24,2.2635202407836914,2.3213884830474854
2015-06-25,2.297098159790039,2.309755325317383
2015-06-26,2.3181662559509277,2.327205181121826
2015-06-29,2.1259188652038574,2.2418978214263916
2015-06-30,2.15093731880188,2.229618549346924
2015-07-01,2.2490360736846924,2.2955374717712402
2015-07-02,2.266812562942505,2.2677481174468994
2015-07-03,2.2878806591033936,2.249006748199463
2015-07-06,2.141061544418335,2.1656382083892822
2015-07-07,2.1002416610717773,2.132678508758545
2015-07-08,2.175297260284424,2.1552979946136475
2015-07-09,2.308290719985962,2.2554690837860107
2015-07-10,2.4123148918151855,2.28584361076355
2015-07-13,2.4524765014648438,2.3394834995269775
2015-07-14,2.418240785598755,2.3653345108032227
2015-07-15,2.478811740875244,2.3873071670532227
2015-07-16,2.6289234161376953,2.467444658279419
2015-07-17,2.597320556640625,2.4409475326538086
2015-07-20,2.6506497859954834,2.4616281986236572
2015-07-21,2.571643829345703,2.43707013130188
2015-07-22,2.5538675785064697,2.3931238651275635
2015-07-23,2.5321407318115234,2.3937699794769287
2015-07-24,2.4748616218566895,2.3672733306884766
2015-07-27,2.4616940021514893,2.329789876937866
2015-07-28,2.4807870388031006,2.3349597454071045
2015-07-29,2.4821035861968994,2.33172869682312
2015-07-30,2.518314838409424,2.3110480308532715
2015-07-31,2.548600435256958,2.245774984359741
2015-08-03,2.5808610916137695,2.3039393424987793
2015-08-04,2.531482458114624,2.3136332035064697
2015-08-05,2.5848116874694824,2.3653345108032227
2015-08-06,2.5578181743621826,2.3827836513519287
2015-08-07,2.5110723972320557,2.387953758239746
2015-08-10,2.5347745418548584,2.424791097640991
2015-08-11,2.4577434062957764,2.3543477058410645
2015-08-12,2.3524022102355957,2.2606394290924072
2015-08-13,2.4695944786071777,2.314279556274414
2015-08-14,2.481445550918579,2.303292989730835
2015-08-17,2.455768585205078,2.2916600704193115
2015-08-18,2.4505014419555664,2.283905029296875
2015-08-19,2.384004831314087,2.234788417816162
2015-08-20,2.3096072673797607,2.21669340133667
2015-08-21,2.2780048847198486,2.1268622875213623
2015-08-24,2.1061670780181885,1.9775747060775757
2015-08-25,2.178589105606079,2.0712831020355225
2015-08-26,2.1720056533813477,2.0738682746887207
2015-08-27,2.2391602993011475,2.1055355072021484
2015-08-28,2.2246761322021484,2.079038619995117
2015-08-31,2.1858315467834473,2.0693445205688477
2015-09-01,2.139744758605957,2.0279834270477295
2015-09-02,2.100900411605835,1.9956703186035156
2015-09-03,2.15093731880188,2.031214714050293
2015-09-04,2.091024398803711,2.0034255981445312
2015-09-07,2.0903658866882324,2.0273375511169434
2015-09-08,2.166738271713257,2.0447866916656494
2015-09-09,2.3366012573242188,2.0447866916656494
2015-09-10,2.357011079788208,2.0299224853515625
2015-09-11,2.342526435852051,2.0189359188079834
2015-09-14,2.279980182647705,1.9905000925064087
2015-09-15,2.3122410774230957,1.9859760999679565
2015-09-16,2.3688619136810303,1.9937316179275513
2015-09-17,2.4116568565368652,1.9840370416641235
2015-09-18,2.4320666790008545,1.9678808450698853
2015-09-21,2.4807870388031006,2.0383236408233643
2015-09-22,2.3807127475738525,1.9930853843688965
2015-09-23,2.4149489402770996,2.04607892036438
2015-09-24,2.387296676635742,2.0253984928131104
2015-09-25,2.409682035446167,2.0454325675964355
2015-09-28,2.3102657794952393,2.0189359188079834
2015-09-29,2.277346611022949,1.9840370416641235
2015-09-30,2.3721535205841064,2.0034255981445312
2015-10-01,2.4518179893493652,1.9956703186035156
2015-10-02,2.501197099685669,2.020228147506714
2015-10-05,2.564401626586914,2.082916021347046
2015-10-06,2.585469961166382,2.1708085536956787
2015-10-07,2.5459671020507812,2.1546518802642822
2015-10-08,2.587445020675659,2.15012788772583
2015-10-09,2.5953454971313477,2.1901965141296387
2015-10-12,2.561768054962158,2.119107246398926
2015-10-13,2.5347745418548584,2.098426580429077
2015-10-14,2.525557279586792,2.193427562713623
2015-10-15,2.648674726486206,2.3265585899353027
2015-10-16,2.6210224628448486,2.2742109298706055
2015-10-19,2.69278621673584,2.2845511436462402
2015-10-20,2.704637050628662,2.2845511436462402
2015-10-21,2.7507238388061523,2.283905029296875
2015-10-22,2.788910388946533,2.3304359912872314
2015-10-23,2.7869348526000977,2.357578992843628
2015-10-26,2.8507981300354004,2.3782598972320557
2015-10-27,2.7592830657958984,2.299415349960327
2015-10-28,2.782984972000122,2.3498239517211914
2015-10-29,2.8297300338745117,2.3730897903442383
2015-10-30,2.831705093383789,2.394416332244873
2015-11-02,2.9640398025512695,2.4687368869781494
2015-11-03,3.094399929046631,2.492002487182617
2015-11-04,3.1793313026428223,2.510744333267212
2015-11-05,3.14180326461792,2.4861865043640137
2015-11-06,3.208958625793457,2.4622745513916016
2015-11-09,3.26557993888855,2.40087890625
2015-11-10,3.303107261657715,2.4409475326538086
2015-11-11,3.345243453979492,2.432546377182007
2015-11-12,3.3301010131835938,2.3905389308929443
2015-11-13,3.273480176925659,2.3911852836608887
2015-11-16,3.291914939880371,2.4390087127685547
2015-11-17,3.357753038406372,2.457104206085205
2015-11-18,3.438075542449951,2.4499950408935547
2015-11-19,3.4499261379241943,2.471968173980713
2015-11-20,3.36631178855896,2.4751996994018555
2015-11-23,3.3623619079589844,2.4583966732025146
2015-11-24,3.3294429779052734,2.479077100753784
2015-11-25,3.377504825592041,2.471968173980713
2015-11-26,3.3972561359405518,2.489417552947998
2015-11-27,3.3807969093322754,2.493295192718506
2015-11-30,3.426224946975708,2.4428863525390625
2015-12-01,3.3913307189941406,2.5055744647979736
2015-12-02,3.438734531402588,2.5340099334716797
2015-12-03,3.340635061264038,2.4751996994018555
2015-12-04,3.313641309738159,2.4713218212127686
2015-12-07,3.2971818447113037,2.4732608795166016
2015-12-08,3.2438528537750244,2.4170360565185547
2015-12-09,3.2537283897399902,2.374382257461548
2015-12-10,3.1865735054016113,2.3692119121551514
2015-12-11,3.1199264526367188,2.3104019165039062
2015-12-14,3.0518906116485596,2.2832586765289307
2015-12-15,3.2698826789855957,2.3562865257263184
2015-12-16,3.3150084018707275,2.3562865257263184
2015-12-17,3.353191614151001,2.3795523643493652
2015-12-18,3.401094436645508,2.414720296859741
2015-12-21,3.2809906005859375,2.33366322517395
2015-12-22,3.271965503692627,2.381382703781128
2015-12-23,3.2920987606048584,2.4197866916656494
2015-12-24,3.285155773162842,2.4272637367248535
2015-12-28,3.240029811859131,2.3987154960632324
2015-12-29,3.2789077758789062,2.4313416481018066
2015-12-30,3.340001106262207,2.4619288444519043
2015-12-31,3.340001106262207,2.4619288444519043
2016-01-04,3.242807388305664,2.440178394317627
2016-01-05,3.2435014247894287,2.399394989013672
2016-01-06,3.212954521179199,2.4089112281799316
2016-01-07,3.200458288192749,2.373565912246704
2016-01-08,3.1594982147216797,2.349776029586792
2016-01-11,3.1074299812316895,2.2947192192077637
2016-01-12,3.277519702911377,2.3817224502563477
2016-01-13,3.271965503692627,2.363370418548584
2016-01-14,3.1865737438201904,2.2620930671691895
2016-01-15,2.916513204574585,2.1621744632720947
2016-01-18,2.8304271697998047,2.035747528076172
2016-01-19,2.8436176776885986,2.104398727416992
2016-01-20,2.5832767486572266,1.9711744785308838
2016-01-21,2.568697690963745,2.029630184173584
2016-01-22,2.6013271808624268,2.081968069076538
2016-01-25,2.586747884750366,2.086725950241089
2016-01-26,2.5888309478759766,2.0935232639312744
2016-01-27,2.6172945499420166,2.101679801940918
2016-01-28,2.55342435836792,2.060896873474121
2016-01-29,2.606186866760254,2.10032057762146
2016-02-01,2.6311795711517334,2.127509355545044
2016-02-02,2.540928363800049,2.059537649154663
2016-02-03,2.547870397567749,2.0486621856689453
2016-02-04,2.5284314155578613,2.03710675239563
2016-02-05,2.4229066371917725,2.0044803619384766
2016-02-08,2.250734567642212,1.9032031297683716
2016-02-09,2.1729795932769775,1.8263951539993286
2016-02-10,2.206303119659424,1.8984447717666626
2016-02-11,2.098001480102539,1.833871841430664
2016-02-12,2.1646485328674316,1.8705766201019287
2016-02-15,2.235461473464966,1.9548612833023071
2016-02-16,2.218799352645874,1.9467045068740845
2016-02-17,2.3937485218048096,1.9915661811828613
2016-02-18,2.363896131515503,2.005840301513672
2016-02-19,2.421518087387085,2.014676332473755
2016-02-22,2.4305434226989746,2.038466453552246
2016-02-23,2.3722269535064697,1.978651523590088
2016-02-24,2.4472053050994873,2.0241923332214355
2016-02-25,2.4624786376953125,2.0364274978637695
2016-02-26,2.4465110301971436,2.0574984550476074
2016-02-29,2.413881540298462,2.1057586669921875
2016-03-01,2.461090087890625,2.121391773223877
2016-03-02,2.484694480895996,2.1050784587860107
2016-03-03,2.4992735385894775,2.089445114135742
2016-03-04,2.5284314155578613,2.1139144897460938
2016-03-07,2.557589530944824,2.1132349967956543
2016-03-08,2.529820203781128,2.101679801940918
2016-03-09,2.5367627143859863,2.1071174144744873
2016-03-10,2.5048272609710693,2.0976014137268066
2016-03-11,2.582582712173462,2.147900342941284
2016-03-14,2.672139883041382,2.2226691246032715
2016-03-15,2.658949136734009,2.1954805850982666
2016-03-16,2.698521137237549,2.2179112434387207
2016-03-17,2.7124059200286865,2.2043166160583496
2016-03-18,2.690190076828003,2.2151923179626465
2016-03-21,2.671445846557617,2.2253878116607666
2016-03-22,2.706157922744751,2.2090749740600586
2016-03-23,2.7360103130340576,2.2226691246032715
2016-03-24,2.7380928993225098,2.2648112773895264
2016-03-29,2.7040748596191406,2.2335445880889893
2016-03-30,2.7304561138153076,2.2376229763031006
2016-03-31,2.6624205112457275,2.1750893592834473
2016-04-01,2.595078706741333,2.14518141746521
2016-04-04,2.592996120452881,2.1186728477478027
2016-04-05,2.5617551803588867,2.086725950241089
2016-04-06,2.5499532222747803,2.0935232639312744
2016-04-07,2.535374164581299,2.058178186416626
2016-04-08,2.5832767486572266,2.0840072631835938
2016-04-11,2.592996120452881,2.096921920776367
2016-04-12,2.616600513458252,2.103039264678955
2016-04-13,2.755449056625366,2.21315336227417
2016-04-14,2.619377613067627,2.1954805850982666
2016-04-15,2.6339564323425293,2.183245897293091
2016-04-18,2.527043104171753,2.1614949703216553
2016-04-19,2.345845937728882,2.148580312728882
2016-04-20,2.369450092315674,2.167612314224243
2016-04-21,2.329878330230713,2.141782760620117
2016-04-22,2.3048856258392334,2.1343061923980713
2016-04-25,2.336820602416992,2.1010003089904785
2016-04-26,2.311133623123169,2.1207120418548584
2016-04-27,2.367367744445801,2.131587266921997
2016-04-28,2.397219657897949,2.127509355545044
2016-04-29,2.363201856613159,2.1173133850097656
2016-05-02,2.397219657897949,2.1574249267578125
2016-05-03,2.339597463607788,2.0929598808288574
2016-05-04,2.336820602416992,2.050699472427368
2016-05-05,2.4013850688934326,2.0943925380706787
2016-05-06,2.3944427967071533,2.0922434329986572
2016-05-09,2.434861660003662,2.0886621475219727
2016-05-10,2.440101146697998,2.072187900543213
2016-05-11,2.4101614952087402,2.06144380569458
2016-05-12,2.395939826965332,2.0349416732788086
2016-05-13,2.3749818801879883,1.9933973550796509
2016-05-16,2.34728741645813,1.9984114170074463
2016-05-17,2.380970001220703,1.9769233465194702
2016-05-18,2.3240840435028076,1.9454069137573242
2016-05-19,2.352526903152466,1.9124585390090942
2016-05-20,2.3450419902801514,1.9759894609451294
2016-05-23,2.3435449600219727,2.0217368602752686
2016-05-24,2.416898012161255,2.0888819694519043
2016-05-25,2.510460138320923,2.132416248321533
2016-05-26,2.5156993865966797,2.13979434967041
2016-05-27,2.5261783599853516,2.153813600540161
2016-05-30,2.5658485889434814,2.1825904846191406
2016-05-31,2.563603162765503,2.1471729278564453
2016-06-01,2.5403997898101807,2.1213479042053223
2016-06-02,2.4371073246002197,2.1176586151123047
2016-06-03,2.3697423934936523,2.0711731910705566
2016-06-06,2.407167434692383,2.085930347442627
2016-06-07,2.415400743484497,2.1338918209075928
2016-06-08,2.400430917739868,2.144221305847168
2016-06-09,2.4281251430511475,2.1988232135772705
2016-06-10,2.376478672027588,2.122823476791382
2016-06-13,2.296389579772949,1.9981253147125244
2016-06-14,2.2260310649871826,1.9745137691497803
2016-06-15,2.2005820274353027,1.9184365272521973
2016-06-16,2.1384568214416504,1.8749027252197266
2016-06-17,2.2612102031707764,1.9523781538009644
2016-06-20,2.392197370529175,2.0217368602752686
2016-06-21,2.396688222885132,2.008455276489258
2016-06-22,2.342796564102173,1.9774653911590576
2016-06-23,2.3944427967071533,2.05051326751709
2016-06-24,2.2454917430877686,1.9745137691497803
2016-06-27,2.1466901302337646,1.8431745767593384
2016-06-28,2.1668994426727295,1.872689127922058
2016-06-29,2.17962384223938,1.8859707117080688
2016-06-30,2.175132989883423,1.8549803495407104
2016-07-01,2.283665180206299,1.9110580682754517
2016-07-04,2.28216814994812,1.909582257270813
2016-07-05,2.1826181411743164,1.8298932313919067
2016-07-06,2.1758816242218018,1.7863595485687256
2016-07-07,2.170642375946045,1.7900488376617432
2016-07-08,2.2559707164764404,1.8439127206802368
2016-07-11,2.312108039855957,1.8852328062057495
2016-07-12,2.3951914310455322,1.9036791324615479
2016-07-13,2.3442935943603516,1.9110580682754517
2016-07-14,2.3884549140930176,1.951640248298645
2016-07-15,2.391448736190796,1.933193325996399
2016-07-18,2.425879716873169,1.9627081155776978
2016-07-19,2.4475860595703125,1.9804168939590454
2016-07-20,2.435610294342041,1.983368158340454
2016-07-21,2.4902503490448,2.0453481674194336
2016-07-22,2.4902503490448,2.0866684913635254
2016-07-25,2.514950752258301,2.0844547748565674
2016-07-26,2.568094253540039,2.0984745025634766
2016-07-27,2.6055190563201904,2.10954213142395
2016-07-28,2.578572988510132,2.0682222843170166
2016-07-29,2.5942916870117188,2.09478497505188
2016-08-01,2.534411668777466,2.0748629570007324
2016-08-02,2.4954898357391357,2.0423970222473145
2016-08-03,2.4588136672973633,2.043134927749634
2016-08-04,2.4880049228668213,2.0733869075775146
2016-08-05,2.5808186531066895,2.106590747833252
2016-08-08,2.61749529838562,2.141270160675049
2016-08-09,2.645937919616699,2.1752116680145264
2016-08-10,2.6377041339874268,2.1855416297912598
2016-08-11,2.6721351146698,2.1943960189819336
2016-08-12,2.6676440238952637,2.201774835586548
2016-08-15,2.6990811824798584,2.19956111907959
2016-08-16,2.661656379699707,2.1958718299865723
2016-08-17,2.6399497985839844,2.1921825408935547
2016-08-18,2.6788718700408936,2.206939697265625
2016-08-19,2.662404775619507,2.1840660572052
2016-08-22,2.6945900917053223,2.1914448738098145
2016-08-23,2.682614326477051,2.1914448738098145
2016-08-24,2.6930932998657227,2.19956111907959
2016-08-25,2.6549198627471924,2.1818525791168213
2016-08-26,2.6781232357025146,2.188493251800537
2016-08-29,2.657165288925171,2.1914448738098145
2016-08-30,2.6796200275421143,2.1892309188842773
2016-08-31,2.651177406311035,2.1914448738098145
2016-09-01,2.690847635269165,2.1921825408935547
2016-09-02,2.705817699432373,2.223172664642334
2016-09-05,2.711805582046509,2.241619110107422
2016-09-06,2.6115071773529053,2.2062020301818848
2016-09-07,2.5621063709259033,2.2143185138702393
2016-09-08,2.5793216228485107,2.2143185138702393
2016-09-09,2.5029749870300293,2.176687240600586
2016-09-12,2.4580650329589844,2.0933094024658203
2016-09-13,2.3547723293304443,1.9545916318893433
2016-09-14,2.3824667930603027,1.9545916318893433
2016-09-15,2.371239423751831,1.9169607162475586
2016-09-16,2.3061201572418213,1.9413100481033325
2016-09-19,2.3487844467163086,1.931717872619629
2016-09-20,2.3300719261169434,1.955329179763794
2016-09-21,2.3704910278320312,1.9641835689544678
2016-09-22,2.402676582336426,1.9767272472381592
2016-09-23,2.371987819671631,1.9560672044754028
2016-09-26,2.362257242202759,1.9538536071777344
2016-09-27,2.322587013244629,1.927290439605713
2016-09-28,2.336060047149658,1.9420480728149414
2016-09-29,2.326329469680786,1.9265531301498413
2016-09-30,2.3293235301971436,1.8889219760894775
2016-10-03,2.3285751342773438,1.9140093326568604
2016-10-04,2.380970001220703,1.9405722618103027
2016-10-05,2.342796564102173,1.9383587837219238
2016-10-06,2.3053715229034424,1.9361450672149658
2016-10-07,2.293395519256592,1.8963004350662231
2016-10-10,2.3113596439361572,1.9147469997406006
2016-10-11,2.331568956375122,1.9184365272521973
2016-10-12,2.316599130630493,1.8985141515731812
2016-10-13,2.2664496898651123,1.8638347387313843
2016-10-14,2.3188445568084717,1.9044171571731567
2016-10-17,2.333065986633301,1.8992516994476318
2016-10-18,2.3749818801879883,1.9258148670196533
2016-10-19,2.4573163986206055,1.9501644372940063
2016-10-20,2.4288735389709473,1.955329179763794
2016-10-21,2.3847124576568604,1.9427857398986816
2016-10-24,2.402676582336426,1.9723002910614014
2016-10-25,2.3734848499298096,1.9597563743591309
2016-10-26,2.4101614952087402,1.9774653911590576
2016-10-27,2.3637542724609375,1.9708244800567627
2016-10-28,2.3600120544433594,1.9848438501358032
2016-10-31,2.3779759407043457,1.9700868129730225
2016-11-01,2.348036050796509,1.9472129344940186
2016-11-02,2.32108998298645,1.9103200435638428
2016-11-03,2.312856435775757,1.905154824256897
2016-11-04,2.3061201572418213,1.8903977870941162
2016-11-07,2.381718397140503,1.9368830919265747
2016-11-08,2.3734848499298096,1.9435237646102905
2016-11-09,2.376478672027588,1.9361450672149658
2016-11-10,2.341299295425415,1.9427857398986816
2016-11-11,2.3008806705474854,1.9413100481033325
2016-11-14,2.3689937591552734,1.9582806825637817
2016-11-15,2.3016293048858643,1.96123206615448
2016-11-16,2.342047929763794,1.951640248298645
2016-11-17,2.3704910278320312,1.9619700908660889
2016-11-18,2.473783493041992,1.981154441833496
2016-11-21,2.5074658393859863,1.99000883102417
2016-11-22,2.5868067741394043,2.027639627456665
2016-11-23,2.572585105895996,2.0350182056427
2016-11-24,2.657165288925171,2.1058528423309326
2016-11-25,2.7484822273254395,2.1589789390563965
2016-11-28,2.6990811824798584,2.1523382663726807
2016-11-29,2.697584390640259,2.1479110717773438
2016-11-30,2.7395002841949463,2.164881944656372
2016-12-01,2.7537214756011963,2.2010369300842285
2016-12-02,2.6721351146698,2.172260046005249
2016-12-05,2.720787763595581,2.170046329498291
2016-12-06,2.7619550228118896,2.212104558944702
2016-12-07,2.8210861682891846,2.283677339553833
2016-12-08,2.858511209487915,2.3434438705444336
2016-12-09,2.843541145324707,2.3087642192840576
2016-12-12,2.800877094268799,2.2947449684143066
2016-12-13,2.829319715499878,2.3102400302886963
2016-12-14,2.829319715499878,2.3360650539398193
2016-12-15,2.8914449214935303,2.3471333980560303
2016-12-16,2.9266245365142822,2.398045539855957
2016-12-19,2.9041695594787598,2.367793321609497
2016-12-20,2.892193555831909,2.409851312637329
2016-12-21,2.8472836017608643,2.3899288177490234
2016-12-22,2.795637369155884,2.3736963272094727
2016-12-23,2.8540198802948,2.3832881450653076
2016-12-27,2.9049179553985596,2.4113268852233887
2016-12-28,2.8847086429595947,2.4091134071350098
2016-12-29,2.9049179553985596,2.4201812744140625
2016-12-30,2.892193555831909,2.4091134071350098
2017-01-02,2.9692888259887695,2.467404365539551
2017-01-03,2.9692888259887695,2.4600257873535156
2017-01-04,2.986504077911377,2.46814227104187
2017-01-05,2.9752767086029053,2.4570741653442383
2017-01-06,2.9595584869384766,2.446744203567505
2017-01-09,2.9168941974639893,2.4201812744140625
2017-01-10,2.9153969287872314,2.4275598526000977
2017-01-11,2.9146485328674316,2.416491985321045
2017-01-12,2.9408457279205322,2.449695587158203
2017-01-13,2.9505763053894043,2.4600257873535156
2017-01-16,3.0186893939971924,2.4275598526000977
2017-01-17,2.971534252166748,2.4216573238372803
2017-01-18,3.011204481124878,2.432724952697754
2017-01-19,3.006713628768921,2.426084280014038
2017-01-20,3.07407808303833,2.4349381923675537
2017-01-23,3.014946699142456,2.4083755016326904
2017-01-24,3.0680904388427734,2.433462619781494
2017-01-25,3.0680904388427734,2.440103530883789
2017-01-26,3.1264731884002686,2.5338118076324463
2017-01-27,3.113748788833618,2.5529963970184326
2017-01-30,3.059108257293701,2.4991326332092285
2017-01-31,3.035905122756958,2.4858508110046387
2017-02-01,3.065845012664795,2.5315983295440674
2017-02-02,3.1025211811065674,2.565540075302124
2017-02-03,3.089048147201538,2.5596368312835693
2017-02-06,3.0538687705993652,2.5183167457580566
2017-02-07,3.0882997512817383,2.554471731185913
2017-02-08,3.065096139907837,2.5161030292510986
2017-02-09,3.0568628311157227,2.5825107097625732
2017-02-10,3.065845012664795,2.5825107097625732
2017-02-13,3.065096139907837,2.5596368312835693
2017-02-14,3.07482647895813,2.5559475421905518
2017-02-15,3.217041015625,2.5581610202789307
2017-02-16,3.223778009414673,2.5640640258789062
2017-02-17,3.208807945251465,2.5574233531951904
2017-02-20,3.193089008331299,2.5456175804138184
2017-02-21,3.246232509613037,2.593578815460205
2017-02-22,3.229017496109009,2.6046464443206787
2017-02-23,3.223778009414673,2.6437528133392334
2017-02-24,3.255963087081909,2.6304714679718018
2017-02-27,3.237999200820923,2.6385879516601562
2017-02-28,3.221532106399536,2.6319468021392822
2017-03-01,3.3278191089630127,2.6924517154693604
2017-03-02,3.305363893508911,2.682859420776367
2017-03-03,3.270933151245117,2.657034397125244
2017-03-06,3.1751255989074707,2.6341605186462402
2017-03-07,3.158658504486084,2.628258228302002
2017-03-08,3.139197587966919,2.626782178878784
2017-03-09,3.143688440322876,2.626044511795044
2017-03-10,3.137700319290161,2.628995418548584
2017-03-13,3.133958101272583,2.6363744735717773
2017-03-14,3.113748788833618,2.6341605186462402
2017-03-15,3.069587230682373,2.621617317199707
2017-03-16,3.118988037109375,2.635636568069458
2017-03-17,3.127969980239868,2.656296491622925
2017-03-20,3.1324613094329834,2.670315742492676
2017-03-21,3.099527359008789,2.6526074409484863
2017-03-22,3.09877872467041,2.656296491622925
2017-03-23,3.115245819091797,2.631209135055542
2017-03-24,3.1130001544952393,2.64744234085083
2017-03-27,3.061353921890259,2.619403600692749
2017-03-28,3.1414432525634766,2.657034397125244
2017-03-29,3.120485305786133,2.730820417404175
2017-03-30,3.1511735916137695,2.744839668273926
2017-03-31,3.1362035274505615,2.7787816524505615
2017-04-03,3.124976396560669,2.761072874069214
2017-04-04,3.148928165435791,2.794276475906372
2017-04-05,3.1362035274505615,2.791325092315674
2017-04-06,3.160155773162842,2.806082248687744
2017-04-07,3.1519219875335693,2.791325092315674
2017-04-10,3.158658504486084,2.8001794815063477
2017-04-11,3.1167426109313965,2.8001794815063477
2017-04-12,3.1167426109313965,2.7891111373901367
2017-04-13,3.0875513553619385,2.786897897720337
2017-04-18,3.049377679824829,2.7367234230041504
2017-04-19,3.0882997512817383,2.728606939315796
2017-04-20,3.16314959526062,2.7418885231018066
2017-04-21,3.133209705352783,2.7204906940460205
2017-04-24,3.1893470287323,2.7809948921203613
2017-04-25,3.1885986328125,2.800917387008667
2017-04-26,3.2252748012542725,2.8370723724365234
2017-04-27,3.202071189880371,2.8186256885528564
2017-04-28,3.207310914993286,2.8673248291015625
2017-05-02,3.241741418838501,2.929304838180542
2017-05-03,3.2447357177734375,2.9403727054595947
2017-05-04,3.285902976989746,2.9396350383758545
2017-05-05,3.2402446269989014,2.9145476818084717
2017-05-08,3.2933881282806396,2.9440619945526123
2017-05-09,3.3240764141082764,2.9647223949432373
2017-05-10,3.2791664600372314,2.938896894454956
2017-05-11,3.3228251934051514,2.929304838180542
2017-05-12,3.329969882965088,2.9492270946502686
2017-05-15,3.392679452896118,2.9846444129943848
2017-05-16,3.337907314300537,2.9750523567199707
2017-05-17,3.250589609146118,2.8997905254364014
2017-05-18,3.2299511432647705,2.8459267616271973
2017-05-19,3.3498144149780273,2.903479814529419
2017-05-22,3.3736281394958496,2.9145476818084717
2017-05-23,3.43633770942688,2.9514408111572266
2017-05-24,3.4665021896362305,2.9484894275665283
2017-05-25,3.4847593307495117,2.9610328674316406
2017-05-26,3.453801155090332,2.9484894275665283
2017-05-29,3.4903159141540527,2.978741407394409
2017-05-30,3.4720587730407715,2.9676735401153564
2017-05-31,3.4450697898864746,2.973576545715332
2017-06-01,3.485553026199341,3.0045664310455322
2017-06-02,3.4926974773406982,3.113548755645752
2017-06-05,3.480790853500366,3.0892608165740967
2017-06-06,3.4934911727905273,3.128434658050537
2017-06-07,3.4720587730407715,3.1495888233184814
2017-06-08,3.3712470531463623,3.0845601558685303
2017-06-09,3.409349203109741,3.1057138442993164
2017-06-12,3.419668436050415,3.046952962875366
2017-06-13,3.4728524684906006,3.129218339920044
2017-06-14,3.497460126876831,3.1213836669921875
2017-06-15,3.3910915851593018,3.0587050914764404
2017-06-16,3.4672958850860596,3.0555710792541504
2017-06-19,3.4990479946136475,3.1339192390441895
2017-06-20,3.437131404876709,3.1362693309783936
2017-06-21,3.4569764137268066,3.113548755645752
2017-06-22,3.3863284587860107,3.0963122844696045
2017-06-23,3.358546018600464,3.0806427001953125
2017-06-26,3.3466391563415527,3.090827703475952
2017-06-27,3.336319923400879,3.0610556602478027
2017-06-28,3.30456805229187,3.022665023803711
2017-06-29,3.2696409225463867,2.944316864013672
2017-06-30,3.2037558555603027,2.962337017059326
2017-07-03,3.242652177810669,2.9857707023620605
2017-07-04,3.2355079650878906,2.98415470123291
2017-07-05,3.2529714107513428,3.02778959274292
2017-07-06,3.2005808353424072,3.0334460735321045
2017-07-07,3.1735918521881104,3.01324462890625
2017-07-10,3.176766872406006,3.0124363899230957
2017-07-11,3.148984432220459,3.00516414642334
2017-07-12,3.1688292026519775,3.014052391052246
2017-07-13,3.1918489933013916,3.0229411125183105
2017-07-14,3.21169376373291,3.035062313079834
2017-07-17,3.2243945598602295,3.0601119995117188
2017-07-18,3.1751794815063477,3.0221331119537354
2017-07-19,3.1894679069519043,3.0148606300354004
2017-07-20,3.210900068283081,3.046375036239624
2017-07-21,3.1966116428375244,3.031022071838379
2017-07-24,3.187880039215088,2.9930431842803955
2017-07-25,3.1624786853790283,2.9881949424743652
2017-07-26,3.149778127670288,2.968801736831665
2017-07-27,3.1291394233703613,3.014052391052246
2017-07-28,3.0410282611846924,2.925166368484497
2017-07-31,3.0481719970703125,2.9413278102874756
2017-08-01,3.0529348850250244,2.946176052093506
2017-08-02,3.0426156520843506,2.921934127807617
2017-08-03,3.006894826889038,2.8758749961853027
2017-08-04,3.066429376602173,2.9494082927703857
2017-08-07,3.0759551525115967,2.9954674243927
2017-08-08,3.0870680809020996,2.9898111820220947
2017-08-09,3.060873031616211,2.9825384616851807
2017-08-10,3.043409585952759,2.960721015930176
2017-08-11,3.006894826889038,2.9380953311920166
2017-08-14,3.022770881652832,2.951024055480957
2017-08-15,2.991018772125244,2.9162776470184326
2017-08-16,3.00530743598938,2.9849624633789062
2017-08-17,2.9926064014434814,2.9954674243927
2017-08-18,2.956092119216919,2.9494082927703857
2017-08-21,2.9600613117218018,2.9550647735595703
2017-08-22,3.000544548034668,2.972033739089966
2017-08-23,2.971967935562134,2.9825384616851807
2017-08-24,2.960855007171631,2.950216293334961
2017-08-25,2.9767308235168457,2.946176052093506
2017-08-28,2.960855007171631,2.9243581295013428
2017-08-29,2.8981449604034424,2.8686025142669678
2017-08-30,2.9330718517303467,2.8936522006988525
2017-08-31,2.913227081298828,2.8968844413757324
2017-09-01,2.9489479064941406,2.9275906085968018
2017-09-04,2.944185256958008,2.9195101261138916
2017-09-05,2.8981449604034424,2.8774912357330322
2017-09-06,2.941009998321533,2.9348630905151367
2017-09-07,2.8941760063171387,2.899308919906616
2017-09-08,2.8806815147399902,2.881531238555908
2017-09-11,2.983081102371216,2.9534482955932617
2017-09-12,2.983081102371216,2.972033739089966
2017-09-13,3.021976947784424,3.01324462890625
2017-09-14,3.0243585109710693,3.0180928707122803
2017-09-15,3.0211832523345947,3.0617282390594482
2017-09-18,3.1283457279205322,3.1999058723449707
2017-09-19,3.1847050189971924,3.207986354827881
2017-09-20,3.2696409225463867,3.2354605197906494
2017-09-21,3.2744038105010986,3.27101469039917
2017-09-22,3.270434617996216,3.2459652423858643
2017-09-25,3.321237802505493,3.314650297164917
2017-09-26,3.314093828201294,3.273439407348633
2017-09-27,3.337907314300537,3.2613179683685303
2017-09-28,3.413317918777466,3.307377576828003
2017-09-29,3.546675205230713,3.332427501678467
2017-10-02,3.645106077194214,3.340507745742798
2017-10-03,3.7705254554748535,3.41080904006958
2017-10-04,3.9530982971191406,3.4310100078582764
2017-10-05,4.056291580200195,3.466564893722534
2017-10-06,4.080898761749268,3.4390907287597656
2017-10-09,4.207112789154053,3.4908065795898438
2017-10-10,4.215844631195068,3.506967782974243
2017-10-11,4.180123329162598,3.4762613773345947
2017-10-12,4.307131290435791,3.5328257083892822
2017-10-13,4.2610907554626465,3.4940385818481445
2017-10-16,4.328563213348389,3.5053513050079346
2017-10-17,4.27061653137207,3.506967782974243
2017-10-18,4.299986362457275,3.498886823654175
2017-10-19,4.27061653137207,3.4932305812835693
2017-10-20,4.3269758224487305,3.5045430660247803
2017-10-23,4.356346130371094,3.513432025909424
2017-10-24,4.344439506530762,3.502119302749634
2017-10-25,4.296811580657959,3.4641406536102295
2017-10-26,4.3769850730896,3.550602436065674
2017-10-27,4.368252754211426,3.5449464321136475
2017-10-30,4.360315322875977,3.5239367485046387
2017-10-31,4.3539652824401855,3.5384817123413086
2017-11-01,4.422231197357178,3.6200954914093018
2017-11-02,4.4825592041015625,3.65080189704895
2017-11-03,4.508754253387451,3.6443374156951904
2017-11-06,4.144402980804443,3.540097951889038
2017-11-07,4.258708953857422,3.5207042694091797
2017-11-08,4.268234729766846,3.489190101623535
2017-11-09,4.262678623199463,3.403535842895508
2017-11-10,4.216638088226318,3.384951114654541
2017-11-13,4.191236972808838,3.3469724655151367
2017-11-14,4.163454055786133,3.322730541229248
2017-11-15,4.098362922668457,3.2871756553649902
2017-11-16,4.1896491050720215,3.333235263824463
2017-11-17,4.14757776260376,3.3057613372802734
2017-11-20,4.180917739868164,3.373638391494751
2017-11-21,4.15948486328125,3.3574769496917725
2017-11-22,4.150753021240234,3.341315984725952
2017-11-23,4.126939296722412,3.3388915061950684
2017-11-24,4.015808582305908,3.3130340576171875
2017-11-27,4.038034439086914,3.3647496700286865
2017-11-28,4.06026029586792,3.4019198417663574
2017-11-29,4.155516147613525,3.4059605598449707
2017-11-30,4.1293206214904785,3.3792948722839355
2017-12-01,4.141227722167969,3.369597911834717
2017-12-04,4.193618297576904,3.3946478366851807
2017-12-05,4.312687873840332,3.411616802215576
2017-12-06,4.3380889892578125,3.411616802215576
2017-12-07,4.381747722625732,3.44797945022583
2017-12-08,4.38968563079834,3.4342424869537354
2017-12-11,4.376191139221191,3.4528274536132812
2017-12-12,4.3539652824401855,3.441514492034912
2017-12-13,4.336501121520996,3.4899981021881104
2017-12-14,4.310306072235107,3.498886823654175
2017-12-15,4.311893939971924,3.502119302749634
2017-12-18,4.351583480834961,3.569187879562378
2017-12-19,4.328563213348389,3.558682918548584
2017-12-20,4.313481330871582,3.5223207473754883
2017-12-21,4.27061653137207,3.517472267150879
2017-12-22,4.201556205749512,3.498886823654175
2017-12-27,4.145196914672852,3.473836898803711
2017-12-28,4.132495403289795,3.4471709728240967
2017-12-29,4.104713439941406,3.4358584880828857
2018-01-02,4.12773323059082,3.527977228164673
2018-01-03,4.21505069732666,3.5893893241882324
2018-01-04,4.262678623199463,3.628175973892212
2018-01-05,4.191236972808838,3.613631010055542
2018-01-08,4.207112789154053,3.654033899307251
2018-01-09,4.222989082336426,3.7009010314941406
2018-01-10,4.15948486328125,3.70574951171875
2018-01-11,4.143609046936035,3.6863560676574707
2018-01-12,4.080105304718018,3.6815075874328613
2018-01-15,4.064229488372803,3.708981990814209
2018-01-16,4.056291580200195,3.7122139930725098
2018-01-17,4.032477855682373,3.67665958404541
2018-01-18,4.032477855682373,3.7219109535217285
2018-01-19,4.095981121063232,3.7590813636779785
2018-01-22,4.088043689727783,3.7623136043548584
2018-01-23,4.080105304718018,3.7493844032287598
2018-01-24,4.024539947509766,3.69443678855896
2018-01-25,3.9848504066467285,3.668579339981079
2018-01-26,3.9411916732788086,3.671811103820801
2018-01-29,3.933253288269043,3.6701948642730713
2018-01-30,3.8260915279388428,3.6701948642730713
2018-01-31,3.861811637878418,3.654033899307251
2018-02-01,3.76655650138855,3.587773561477661
2018-02-02,3.6990838050842285,3.5118160247802734
2018-02-05,3.6316115856170654,3.406768321990967
2018-02-06,3.6593942642211914,3.408384323120117
2018-02-07,3.750680446624756,3.421313524246216
2018-02-08,3.5879530906677246,3.340507745742798
2018-02-09,3.5006353855133057,3.248389482498169
2018-02-12,3.611767053604126,3.3033370971679688
2018-02-13,3.524449110031128,3.325962781906128
2018-02-14,3.5006353855133057,3.3469724655151367
2018-02-15,3.536355972290039,3.4019198417663574
2018-02-16,3.568108081817627,3.422929525375366
2018-02-19,3.5720770359039307,3.429394006729126
2018-02-20,3.667332172393799,3.5683796405792236
2018-02-21,3.7705254554748535,3.64595365524292
2018-02-22,3.7586188316345215,3.6475696563720703
2018-02-23,3.7546494007110596,3.5716121196746826
2018-02-26,3.7546494007110596,3.6168630123138428
2018-02-27,3.707022190093994,3.610398530960083
2018-02-28,3.7109909057617188,3.599086046218872
2018-03-01,3.635580539703369,3.5376734733581543
2018-03-02,3.5323870182037354,3.4730288982391357
2018-03-05,3.639549732208252,3.502119302749634
2018-03-06,3.707022190093994,3.5796923637390137
2018-03-07,3.651456594467163,3.6039342880249023
2018-03-08,3.794339418411255,3.683123826980591
2018-03-09,3.7744944095611572,3.63948917388916
2018-03-12,3.849905014038086,3.6556501388549805
2018-03-13,3.8538739681243896,3.7073657512664795
2018-03-14,3.87768816947937,3.7138302326202393
2018-03-15,3.8895950317382812,3.7041337490081787
2018-03-16,4.07216739654541,3.7639293670654297
2018-03-19,4.032477855682373,3.8253419399261475
2018-03-20,4.048353672027588,3.852815866470337
2018-03-21,4.143609046936035,3.8964507579803467
2018-03-22,4.119795322418213,3.8657450675964355
2018-03-23,4.15948486328125,3.8301901817321777
2018-03-26,4.222989082336426,3.814028739929199
2018-03-27,4.302368640899658,3.9109959602355957
2018-03-28,4.262678623199463,3.8544323444366455
2018-03-29,4.302368640899658,3.8689775466918945
2018-04-03,4.27061653137207,3.8431191444396973
2018-04-04,4.2785539627075195,3.812412738800049
2018-04-05,4.326181888580322,3.867361068725586
2018-04-06,4.429375171661377,3.820493698120117
2018-04-09,4.373810291290283,3.814028739929199
2018-04-10,4.373810291290283,3.797868251800537
2018-04-11,4.365871906280518,3.789788007736206
2018-04-12,4.397623538970947,3.8027162551879883
2018-04-13,4.38968563079834,3.8221096992492676
2018-04-16,4.3499956130981445,3.7817065715789795
2018-04-17,4.342058181762695,3.817261219024658
2018-04-18,4.445250988006592,3.849583625793457
2018-04-19,4.596072196960449,3.870593547821045
2018-04-20,4.683389663696289,3.8544323444366455
2018-04-23,4.770707607269287,3.8689775466918945
2018-04-24,4.881838321685791,3.922308921813965
2018-04-25,4.7786455154418945,3.8948352336883545
2018-04-26,4.738955497741699,3.9012997150421143
2018-04-27,4.7627692222595215,3.9433178901672363
2018-04-30,4.754831314086914,3.9109959602355957
2018-05-02,4.842148303985596,3.946549892425537
2018-05-03,4.818335056304932,3.9433178901672363
2018-05-04,4.810396671295166,3.915844678878784
2018-05-07,4.850086688995361,4.0241241455078125
2018-05-08,4.865962505340576,3.988569736480713
2018-05-09,4.953279495239258,3.996650457382202
2018-05-10,4.921527862548828,4.004730701446533
2018-05-11,4.873899936676025,4.016043663024902
2018-05-14,5.0723490715026855,4.0241241455078125
2018-05-15,5.294611930847168,4.234218597412109
2018-05-16,5.9931511878967285,4.343306541442871
2018-05-17,6.072530746459961,4.37562894821167
2018-05-18,6.048717021942139,4.3109846115112305
2018-05-21,6.13603401184082,4.37562894821167
2018-05-22,6.223351955413818,4.387749671936035
2018-05-23,6.167786121368408,4.339266300201416
2018-05-24,6.215413570404053,4.3150248527526855
2018-05-25,6.096343994140625,4.331185817718506
2018-05-28,6.154168605804443,4.298863410949707
2018-05-29,6.046780586242676,4.222097873687744
2018-05-30,6.253296375274658,4.266541481018066
2018-05-31,6.52589750289917,4.3150248527526855
2018-06-01,6.534157752990723,4.3998703956604
2018-06-04,6.608503341674805,4.496837139129639
2018-06-05,6.608503341674805,4.521078586578369
2018-06-06,6.757195472717285,4.557441234588623
2018-06-07,7.03805685043335,4.601884841918945
2018-06-08,7.302396297454834,4.767536640167236
2018-06-11,7.1784868240356445,4.799859046936035
2018-06-12,7.1784868240356445,4.791777610778809
2018-06-13,7.294135570526123,4.836221694946289
2018-06-14,7.170226573944092,4.702892303466797
2018-06-15,6.955450057983398,4.595900535583496
2018-06-18,6.971971035003662,4.536489009857178
2018-06-19,6.897625923156738,4.5110273361206055
2018-06-20,6.740673542022705,4.387959957122803
2018-06-21,6.76545524597168,4.180869102478027
2018-06-22,7.112401962280273,4.404935359954834
2018-06-25,7.062838554382324,4.328548908233643
2018-06-26,7.145443916320801,4.387959957122803
2018-06-27,7.252831935882568,4.396447658538818
2018-06-28,7.252831935882568,4.358254909515381
2018-06-29,7.145443916320801,4.328548908233643
2018-07-02,7.07935905456543,4.290355682373047
2018-07-03,7.071099281311035,4.243675231933594
2018-07-04,7.104142189025879,4.218213081359863
2018-07-05,7.087619781494141,4.228398323059082
2018-07-06,7.137184143066406,4.264894008636475
2018-07-09,7.21152925491333,4.303086757659912
2018-07-10,7.409785270690918,4.328548908233643
2018-07-11,7.484130859375,4.311574459075928
2018-07-12,7.541954517364502,4.354011058807373
2018-07-13,7.5171732902526855,4.307330131530762
2018-07-16,7.459347724914551,4.320061683654785
2018-07-17,7.4923906326293945,4.311574459075928
2018-07-18,7.459347724914551,4.315817832946777
2018-07-19,7.508912086486816,4.315817832946777
2018-07-20,7.376742362976074,4.247919082641602
2018-07-23,7.277615070343018,4.233490943908691
2018-07-24,7.285874843597412,4.2046332359313965
2018-07-25,7.261093616485596,4.256406784057617
2018-07-26,7.401523590087891,4.21651554107666
2018-07-27,7.327178478240967,4.182566165924072
2018-07-30,7.335439205169678,4.213120937347412
2018-07-31,7.228050708770752,4.145222187042236
2018-08-01,7.269354343414307,4.170684337615967
2018-08-02,7.170226573944092,4.129944801330566
2018-08-03,7.195007801055908,4.162196636199951
2018-08-06,7.335439205169678,4.241978168487549
2018-08-07,7.3436994552612305,4.231793403625488
2018-08-08,7.335439205169678,4.269137859344482
2018-08-09,7.409785270690918,4.2818684577941895
2018-08-10,7.409785270690918,4.233490943908691
2018-08-13,7.161965847015381,3.905879020690918
2018-08-14,7.07935905456543,3.815912961959839
2018-08-15,6.823279857635498,3.6461660861968994
2018-08-16,6.938928604125977,3.798938035964966
2018-08-17,6.897625923156738,3.693695306777954
2018-08-20,6.839800834655762,3.7038795948028564
2018-08-21,6.798497676849365,3.764988660812378
2018-08-22,6.914146900177002,3.764988660812378
2018-08-23,6.889365196228027,3.7514092922210693
2018-08-24,6.864583492279053,3.761593818664551
2018-08-27,6.856322765350342,3.7548038959503174
2018-08-28,6.864583492279053,3.76668643951416
2018-08-29,6.7902374267578125,3.729342222213745
2018-08-30,6.666327476501465,3.675022840499878
2018-08-31,6.575461387634277,3.6529557704925537
2018-09-03,6.58372163772583,3.6478633880615234
2018-09-04,6.517636299133301,3.5748720169067383
2018-09-05,6.3937273025512695,3.5409226417541504
2018-09-06,6.368945598602295,3.501880645751953
2018-09-07,6.385466575622559,3.462839365005493
2018-09-10,6.459812164306641,3.5069735050201416
2018-09-11,6.468072891235352,3.5086708068847656
2018-09-12,6.591982364654541,3.637678384780884
2018-09-13,6.625025272369385,3.624098777770996
2018-09-14,6.649806976318359,3.6122167110443115
2018-09-17,6.7158918380737305,3.600334405899048
2018-09-18,6.930668354034424,3.658048152923584
2018-09-19,6.856322765350342,3.7004849910736084
2018-09-20,6.7902374267578125,3.714064598083496
2018-09-21,6.740673542022705,3.6648380756378174
2018-09-24,6.856322765350342,3.6139137744903564
2018-09-25,6.922407627105713,3.55110764503479
2018-09-26,6.905886173248291,3.5426199436187744
2018-09-27,6.881104469299316,3.639376163482666
2018-09-28,6.823279857635498,3.5799646377563477
2018-10-01,6.839800834655762,3.6665358543395996
2018-10-02,6.806758403778076,3.7361319065093994
2018-10-03,6.76545524597168,3.673325538635254
2018-10-04,7.112401962280273,3.6478633880615234
2018-10-05,7.294135570526123,3.5816617012023926
2018-10-08,7.145443916320801,3.5052759647369385
2018-10-09,7.244572162628174,3.5646872520446777
2018-10-10,6.459812164306641,3.3100669384002686
2018-10-11,6.1624298095703125,3.53073787689209
2018-10-12,6.385466575622559,3.479813814163208
2018-10-15,6.170690059661865,3.4747214317321777
2018-10-16,6.26981782913208,3.5646872520446777
2018-10-17,6.063302040100098,3.5799646377563477
2018-10-18,6.021998882293701,3.607124090194702
2018-10-19,6.112865924835205,3.4815115928649902
2018-10-22,6.145908355712891,3.515460968017578
2018-10-23,5.8980889320373535,3.4390745162963867
2018-10-24,5.765919208526611,3.43058705329895
2018-10-25,6.245035648345947,3.5935444831848145
2018-10-26,6.245035648345947,3.583359479904175
2018-10-29,6.302860260009766,3.673325538635254
2018-10-30,6.3937273025512695,3.7344346046447754
2018-10-31,6.4019880294799805,3.7344346046447754
2018-11-01,6.32764196395874,3.5731747150421143
2018-11-02,6.154168605804443,3.5392253398895264
2018-11-05,6.063302040100098,3.498486280441284
2018-11-06,6.0054779052734375,3.5222506523132324
2018-11-07,6.145908355712891,3.515460968017578
2018-11-08,6.170690059661865,3.501880645751953
2018-11-09,6.063302040100098,3.4916958808898926
2018-11-12,5.873307704925537,3.423797369003296
2018-11-13,5.922871112823486,3.4204025268554688
2018-11-14,5.856786251068115,3.3966376781463623
2018-11-15,5.732876777648926,3.352503776550293
2018-11-16,5.774179935455322,3.321949005126953
2018-11-19,5.774179935455322,3.3253438472747803
2018-11-20,5.658531188964844,3.248958110809326
2018-11-21,5.7411370277404785,3.2574453353881836
2018-11-22,5.625488758087158,3.2014288902282715
2018-11-23,5.452015399932861,3.0927908420562744
2018-11-26,5.542882442474365,3.14031982421875
2018-11-27,5.394191265106201,3.0588414669036865
2018-11-28,5.3446269035339355,3.198033571243286
2018-11-29,5.3528876304626465,3.208218574523926
2018-11-30,5.303324222564697,3.143714666366577
2018-12-03,5.534621238708496,3.262537717819214
2018-12-04,5.427233695983887,3.142017364501953
2018-12-05,5.0389838218688965,3.142017364501953
2018-12-06,4.8820319175720215,3.14031982421875
2018-12-07,4.898553371429443,3.0656309127807617
2018-12-10,4.692037582397461,3.001127243041992
2018-12-11,4.700298309326172,3.001127243041992
2018-12-12,4.832468032836914,3.036774158477783
2018-12-13,4.716819763183594,2.999429702758789
2018-12-14,4.634213447570801,2.980757474899292
2018-12-17,4.518564224243164,2.906069040298462
2018-12-18,4.551607131958008,2.9671778678894043
2018-12-19,4.733340740203857,2.960387945175171
2018-12-20,4.609431266784668,2.9315309524536133
2018-12-21,4.584649562835693,2.9926400184631348
2018-12-24,4.526824951171875,2.9926400184631348
2018-12-27,4.526824951171875,2.945111036300659
2018-12-28,4.6424736976623535,3.0096147060394287
2018-12-31,4.791165351867676,3.055446147918701
2019-01-02,4.915074348449707,3.087698221206665
2019-01-03,4.832468032836914,3.0418667793273926
2019-01-04,5.138111114501953,3.1827566623687744
2019-01-07,5.171154022216797,3.2031264305114746
2019-01-08,5.245499610900879,3.211613416671753
2019-01-09,5.1215901374816895,3.2014288902282715
2019-01-10,5.146371841430664,3.231983184814453
2019-01-11,5.187675476074219,3.286302328109741
2019-01-14,5.1959357261657715,3.304974317550659
2019-01-15,5.328105449676514,3.3609910011291504
2019-01-16,5.4602766036987305,3.3660833835601807
2019-01-17,5.559403419494629,3.501880645751953
2019-01-18,5.724616050720215,3.5222506523132324
2019-01-21,5.732876777648926,3.496788501739502
2019-01-22,5.708094596862793,3.5086708068847656
2019-01-23,5.840265274047852,3.53073787689209
2019-01-24,5.790701389312744,3.518855571746826
2019-01-25,5.8980889320373535,3.5986366271972656
2019-01-28,5.782440662384033,3.517158269882202
2019-01-29,5.840265274047852,3.5629899501800537
2019-01-30,5.914610385894775,3.6461660861968994
2019-01-31,5.972434997558594,3.6274938583374023
2019-02-01,5.8980889320373535,3.6342835426330566
2019-02-04,5.922871112823486,3.569779634475708
2019-02-05,5.972434997558594,3.619006395339966
2019-02-06,6.055041313171387,3.663140296936035
2019-02-07,5.980695724487305,3.605426788330078
2019-02-08,5.997217178344727,3.5545027256011963
2019-02-11,6.030259609222412,3.549410343170166
2019-02-12,6.1624298095703125,3.6105194091796875
2019-02-13,6.261557102203369,3.5222506523132324
2019-02-14,6.030259609222412,3.5392253398895264
2019-02-15,6.055041313171387,3.583359479904175
2019-02-18,6.013738632202148,3.586754322052002
2019-02-19,5.95591402053833,3.6682331562042236
2019-02-20,6.030259609222412,3.7497119903564453
2019-02-21,5.947652816772461,3.732736825942993
2019-02-22,5.8980889320373535,3.7225520610809326
2019-02-25,5.8980889320373535,3.7208545207977295
2019-02-26,5.964174270629883,3.7344346046447754
2019-02-27,5.95591402053833,3.7004849910736084
2019-02-28,5.931131839752197,3.658048152923584
2019-03-01,6.030259609222412,3.6665358543395996
2019-03-04,6.261557102203369,3.7412242889404297
2019-03-05,6.2367753982543945,3.761593818664551
2019-03-06,6.245035648345947,3.7768709659576416
2019-03-07,6.104604721069336,3.712367296218872
2019-03-08,5.972434997558594,3.6478633880615234
2019-03-11,6.030259609222412,3.673325538635254
2019-03-12,5.88156795501709,3.6139137744903564
2019-03-13,5.914610385894775,3.624098777770996
2019-03-14,6.4019880294799805,3.678417682647705
2019-03-15,6.203732967376709,3.6461660861968994
2019-03-18,6.063302040100098,3.637678384780884
2019-03-19,6.063302040100098,3.658048152923584
2019-03-20,5.997217178344727,3.6156115531921387
2019-03-21,5.972434997558594,3.588452100753784
2019-03-22,5.774179935455322,3.4560492038726807
2019-03-25,5.765919208526611,3.4373772144317627
2019-03-26,5.584185600280762,3.4119150638580322
2019-03-27,5.650270938873291,3.4170074462890625
2019-03-28,5.708094596862793,3.428889751434326
2019-03-29,5.765919208526611,3.462839365005493
2019-04-01,5.819613456726074,3.529040575027466
2019-04-02,5.827874183654785,3.534132719039917
2019-04-03,6.021998882293701,3.5595948696136475
2019-04-04,5.927001953125,3.547712564468384
2019-04-05,5.98482608795166,3.53073787689209
2019-04-08,6.009608268737793,3.529040575027466
2019-04-09,5.889828681945801,3.500183343887329
2019-04-10,5.914610385894775,3.517158269882202
2019-04-11,5.943522930145264,3.5460152626037598
2019-04-12,6.0054779052734375,3.5986366271972656
2019-04-15,6.083953380584717,3.642770767211914
2019-04-16,6.0798234939575195,3.6529557704925537
2019-04-17,6.021998882293701,3.566384792327881
2019-04-18,6.017868518829346,3.625873327255249
2019-04-23,6.034389972686768,3.6295104026794434
2019-04-24,5.889828681945801,3.5549564361572266
2019-04-25,5.827874183654785,3.5822322368621826
2019-04-26,5.939392566680908,3.6058712005615234
2019-04-29,5.840265274047852,3.607689619064331
2019-04-30,5.770050048828125,3.5822322368621826
2019-05-02,5.7411370277404785,3.556774616241455
2019-05-03,5.749398231506348,3.487675666809082
2019-05-06,5.683312892913818,3.424032211303711
2019-05-07,5.489188194274902,3.3712987899780273
2019-05-08,5.398321151733398,3.3112916946411133
2019-05-09,5.381799697875977,3.2749240398406982
2019-05-10,5.31158447265625,3.234919309616089
2019-05-13,5.167023658752441,3.1349077224731445
2019-05-14,5.191805362701416,3.1439995765686035
2019-05-15,5.187675476074219,3.142181396484375
2019-05-16,5.216587543487549,3.1894593238830566
2019-05-17,5.286803245544434,3.202188491821289
2019-05-20,5.092678070068359,3.0803558826446533
2019-05-21,5.105069160461426,3.1112685203552246
2019-05-22,5.204196929931641,3.0949032306671143
2019-05-23,5.063766002655029,3.045806407928467
2019-05-24,5.084417819976807,3.045806407928467
2019-05-27,5.146371841430664,3.0530803203582764
2019-05-28,5.105069160461426,3.007620334625244
2019-05-29,4.869641304016113,2.920337438583374
2019-05-30,4.828337669372559,2.9239742755889893
2019-05-31,5.014202117919922,2.9094271659851074
2019-06-03,4.927465438842773,2.874877691268921
2019-06-04,5.0389838218688965,2.9367029666900635
2019-06-05,4.927465438842773,2.896698474884033
2019-06-06,4.8820319175720215,2.9148824214935303
2019-06-07,4.898553371429443,2.9094271659851074
2019-06-10,4.9935503005981445,2.920337438583374
2019-06-11,5.0389838218688965,2.998528480529785
2019-06-12,5.072026252746582,2.976707696914673
2019-06-13,5.336366653442383,3.0185306072235107
2019-06-14,5.175283908843994,2.9639790058135986
2019-06-17,4.997681140899658,2.916700601577759
2019-06-18,5.092678070068359,2.949431896209717
2019-06-19,5.088547706604004,2.9421582221984863
2019-06-20,5.026593208312988,2.947613477706909
2019-06-21,5.125720500946045,2.9548869132995605
2019-06-24,5.186463356018066,2.938521385192871
2019-06-25,5.46213960647583,2.9567055702209473
2019-06-26,5.635022163391113,3.013075351715088
2019-06-27,5.649039268493652,3.0439882278442383
2019-06-28,5.705109119415283,3.0530803203582764
2019-07-01,5.821921348571777,3.100358247756958
2019-07-02,5.793886184692383,3.1021766662597656
2019-07-03,5.695764064788818,3.063990354537964
2019-07-04,5.7191267013549805,3.0603537559509277
2019-07-05,5.6724019050598145,3.036714553833008
2019-07-08,5.705109119415283,3.0348961353302
2019-07-09,5.536900043487549,2.9221558570861816
2019-07-10,5.569607257843018,2.920337438583374
2019-07-11,5.504191875457764,2.9094271659851074
2019-07-12,5.583624362945557,2.9130640029907227
2019-07-15,5.630349636077881,2.943976402282715
2019-07-16,5.64436674118042,2.9457950592041016
2019-07-17,5.611659526824951,2.9039719104766846
2019-07-18,5.532227039337158,2.874877691268921
2019-07-19,5.536900043487549,2.8857879638671875
2019-07-22,5.583624362945557,2.9094271659851074
2019-07-23,5.733144283294678,2.976707696914673
2019-07-24,5.770524501800537,2.9785261154174805
2019-07-25,5.728471755981445,2.9457950592041016
2019-07-26,5.728471755981445,2.9330663681030273
2019-07-29,5.695764064788818,2.869422435760498
2019-07-30,5.66305685043335,2.805778741836548
2019-07-31,5.5602617263793945,2.7712295055389404
2019-08-01,5.312620162963867,2.7330431938171387
2019-08-02,5.125720977783203,2.634850025177002
2019-08-05,5.064978122711182,2.5802981853485107
2019-08-06,5.069651126861572,2.5639326572418213
2019-08-07,4.990218639373779,2.5675692558288574
2019-08-08,5.242533206939697,2.625757932662964
2019-08-09,5.144410610198975,2.6003005504608154
2019-08-12,5.093012809753418,2.5802981853485107
2019-08-13,5.233187675476074,2.647578477859497
2019-08-14,5.097685813903809,2.611210823059082
2019-08-15,5.069651126861572,2.593027114868164
2019-08-16,5.153755187988281,2.6639442443847656
2019-08-19,5.242533206939697,2.71667742729187
2019-08-20,5.149083137512207,2.6784913539886475
2019-08-21,5.228515148162842,2.736679792404175
2019-08-22,5.307947635650635,2.745771884918213
2019-08-23,5.214498043060303,2.71667742729187
2019-08-26,5.177117824554443,2.7530455589294434
2019-08-27,5.29860258102417,2.7566823959350586
2019-08-28,5.219170570373535,2.7203142642974854
2019-08-29,5.261222839355469,2.754863739013672
2019-08-30,5.3733625411987305,2.7930500507354736
2019-09-02,5.349999904632568,2.7839581966400146
2019-09-03,5.331310272216797,2.754863739013672
2019-09-04,5.401397705078125,2.8039605617523193
2019-09-05,5.448122501373291,2.8203258514404297
2019-09-06,5.429432392120361,2.8403282165527344
2019-09-09,5.611659526824951,2.8730595111846924
2019-09-10,5.705109119415283,2.943976402282715
2019-09-11,5.714454174041748,2.989436388015747
2019-09-12,5.7191267013549805,2.943976402282715
2019-09-13,5.775196552276611,2.9912548065185547
2019-09-16,5.798559188842773,3.0058019161224365
2019-09-17,5.756506443023682,2.97125244140625
2019-09-18,5.728471755981445,2.911245584487915
2019-09-19,5.770524501800537,2.9403398036956787
2019-09-20,5.714454174041748,2.916700601577759
2019-09-23,5.658384323120117,2.9312477111816406
2019-09-24,5.64436674118042,2.893061399459839
2019-09-25,5.583624362945557,2.8730595111846924
2019-09-26,5.583624362945557,2.8676042556762695
2019-09-27,5.658384323120117,2.9239742755889893
2019-09-30,5.695764064788818,2.9839813709259033
2019-10-01,5.616332054138184,2.8948800563812256
2019-10-02,5.438777446746826,2.823962688446045
2019-10-03,5.279912948608398,2.745771884918213
2019-10-04,5.223843097686768,2.7621374130249023
2019-10-07,5.036942958831787,2.767592430114746
2019-10-08,4.868733882904053,2.7748661041259766
2019-10-09,4.793973922729492,2.8021419048309326
2019-10-10,4.962183475494385,2.856693744659424
2019-10-11,5.107030868530273,3.0185306072235107
2019-10-14,5.013580799102783,2.9603421688079834
2019-10-15,5.036942958831787,2.9821627140045166
2019-10-16,5.004235744476318,2.99489164352417
2019-10-17,5.0275983810424805,2.998528480529785
2019-10-18,5.004235744476318,2.976707696914673
2019-10-21,5.149083137512207,3.0330777168273926
2019-10-22,5.107030868530273,3.0167124271392822
2019-10-23,5.102358341217041,3.0239858627319336
2019-10-24,5.088340759277344,3.0276224613189697
2019-10-25,5.149083137512207,3.00398325920105
2019-10-28,5.163100719451904,2.998528480529785
2019-10-29,5.111702919006348,2.943976402282715
2019-10-30,5.125720977783203,2.9239742755889893
2019-10-31,5.107030868530273,2.938521385192871
2019-11-01,5.186463356018066,2.980344533920288
2019-11-04,5.508864879608154,3.1312708854675293
2019-11-05,5.536900043487549,3.173093795776367
2019-11-06,5.4668121337890625,3.160365343093872
2019-11-07,5.508864879608154,3.247648000717163
2019-11-08,5.588296890258789,3.2367377281188965
2019-11-11,5.649039268493652,3.2603769302368164
2019-11-12,5.611659526824951,3.220372200012207
2019-11-13,5.569607257843018,3.2512848377227783
2019-11-14,5.564934730529785,3.238556146621704
2019-11-15,5.6724019050598145,3.294926166534424
2019-11-18,5.522881984710693,3.2421927452087402
2019-11-19,5.4995198249816895,3.267650604248047
2019-11-20,5.434104919433594,3.2185535430908203
2019-11-21,5.406069755554199,3.187641143798828
2019-11-22,5.39205265045166,3.205825090408325
2019-11-25,5.3733625411987305,3.2785606384277344
2019-11-26,5.321965217590332,3.2912893295288086
2019-11-27,5.2939300537109375,3.220372200012207
2019-11-28,5.345327377319336,3.234919309616089
2019-11-29,5.279912948608398,3.173093795776367
2019-12-02,5.228515148162842,3.1949148178100586
2019-12-03,5.111702919006348,3.1439995765686035
2019-12-04,5.279912948608398,3.220372200012207
2019-12-05,5.265895366668701,3.207643508911133
2019-12-06,5.359345436096191,3.2840158939361572
2019-12-09,5.396725177764893,3.280379056930542
2019-12-10,5.378035068511963,3.2549214363098145
2019-12-11,5.3733625411987305,3.2731053829193115
2019-12-12,5.46213960647583,3.293107748031616
2019-12-13,5.410742282867432,3.293107748031616
2019-12-16,5.4761576652526855,3.3094735145568848
2019-12-17,5.4434494972229,3.2749240398406982
2019-12-18,5.420087814331055,3.2494661808013916
2019-12-19,5.424759864807129,3.2240090370178223
2019-12-20,5.340655326843262,3.211280107498169
2019-12-23,5.3032755851745605,3.244011402130127
2019-12-24,5.307947635650635,3.253103256225586
2019-12-27,5.3172926902771,3.2785606384277344
2019-12-30,5.326637268066406,3.2731053829193115
2019-12-31,5.307947635650635,3.262195110321045
2020-01-02,5.368690013885498,3.3058366775512695
2020-01-03,5.364017486572266,3.280379056930542
2020-01-06,5.396725177764893,3.2603769302368164
2020-01-07,5.410742282867432,3.2844042778015137
2020-01-08,5.378035068511963,3.250349521636963
2020-01-09,5.452795028686523,3.1973752975463867
2020-01-10,5.438777446746826,3.2011590003967285
2020-01-13,5.448122501373291,3.1954832077026367
2020-01-14,5.4434494972229,3.189807415008545
2020-01-15,5.39205265045166,3.1822397708892822
2020-01-16,5.5602617263793945,3.1973752975463867
2020-01-17,5.747161865234375,3.1727800369262695
2020-01-20,5.849956512451172,3.2030508518218994
2020-01-21,5.835938930511475,3.1822397708892822
2020-01-22,5.733144283294678,3.191699504852295
2020-01-23,5.508864879608154,3.125481367111206
2020-01-24,5.686419486999512,3.157644510269165
2020-01-27,5.382707595825195,3.0781829357147217
2020-01-28,5.4761576652526855,3.1084539890289307
2020-01-29,5.48082971572876,3.1198058128356934
2020-01-30,5.3172926902771,3.097102403640747
2020-01-31,5.214498043060303,3.064939498901367
2020-02-03,5.256550312042236,3.064939498901367
2020-02-04,5.29860258102417,3.097102403640747
2020-02-05,5.368690013885498,3.133049249649048
2020-02-06,5.312620162963867,3.1538608074188232
2020-02-07,5.312620162963867,3.098994493484497
2020-02-10,5.359345436096191,3.125481367111206
2020-02-11,5.378035068511963,3.216294527053833
2020-02-12,5.223843097686768,3.0592637062072754
2020-02-13,5.149083137512207,3.0611557960510254
2020-02-14,5.111702919006348,2.923043966293335
2020-02-17,5.307947635650635,2.951423168182373
2020-02-18,5.251877784729004,2.9041247367858887
2020-02-19,5.29860258102417,2.924936056137085
2020-02-20,5.345327377319336,2.924936056137085
2020-02-21,5.359345436096191,2.9684507846832275
2020-02-24,5.205152988433838,2.9079084396362305
2020-02-25,5.041615962982178,2.80763578414917
2020-02-26,4.9808735847473145,2.7943923473358154
2020-02-27,4.775284290313721,2.7281746864318848
2020-02-28,4.5435285568237305,2.631685733795166
2020-03-02,4.534183502197266,2.660064935684204
2020-03-03,4.579039573669434,2.684659957885742
2020-03-04,4.691179275512695,2.716822862625122
2020-03-05,4.5453972816467285,2.6127665042877197
2020-03-06,4.274393081665039,2.520061492919922
2020-03-09,3.8445239067077637,2.279785394668579
2020-03-10,3.8781661987304688,2.289245128631592
2020-03-11,3.723039388656616,2.223026990890503
2020-03-12,3.214672565460205,1.9922106266021729
2020-03-13,3.076366901397705,1.9619395732879639
2020-03-16,3.029642105102539,1.844639539718628
2020-03-17,2.994131088256836,1.9468042850494385
2020-03-18,2.693222761154175,1.844639539718628
2020-03-19,2.784803628921509,1.8351799249649048
2020-03-20,2.9567511081695557,1.8919379711151123
2020-03-23,2.8969430923461914,1.8190983533859253
2020-03-24,3.2314934730529785,1.9959944486618042
2020-03-25,3.422131061553955,2.052752733230591
2020-03-26,3.3922271728515625,2.0603203773498535
2020-03-27,3.259528398513794,1.9619395732879639
2020-03-30,3.2987773418426514,1.973291277885437
2020-03-31,3.384751081466675,2.0414011478424072
2020-04-01,3.3324191570281982,2.013021945953369
2020-04-02,3.4408209323883057,2.052752733230591
2020-04-03,3.407179117202759,2.0092382431030273
2020-04-06,3.709956407546997,2.0849156379699707
2020-04-07,3.8389170169830322,2.190864086151123
2020-04-08,3.857606887817383,2.2003238201141357
2020-04-09,4.055720806121826,2.28167724609375
2020-04-14,4.2108473777771,2.31384015083313
2020-04-15,4.1080522537231445,2.2362706661224365
2020-04-16,4.126742362976074,2.1984317302703857
2020-04-17,4.253834247589111,2.2343788146972656
2020-04-20,4.233275413513184,2.1851882934570312
2020-04-21,4.154777526855469,2.1435656547546387
2020-04-22,4.31177282333374,2.135997772216797
2020-04-23,4.410829544067383,2.219243288040161
2020-04-24,4.304296970367432,2.1265382766723633
2020-04-27,4.322987079620361,2.1227543354034424
2020-04-28,4.401484966278076,2.2097835540771484
2020-04-29,4.625763893127441,2.2930288314819336
2020-04-30,4.504279613494873,2.245730400085449
2020-05-04,4.470637321472168,2.1984317302703857
2020-05-05,4.397746562957764,2.1832964420318604
2020-05-06,4.392139434814453,2.1473495960235596
2020-05-07,4.42391300201416,2.1870803833007812
2020-05-08,4.420174598693848,2.2078917026519775
2020-05-11,4.341676712036133,2.1246464252471924
2020-05-12,4.28000020980835,2.098159074783325
2020-05-13,4.26800012588501,1.9827508926391602
2020-05-14,4.03000020980835,1.9392364025115967
2020-05-15,4.099999904632568,1.9392364025115967
2020-05-18,4.4019999504089355,2.1151866912841797
2020-05-19,4.48799991607666,2.1151866912841797
2020-05-20,4.480000019073486,2.139781951904297
2020-05-21,4.4679999351501465,2.101943016052246
2020-05-22,4.440000057220459,2.109510898590088
2020-05-25,4.460000038146973,2.128430128097534
2020-05-26,4.453999996185303,2.1473495960235596
2020-05-27,4.368000030517578,2.160593032836914
2020-05-28,4.311999797821045,2.168160915374756
2020-05-29,4.138000011444092,2.105726957321167
2020-06-01,4.119999885559082,2.139781951904297
2020-06-02,4.223999977111816,2.1795125007629395
2020-06-03,4.492000102996826,2.245730400085449
2020-06-04,4.473999977111816,2.2362706661224365
2020-06-05,4.4720001220703125,2.243838310241699
2020-06-08,4.4720001220703125,2.2608659267425537
2020-06-09,4.265999794006348,2.1851882934570312
2020-06-10,4.203999996185303,2.1473495960235596
2020-06-11,4.059999942779541,2.043292999267578
2020-06-12,4.124000072479248,2.0376172065734863
2020-06-15,4.1479997634887695,2.022481679916382
2020-06-16,4.322000026702881,2.075455904006958
2020-06-17,4.354000091552734,2.100051164627075
2020-06-18,4.383999824523926,2.1132946014404297
2020-06-19,4.386000156402588,2.128430128097534
2020-06-22,4.328000068664551,2.105726957321167
2020-06-23,4.308000087738037,2.0943753719329834
2020-06-24,4.199999809265137,2.071672201156616
2020-06-25,4.119999885559082,2.0054540634155273
2020-06-26,4.139999866485596,2.013021945953369
2020-06-29,4.170000076293945,2.0319414138793945
2020-06-30,4.26800012588501,2.047076940536499
2020-07-01,4.210000038146973,2.0281574726104736
2020-07-02,4.297999858856201,2.0584285259246826
2020-07-03,4.28000020980835,2.047076940536499
2020-07-06,4.372000217437744,2.079239845275879
2020-07-07,4.27400016784668,2.050860643386841
2020-07-08,4.251999855041504,2.0338335037231445
2020-07-09,4.179999828338623,2.0262656211853027
2020-07-10,4.276000022888184,2.0546445846557617
2020-07-13,4.302000045776367,2.073563814163208
2020-07-14,4.329999923706055,2.0678882598876953
2020-07-15,4.3460001945495605,2.071672201156616
2020-07-16,4.335999965667725,2.0678882598876953
2020-07-17,4.369999885559082,2.0641043186187744
2020-07-20,4.441999912261963,2.1151866912841797
2020-07-21,4.458000183105469,2.132214069366455
2020-07-22,4.395999908447266,2.1151866912841797
2020-07-23,4.377999782562256,2.111402988433838
2020-07-24,4.303999900817871,2.105726957321167
2020-07-27,4.285999774932861,2.069780111312866
2020-07-28,4.254000186920166,2.0395090579986572
2020-07-29,4.2779998779296875,2.0849156379699707
2020-07-30,4.27400016784668,2.0395090579986572
2020-07-31,4.193999767303467,1.9997785091400146
2020-08-03,4.296000003814697,2.0546445846557617
2020-08-04,4.308000087738037,2.0622124671936035
2020-08-05,4.409999847412109,2.0830235481262207
2020-08-06,4.383999824523926,2.08113169670105
2020-08-07,4.374000072479248,2.069780111312866
2020-08-10,4.429999828338623,2.107618808746338
2020-08-11,4.4679999351501465,2.139781951904297
2020-08-12,4.484000205993652,2.1568093299865723
2020-08-13,4.4720001220703125,2.1870803833007812
2020-08-14,4.478000164031982,2.1832964420318604
2020-08-17,4.489999771118164,2.2419464588165283
2020-08-18,4.434000015258789,2.192756175994873
2020-08-19,4.427999973297119,2.188972234725952
2020-08-20,4.28000020980835,2.130322217941284
2020-08-21,4.245999813079834,2.128430128097534
2020-08-24,4.296000003814697,2.194648027420044
2020-08-25,4.260000228881836,2.128430128097534
2020-08-26,4.25,2.132214069366455
2020-08-27,4.202000141143799,2.134106159210205
2020-08-28,4.138000011444092,2.109510898590088
2020-08-31,4.184000015258789,2.0849156379699707
2020-09-01,4.257999897003174,2.107618808746338
2020-09-02,4.331999778747559,2.1870803833007812
2020-09-03,4.368000030517578,2.1568093299865723
2020-09-04,4.388000011444092,2.168160915374756
2020-09-07,4.453999996185303,2.2041077613830566
2020-09-08,4.590000152587891,2.2154593467712402
2020-09-09,4.521999835968018,2.219243288040161
2020-09-10,4.394000053405762,2.2097835540771484
2020-09-11,4.211999893188477,2.2116756439208984
2020-09-14,4.179999828338623,2.2003238201141357
2020-09-15,4.150000095367432,2.192756175994873
2020-09-16,4.176000118255615,2.24951434135437
2020-09-17,4.236000061035156,2.2343788146972656
2020-09-18,4.239999771118164,2.1851882934570312
2020-09-21,3.990000009536743,2.109510898590088
2020-09-22,3.9760000705718994,2.08113169670105
2020-09-23,3.9079999923706055,2.0357251167297363
2020-09-24,3.8499999046325684,1.9922106266021729
2020-09-25,3.7639999389648438,1.9543719291687012
2020-09-28,3.809999942779541,2.0262656211853027
2020-09-29,3.6579999923706055,2.0016703605651855
2020-09-30,3.746000051498413,2.0092382431030273
2020-10-01,3.7720000743865967,2.013021945953369
2020-10-02,3.7960000038146973,1.9941027164459229
2020-10-05,3.8540000915527344,2.0054540634155273
2020-10-06,3.885999917984009,2.0092382431030273
2020-10-07,3.9040000438690186,2.014914035797119
2020-10-08,3.871999979019165,2.0054540634155273
2020-10-09,3.8499999046325684,1.973291277885437
2020-10-12,3.7939999103546143,1.9846429824829102
2020-10-13,3.7699999809265137,1.9543719291687012
2020-10-14,3.7660000324249268,1.9468042850494385
2020-10-15,3.680000066757202,1.9411283731460571
2020-10-16,3.7260000705718994,1.9335604906082153
2020-10-19,3.799999952316284,1.9505881071090698
2020-10-20,3.628000020980835,1.899505615234375
2020-10-21,3.6019999980926514,1.8777484893798828
2020-10-22,3.553999900817871,1.8635588884353638
2020-10-23,3.559999942779541,1.8654508590698242
2020-10-26,3.384000062942505,1.8162604570388794
2020-10-27,3.240000009536743,1.7576104402542114
2020-10-28,3.2760000228881836,1.8200443983078003
2020-10-29,3.2019999027252197,1.7632861137390137
2020-10-30,3.313999891281128,1.7888274192810059
2020-11-02,3.446000099182129,1.8730186223983765
2020-11-03,3.450000047683716,1.840855598449707
2020-11-04,3.49399995803833,1.8720725774765015
2020-11-05,3.4079999923706055,1.901397705078125
2020-11-06,3.421999931335449,1.8976138830184937
2020-11-09,3.686000108718872,2.0016703605651855
2020-11-10,3.759999990463257,2.0281574726104736
2020-11-11,3.8420000076293945,2.0678882598876953
2020-11-12,3.8420000076293945,2.052752733230591
2020-11-13,3.9079999923706055,2.098159074783325
2020-11-16,4.058000087738037,2.188972234725952
2020-11-17,4.013999938964844,2.1416738033294678
2020-11-18,4.059999942779541,2.164377212524414
2020-11-19,3.9619998931884766,2.1265382766723633
2020-11-20,4.111999988555908,2.160593032836914
2020-11-23,4.133999824523926,2.1832964420318604
2020-11-24,4.46999979019165,2.276001214981079
2020-11-25,4.409999847412109,2.306272268295288
2020-11-26,4.449999809265137,2.3573548793792725
2020-11-27,4.489999771118164,2.374382257461548
2020-11-30,4.50600004196167,2.3611385822296143
2020-12-01,4.688000202178955,2.3838417530059814
2020-12-02,4.834000110626221,2.4122209548950195
2020-12-03,4.926000118255615,2.404653310775757
2020-12-04,5.010000228881836,2.459519386291504
2020-12-07,5.010000228881836,2.4405999183654785
2020-12-08,5.070000171661377,2.4739999771118164
2020-12-09,5.21999979019165,2.49399995803833
2020-12-10,5.239999771118164,2.5
2020-12-11,5.204999923706055,2.4700000286102295
2020-12-14,5.349999904632568,2.503999948501587
2020-12-15,5.289999961853027,2.559999942779541
2020-12-16,5.25,2.562000036239624
2020-12-17,5.289999961853027,2.568000078201294
2020-12-18,5.179999828338623,2.50600004196167
2020-12-21,5.034999847412109,2.437999963760376
2020-12-22,5.135000228881836,2.4619998931884766
2020-12-23,5.119999885559082,2.4619998931884766
2020-12-24,5.119999885559082,2.4519999027252197
2020-12-28,5.184999942779541,2.5179998874664307
2020-12-29,5.199999809265137,2.5239999294281006
2020-12-30,5.210000038146973,2.5160000324249268
2020-12-31,5.159999847412109,2.497999906539917
2021-01-04,5.190000057220459,2.48799991607666
2021-01-05,5.210000038146973,2.4619998931884766
2021-01-06,5.389999866485596,2.5439999103546143
2021-01-07,5.545000076293945,2.621999979019165
2021-01-08,5.465000152587891,2.565999984741211
2021-01-11,5.260000228881836,2.5360000133514404
2021-01-12,5.28000020980835,2.569999933242798
2021-01-13,5.184999942779541,2.5439999103546143
2021-01-14,5.195000171661377,2.5460000038146973
2021-01-15,5.039999961853027,2.5
2021-01-18,5.125,2.5320000648498535
2021-01-19,5.175000190734863,2.552000045776367
2021-01-20,5.175000190734863,2.562000036239624
2021-01-21,5.239999771118164,2.563999891281128
2021-01-22,5.239999771118164,2.5260000228881836
2021-01-25,5.070000171661377,2.4800000190734863
2021-01-26,5.059999942779541,2.4800000190734863
2021-01-27,4.927999973297119,2.446000099182129
2021-01-28,5.025000095367432,2.496000051498413
2021-01-29,4.915999889373779,2.4739999771118164
2021-02-01,4.998000144958496,2.4760000705718994
2021-02-02,4.989999771118164,2.4679999351501465
2021-02-03,4.9720001220703125,2.4639999866485596
2021-02-04,5.090000152587891,2.4779999256134033
2021-02-05,5.15500020980835,2.48799991607666
2021-02-08,5.320000171661377,2.5299999713897705
2021-02-09,5.460000038146973,2.568000078201294
2021-02-10,5.489999771118164,2.5980000495910645
2021-02-11,5.545000076293945,2.5920000076293945
2021-02-12,5.525000095367432,2.6059999465942383
2021-02-15,5.71999979019165,2.7119998931884766
2021-02-16,5.769999980926514,2.7119998931884766
2021-02-17,5.744999885559082,2.697999954223633
2021-02-18,5.784999847412109,2.6579999923706055
2021-02-19,6.0,2.7799999713897705
2021-02-22,6.125,2.805999994277954
2021-02-23,6.025000095367432,2.7639999389648438
