Date,ALTR.LS,SEM.LS
2014-12-31,1.6885714530944824,8.467557907104492
2015-01-02,1.7300381660461426,8.438360214233398
2015-01-05,1.698088526725769,8.40081787109375
2015-01-06,1.7402348518371582,8.33407974243164
2015-01-07,1.7776226997375488,8.138031959533691
2015-01-08,1.8279261589050293,8.384134292602539
2015-01-09,1.8306455612182617,8.34242057800293
2015-01-12,1.8456006050109863,8.413331985473633
2015-01-13,1.8931853771209717,8.509268760681152
2015-01-14,1.9067810773849487,8.676116943359375
2015-01-15,1.9169775247573853,8.78456974029541
2015-01-16,1.91085946559906,8.676116943359375
2015-01-19,1.9577645063400269,8.676116943359375
2015-01-20,1.9727191925048828,8.425846099853516
2015-01-21,1.9611631631851196,8.413331985473633
2015-01-22,2.0053489208221436,8.379962921142578
2015-01-23,2.0182647705078125,8.450872421264648
2015-01-26,2.0882816314697266,8.717830657958984
2015-01-27,2.0529332160949707,8.384134292602539
2015-01-28,2.0454559326171875,8.459216117858887
2015-01-29,2.0821638107299805,8.500926971435547
2015-01-30,2.0869224071502686,8.684459686279297
2015-02-02,2.130427837371826,8.776227951049805
2015-02-03,2.1032369136810303,8.842966079711914
2015-02-04,2.140624523162842,8.801254272460938
2015-02-05,2.1283888816833496,8.847136497497559
2015-02-06,2.143343687057495,8.897192001342773
2015-02-09,2.0848827362060547,8.676116943359375
2015-02-10,2.0434165000915527,8.67194652557373
2015-02-11,2.0998380184173584,8.772056579589844
2015-02-12,2.0998380184173584,8.842966079711914
2015-02-13,2.100517511367798,9.039013862609863
2015-02-16,2.0536129474639893,8.855480194091797
2015-02-17,2.044095993041992,8.797082901000977
2015-02-18,2.066528797149658,8.855480194091797
2015-02-19,2.0576915740966797,8.75537109375
2015-02-20,2.039337635040283,8.918048858642578
2015-02-23,2.055652379989624,8.897192001342773
2015-02-24,2.067208766937256,9.39356803894043
2015-02-25,2.025742292404175,9.760632514953613
2015-02-26,2.066528797149658,10.181925773620605
2015-02-27,2.112074136734009,10.31123161315918
2015-03-02,2.124310255050659,10.12769889831543
2015-03-03,2.1508214473724365,10.035932540893555
2015-03-04,2.1215908527374268,9.923310279846191
2015-03-05,2.1895687580108643,10.261178016662598
2015-03-06,2.1848104000091553,10.307060241699219
2015-03-09,2.1922879219055176,10.415512084960938
2015-03-10,2.202484607696533,10.340433120727539
2015-03-11,2.349997043609619,10.678298950195312
2015-03-12,2.3472776412963867,10.728353500366211
2015-03-13,2.3506765365600586,10.84097671508789
2015-03-16,2.3663113117218018,10.782580375671387
2015-03-17,2.289496421813965,10.707496643066406
2015-03-18,2.4322502613067627,10.590703964233398
2015-03-19,2.600835084915161,10.473909378051758
2015-03-20,2.5688858032226562,10.686641693115234
2015-03-23,2.6130714416503906,10.715841293334961
2015-03-24,2.696004629135132,10.790921211242676
2015-03-25,2.605593681335449,10.574018478393555
2015-03-26,2.665414333343506,10.282033920288086
2015-03-27,2.7170774936676025,10.469738960266113
2015-03-30,2.7191171646118164,10.436369895935059
2015-03-31,2.6980440616607666,10.377971649169922
2015-04-01,2.6994032859802246,10.419684410095215
2015-04-02,2.783695697784424,10.574018478393555
2015-04-07,2.7891340255737305,10.649101257324219
2015-04-08,2.8611907958984375,11.00782585144043
2015-04-09,2.8693485260009766,11.620992660522461
2015-04-10,2.9094550609588623,11.833724975585938
2015-04-13,2.9135336875915527,11.620992660522461
2015-04-14,2.923050880432129,11.37906265258789
2015-04-15,2.917612314224243,11.658534049987793
2015-04-16,2.8224434852600098,11.349863052368164
2015-04-17,2.757864236831665,11.124618530273438
2015-04-20,2.705521583557129,11.170501708984375
2015-04-21,2.7639825344085693,11.295637130737305
2015-04-22,2.6756110191345215,11.078734397888184
2015-04-23,2.678330183029175,10.99531078338623
2015-04-24,2.748347520828247,11.070393562316895
2015-04-27,2.783695697784424,11.258098602294922
2015-04-28,2.7442688941955566,11.107934951782227
2015-04-29,2.6246275901794434,10.786750793457031
2015-04-30,2.5974364280700684,10.669957160949707
2015-05-04,2.6191890239715576,11.095419883728027
2015-05-05,2.5940375328063965,10.774236679077148
2015-05-06,2.6103522777557373,10.594874382019043
2015-05-07,2.6436758041381836,10.636587142944336
2015-05-08,2.7249021530151367,11.037022590637207
2015-05-11,2.69504976272583,11.328941345214844
2015-05-12,2.6388161182403564,11.363283157348633
2015-05-13,2.635344982147217,11.303181648254395
2015-05-14,2.652700901031494,11.371870040893555
2015-05-15,2.658255100250244,11.419090270996094
2015-05-18,2.706157922744751,11.367576599121094
2015-05-19,2.8512542247772217,11.83549976348877
2015-05-20,2.8630564212799072,11.94282341003418
2015-05-21,2.890132188796997,11.865550994873047
2015-05-22,2.8804128170013428,11.79686450958252
2015-05-25,2.8332040309906006,11.436262130737305
2015-05-26,2.8276500701904297,11.363283157348633
2015-05-27,2.8491716384887695,11.672371864318848
2015-05-28,2.8338983058929443,11.719593048095703
2015-05-29,2.6381218433380127,11.213032722473145
2015-06-01,2.568697690963745,11.213032722473145
2015-06-02,2.6235427856445312,11.423383712768555
2015-06-03,2.671445846557617,11.650906562805176
2015-06-04,2.6436758041381836,11.268839836120605
2015-06-05,2.5916075706481934,10.994094848632812
2015-06-08,2.415964365005493,10.607732772827148
2015-06-09,2.410410165786743,10.75798511505127
2015-06-10,2.4784462451934814,11.032732009887695
2015-06-11,2.5277373790740967,11.084245681762695
2015-06-12,2.4631729125976562,11.049901962280273
2015-06-15,2.339597463607788,10.586270332336426
2015-06-16,2.4576187133789062,10.539047241210938
2015-06-17,2.387500286102295,10.457484245300293
2015-06-18,2.3750038146972656,10.418846130371094
2015-06-19,2.360424757003784,11.002680778503418
2015-06-22,2.3944427967071533,11.032732009887695
2015-06-23,2.4992735385894775,10.908236503601074
2015-06-24,2.386805772781372,10.775156021118164
2015-06-25,2.4222123622894287,10.599148750305176
2015-06-26,2.444427967071533,10.73222827911377
2015-06-29,2.2417097091674805,10.345868110656738
2015-06-30,2.2680907249450684,10.397381782531738
2015-07-01,2.371532678604126,10.736520767211914
2015-07-02,2.39027738571167,10.551926612854004
2015-07-03,2.4124929904937744,10.56051254272461
2015-07-06,2.2576770782470703,10.049657821655273
2015-07-07,2.2146339416503906,9.663298606872559
2015-07-08,2.2937774658203125,9.835013389587402
2015-07-09,2.4340145587921143,10.311524391174316
2015-07-10,2.5437047481536865,10.624906539916992
2015-07-13,2.5860536098480225,10.650662422180176
2015-07-14,2.5499532222747803,10.590561866760254
2015-07-15,2.613823413848877,10.680713653564453
2015-07-16,2.772110939025879,11.032732009887695
2015-07-17,2.7387869358062744,10.938285827636719
2015-07-20,2.795020818710327,10.891064643859863
2015-07-21,2.7117116451263428,10.90394401550293
2015-07-22,2.692967176437378,10.702178001403809
2015-07-23,2.6700568199157715,10.401676177978516
2015-07-24,2.6096580028533936,10.315818786621094
2015-07-27,2.595773220062256,10.324402809143066
2015-07-28,2.615906238555908,10.448897361755371
2015-07-29,2.6172945499420166,10.680713653564453
2015-07-30,2.655478000640869,10.53475570678711
2015-07-31,2.687413215637207,10.573390007019043
2015-08-03,2.721431016921997,11.2860107421875
2015-08-04,2.669362783432007,11.479190826416016
2015-08-05,2.7255966663360596,11.655200004577637
2015-08-06,2.6971328258514404,11.122880935668945
2015-08-07,2.647841215133667,11.075658798217773
2015-08-10,2.6728341579437256,11.118587493896484
2015-08-11,2.5916075706481934,11.152932167053223
2015-08-12,2.4805288314819336,10.788034439086914
2015-08-13,2.6041040420532227,11.251667976379395
2015-08-14,2.616600513458252,11.500656127929688
2015-08-17,2.589524984359741,11.547877311706543
2015-08-18,2.5839710235595703,11.547877311706543
2015-08-19,2.513852596282959,11.504947662353516
2015-08-20,2.4354028701782227,11.672371864318848
2015-08-21,2.4020793437957764,11.208739280700684
2015-08-24,2.2208821773529053,10.865307807922363
2015-08-25,2.297248601913452,11.075658798217773
2015-08-26,2.290306568145752,11.002680778503418
2015-08-27,2.361119031906128,11.092830657958984
2015-08-28,2.345845937728882,10.938285827636719
2015-08-31,2.3048856258392334,11.157224655151367
2015-09-01,2.256288528442383,10.633492469787598
2015-09-02,2.2153284549713135,10.320111274719238
2015-09-03,2.2680907249450684,10.672128677368164
2015-09-04,2.2049145698547363,10.646369934082031
2015-09-07,2.2042202949523926,10.654955863952637
2015-09-08,2.284752368927002,10.955458641052246
2015-09-09,2.4638671875,10.895357131958008
2015-09-10,2.4853885173797607,10.723642349243164
2015-09-11,2.4701151847839355,10.573390007019043
2015-09-14,2.4041621685028076,10.35445499420166
2015-09-15,2.4381802082061768,10.238546371459961
2015-09-16,2.49788498878479,10.290060043334961
2015-09-17,2.543010711669922,10.277182579040527
2015-09-18,2.5645322799682617,10.139809608459473
2015-09-21,2.615906238555908,10.174153327941895
2015-09-22,2.5103812217712402,9.594612121582031
2015-09-23,2.5464820861816406,9.903700828552246
2015-09-24,2.5173237323760986,9.87794303894043
2015-09-25,2.540928363800049,10.049657821655273
2015-09-28,2.4360973834991455,9.774914741516113
2015-09-29,2.4013850688934326,9.650419235229492
2015-09-30,2.5013558864593506,9.946629524230957
2015-10-01,2.5853593349456787,9.770621299743652
2015-10-02,2.637427806854248,9.865063667297363
2015-10-05,2.7040748596191406,10.13122272491455
2015-10-06,2.726290702819824,10.294352531433105
2015-10-07,2.684636354446411,10.234253883361816
2015-10-08,2.7283735275268555,10.101174354553223
2015-10-09,2.7367043495178223,10.208495140075684
2015-10-12,2.7012979984283447,10.298646926879883
2015-10-13,2.6728341579437256,10.122637748718262
2015-10-14,2.6631147861480713,9.993851661682129
2015-10-15,2.792937994003296,10.311524391174316
2015-10-16,2.763779640197754,10.264302253723145
2015-10-19,2.8394522666931152,10.199909210205078
2015-10-20,2.8519484996795654,10.242837905883789
2015-10-21,2.900545358657837,10.212787628173828
2015-10-22,2.9408118724823,10.397381782531738
2015-10-23,2.9387288093566895,10.508997917175293
2015-10-26,3.006070375442505,10.852429389953613
2015-10-27,2.9095709323883057,10.873893737792969
2015-10-28,2.934563636779785,10.87818717956543
2015-10-29,2.9838547706604004,11.019851684570312
2015-10-30,2.9859373569488525,11.049901962280273
2015-11-02,3.1254799365997314,11.06278133392334
2015-11-03,3.2629404067993164,11.311768531799316
2015-11-04,3.3524975776672363,11.281718254089355
2015-11-05,3.3129255771636963,11.195860862731934
2015-11-06,3.3837385177612305,11.358990669250488
2015-11-09,3.443443775177002,10.749401092529297
2015-11-10,3.4830150604248047,10.702178001403809
2015-11-11,3.5274462699890137,11.06278133392334
2015-11-12,3.511479139328003,10.925409317016602
2015-11-13,3.4517743587493896,11.028438568115234
2015-11-16,3.4712131023406982,11.11429500579834
2015-11-17,3.540637254714966,11.058486938476562
2015-11-18,3.6253347396850586,11.157224655151367
2015-11-19,3.6378307342529297,11.195860862731934
2015-11-20,3.5496621131896973,11.10141658782959
2015-11-23,3.545497179031372,10.989801406860352
2015-11-24,3.5107853412628174,11.075658798217773
2015-11-25,3.561464786529541,11.06278133392334
2015-11-26,3.582291841506958,11.204446792602539
2015-11-27,3.5649361610412598,11.174395561218262
2015-11-30,3.6128385066986084,11.410505294799805
2015-12-01,3.5760438442230225,11.419090270996094
2015-12-02,3.6260294914245605,11.423383712768555
2015-12-03,3.5225868225097656,11.234496116638184
2015-12-04,3.4941229820251465,11.127174377441406
2015-12-07,3.476767063140869,11.122880935668945
2015-12-08,3.4205334186553955,10.964044570922852
2015-12-09,3.4309468269348145,10.92111587524414
2015-12-10,3.3601341247558594,10.873893737792969
2015-12-11,3.1199264526367188,10.861014366149902
2015-12-14,3.0518906116485596,10.792328834533691
2015-12-15,3.2698826789855957,11.07995319366455
2015-12-16,3.3150084018707275,11.247376441955566
2015-12-17,3.353191614151001,11.281718254089355
2015-12-18,3.401094436645508,11.539290428161621
2015-12-21,3.2809906005859375,11.333232879638672
2015-12-22,3.271965503692627,11.191567420959473
2015-12-23,3.2920987606048584,11.509241104125977
2015-12-24,3.285155773162842,10.964044570922852
2015-12-28,3.240029811859131,10.75798511505127
2015-12-29,3.2789077758789062,10.830965042114258
2015-12-30,3.340001106262207,10.861014366149902
2015-12-31,3.340001106262207,10.861014366149902
2016-01-04,3.242807388305664,10.822378158569336
2016-01-05,3.2435014247894287,10.822378158569336
2016-01-06,3.212954521179199,10.908236503601074
2016-01-07,3.200458288192749,10.766571998596191
2016-01-08,3.1594982147216797,10.629199028015137
2016-01-11,3.1074299812316895,10.320111274719238
2016-01-12,3.277519702911377,10.616320610046387
2016-01-13,3.271965503692627,11.161518096923828
2016-01-14,3.1865737438201904,10.56480598449707
2016-01-15,2.916513204574585,9.959507942199707
2016-01-18,2.8304271697998047,9.684761047363281
2016-01-19,2.8436176776885986,9.76203441619873
2016-01-20,2.5832767486572266,9.36279582977295
2016-01-21,2.568697690963745,9.27264404296875
2016-01-22,2.6013271808624268,9.444360733032227
2016-01-25,2.586747884750366,9.547390937805176
2016-01-26,2.5888309478759766,9.49587631225586
2016-01-27,2.6172945499420166,9.508753776550293
2016-01-28,2.55342435836792,9.328452110290527
2016-01-29,2.606186866760254,9.517338752746582
2016-02-01,2.6311795711517334,9.555975914001465
2016-02-02,2.540928363800049,9.53880500793457
2016-02-03,2.547870397567749,9.444360733032227
2016-02-04,2.5284314155578613,9.306988716125488
2016-02-05,2.4229066371917725,9.255474090576172
2016-02-08,2.250734567642212,8.84335708618164
2016-02-09,2.1729795932769775,8.663055419921875
2016-02-10,2.206303119659424,8.88199234008789
2016-02-11,2.098001480102539,8.671640396118164
2016-02-12,2.1646485328674316,8.83906364440918
2016-02-15,2.235461473464966,9.088050842285156
2016-02-16,2.218799352645874,9.062294006347656
2016-02-17,2.3937485218048096,9.328452110290527
2016-02-18,2.363896131515503,9.337038040161133
2016-02-19,2.421518087387085,9.19537353515625
2016-02-22,2.4305434226989746,9.349916458129883
2016-02-23,2.3722269535064697,9.02795124053955
2016-02-24,2.4472053050994873,9.281230926513672
2016-02-25,2.4624786376953125,9.36279582977295
2016-02-26,2.4465110301971436,9.740571022033691
2016-02-29,2.413881540298462,9.903700828552246
2016-03-01,2.461090087890625,9.895113945007324
2016-03-02,2.484694480895996,9.744863510131836
2016-03-03,2.4992735385894775,9.547390937805176
2016-03-04,2.5284314155578613,9.641833305358887
2016-03-07,2.557589530944824,9.628955841064453
2016-03-08,2.529820203781128,9.487289428710938
2016-03-09,2.5367627143859863,9.534510612487793
2016-03-10,2.5048272609710693,9.465825080871582
2016-03-11,2.582582712173462,9.573147773742676
2016-03-14,2.672139883041382,9.701933860778809
2016-03-15,2.658949136734009,9.637540817260742
2016-03-16,2.698521137237549,9.714811325073242
2016-03-17,2.7124059200286865,9.826428413391113
2016-03-18,2.690190076828003,9.676177024841309
2016-03-21,2.671445846557617,9.783499717712402
2016-03-22,2.706157922744751,9.826428413391113
2016-03-23,2.7360103130340576,9.774914741516113
2016-03-24,2.7380928993225098,9.907994270324707
2016-03-29,2.7040748596191406,9.66759204864502
2016-03-30,2.7304561138153076,9.993851661682129
2016-03-31,2.6624205112457275,9.959507942199707
2016-04-01,2.595078706741333,9.925165176391602
2016-04-04,2.592996120452881,9.697641372680664
2016-04-05,2.5617551803588867,9.482995986938477
2016-04-06,2.5499532222747803,9.534510612487793
2016-04-07,2.535374164581299,9.264060020446777
2016-04-08,2.5832767486572266,9.384261131286621
2016-04-11,2.592996120452881,9.633247375488281
2016-04-12,2.616600513458252,9.513046264648438
2016-04-13,2.755449056625366,9.959507942199707
2016-04-14,2.619377613067627,9.87794303894043
2016-04-15,2.6339564323425293,9.79637622833252
2016-04-18,2.527043104171753,9.680468559265137
2016-04-19,2.345845937728882,9.616076469421387
2016-04-20,2.369450092315674,9.907994270324707
2016-04-21,2.329878330230713,9.804964065551758
2016-04-22,2.3048856258392334,9.56456184387207
2016-04-25,2.336820602416992,9.517338752746582
2016-04-26,2.311133623123169,9.513046264648438
2016-04-27,2.367367744445801,9.55168342590332
2016-04-28,2.397219657897949,9.55168342590332
2016-04-29,2.363201856613159,9.487289428710938
2016-05-02,2.397219657897949,9.624662399291992
2016-05-03,2.339597463607788,9.588397026062012
2016-05-04,2.336820602416992,9.601663589477539
2016-05-05,2.4013850688934326,9.694541931152344
2016-05-06,2.3944427967071533,9.606086730957031
2016-05-09,2.434861660003662,9.530900955200195
2016-05-10,2.440101146697998,9.553013801574707
2016-05-11,2.4101614952087402,9.420333862304688
2016-05-12,2.395939826965332,9.305344581604004
2016-05-13,2.3749818801879883,9.3849515914917
2016-05-16,2.34728741645813,9.340725898742676
2016-05-17,2.380970001220703,9.287653923034668
2016-05-18,2.3240840435028076,9.185932159423828
2016-05-19,2.352526903152466,9.438024520874023
2016-05-20,2.3450419902801514,9.433600425720215
2016-05-23,2.3435449600219727,9.486676216125488
2016-05-24,2.416898012161255,9.685694694519043
2016-05-25,2.510460138320923,9.8449125289917
2016-05-26,2.5156993865966797,9.946634292602539
2016-05-27,2.5261783599853516,9.734344482421875
2016-05-30,2.5658485889434814,9.774148941040039
2016-05-31,2.563603162765503,9.800684928894043
2016-06-01,2.5403997898101807,9.694541931152344
2016-06-02,2.4371073246002197,9.694541931152344
2016-06-03,2.3697423934936523,9.39822006225586
2016-06-06,2.407167434692383,9.305344581604004
2016-06-07,2.415400743484497,9.433600425720215
2016-06-08,2.400430917739868,9.508788108825684
2016-06-09,2.4281251430511475,9.69896411895752
2016-06-10,2.376478672027588,9.327457427978516
2016-06-13,2.296389579772949,9.013445854187012
2016-06-14,2.2260310649871826,8.845383644104004
2016-06-15,2.2005820274353027,8.624249458312988
2016-06-16,2.1384568214416504,8.765775680541992
2016-06-17,2.2612102031707764,9.02229118347168
2016-06-20,2.392197370529175,9.300922393798828
2016-06-21,2.396688222885132,9.274383544921875
2016-06-22,2.342796564102173,9.252270698547363
2016-06-23,2.3944427967071533,9.508788108825684
2016-06-24,2.2454917430877686,8.933837890625
2016-06-27,2.1466901302337646,8.545525550842285
2016-06-28,2.1668994426727295,8.703858375549316
2016-06-29,2.17962384223938,8.845383644104004
2016-06-30,2.175132989883423,8.757814407348633
2016-07-01,2.283665180206299,8.916147232055664
2016-07-04,2.28216814994812,8.9913330078125
2016-07-05,2.1826181411743164,8.721548080444336
2016-07-06,2.1758816242218018,8.643710136413574
2016-07-07,2.170642375946045,8.713586807250977
2016-07-08,2.2559707164764404,8.902876853942871
2016-07-11,2.312108039855957,9.2124662399292
2016-07-12,2.3951914310455322,9.305344581604004
2016-07-13,2.3442935943603516,9.243425369262695
2016-07-14,2.3884549140930176,9.243425369262695
2016-07-15,2.391448736190796,9.053250312805176
2016-07-18,2.425879716873169,9.159394264221191
2016-07-19,2.4475860595703125,9.323034286499023
2016-07-20,2.435610294342041,9.389374732971191
2016-07-21,2.4902503490448,9.58397388458252
2016-07-22,2.4902503490448,9.752035140991211
2016-07-25,2.514950752258301,9.897984504699707
2016-07-26,2.568094253540039,10.039510726928711
2016-07-27,2.6055190563201904,9.982015609741211
2016-07-28,2.578572988510132,9.880294799804688
2016-07-29,2.5942916870117188,9.933365821838379
2016-08-01,2.534411668777466,9.862603187561035
2016-08-02,2.4954898357391357,9.495518684387207
2016-08-03,2.4588136672973633,9.659159660339355
2016-08-04,2.4880049228668213,9.690117835998535
2016-08-05,2.5808186531066895,9.920098304748535
2016-08-08,2.61749529838562,9.937788963317871
2016-08-09,2.645937919616699,10.247377395629883
2016-08-10,2.6377041339874268,10.402172088623047
2016-08-11,2.6721351146698,10.636573791503906
2016-08-12,2.6676440238952637,10.663111686706543
2016-08-15,2.6990811824798584,10.60561466217041
2016-08-16,2.661656379699707,10.437552452087402
2016-08-17,2.6399497985839844,10.37563419342041
2016-08-18,2.6788718700408936,10.627729415893555
2016-08-19,2.662404775619507,10.548120498657227
2016-08-22,2.6945900917053223,10.419862747192383
2016-08-23,2.682614326477051,10.441975593566895
2016-08-24,2.6930932998657227,10.393326759338379
2016-08-25,2.6549198627471924,10.402172088623047
2016-08-26,2.6781232357025146,10.402172088623047
2016-08-29,2.657165288925171,10.34467601776123
2016-08-30,2.6796200275421143,10.481781005859375
2016-08-31,2.651177406311035,10.349098205566406
2016-09-01,2.690847635269165,10.411017417907715
2016-09-02,2.705817699432373,10.534852027893066
2016-09-05,2.711805582046509,10.649842262268066
2016-09-06,2.6115071773529053,10.570233345031738
2016-09-07,2.5621063709259033,10.711758613586426
2016-09-08,2.5793216228485107,10.610038757324219
2016-09-09,2.5029749870300293,10.512739181518555
2016-09-12,2.4580650329589844,10.526006698608398
2016-09-13,2.3547723293304443,10.220841407775879
2016-09-14,2.3824667930603027,10.234108924865723
2016-09-15,2.371239423751831,10.158923149108887
2016-09-16,2.3061201572418213,9.79626178741455
2016-09-19,2.3487844467163086,10.145654678344727
2016-09-20,2.3300719261169434,10.08373737335205
2016-09-21,2.3704910278320312,9.951057434082031
2016-09-22,2.402676582336426,10.203150749206543
2016-09-23,2.371987819671631,10.145654678344727
2016-09-26,2.362257242202759,10.061623573303223
2016-09-27,2.322587013244629,9.968748092651367
2016-09-28,2.336060047149658,10.181036949157715
2016-09-29,2.326329469680786,10.229686737060547
2016-09-30,2.3293235301971436,10.070470809936523
2016-10-03,2.3285751342773438,10.017398834228516
2016-10-04,2.380970001220703,10.433131217956543
2016-10-05,2.342796564102173,10.50389289855957
2016-10-06,2.3053715229034424,10.35794448852539
2016-10-07,2.293395519256592,10.411017417907715
2016-10-10,2.3113596439361572,10.366789817810059
2016-10-11,2.331568956375122,10.37121295928955
2016-10-12,2.316599130630493,10.380056381225586
2016-10-13,2.2664496898651123,10.216418266296387
2016-10-14,2.3188445568084717,10.282758712768555
2016-10-17,2.333065986633301,10.349098205566406
2016-10-18,2.3749818801879883,10.366789817810059
2016-10-19,2.4573163986206055,10.534852027893066
2016-10-20,2.4288735389709473,10.437552452087402
2016-10-21,2.3847124576568604,10.419862747192383
2016-10-24,2.402676582336426,10.433131217956543
2016-10-25,2.3734848499298096,10.411017417907715
2016-10-26,2.4101614952087402,10.31813907623291
2016-10-27,2.3637542724609375,10.326985359191895
2016-10-28,2.3600120544433594,10.380056381225586
2016-10-31,2.3779759407043457,10.366789817810059
2016-11-01,2.348036050796509,10.189882278442383
2016-11-02,2.32108998298645,10.101428985595703
2016-11-03,2.312856435775757,10.097005844116211
2016-11-04,2.3061201572418213,10.043932914733887
2016-11-07,2.381718397140503,10.163345336914062
2016-11-08,2.3734848499298096,10.242955207824707
2016-11-09,2.376478672027588,10.225264549255371
2016-11-10,2.341299295425415,10.309294700622559
2016-11-11,2.3008806705474854,10.42870807647705
2016-11-14,2.3689937591552734,10.397748947143555
2016-11-15,2.3016293048858643,10.30044937133789
2016-11-16,2.342047929763794,10.309294700622559
2016-11-17,2.3704910278320312,10.326985359191895
2016-11-18,2.473783493041992,10.526006698608398
2016-11-21,2.5074658393859863,10.486202239990234
2016-11-22,2.5868067741394043,10.813481330871582
2016-11-23,2.572585105895996,10.720605850219727
2016-11-24,2.657165288925171,10.760409355163574
2016-11-25,2.7484822273254395,10.946163177490234
2016-11-28,2.6990811824798584,10.685222625732422
2016-11-29,2.697584390640259,10.636573791503906
2016-11-30,2.7395002841949463,10.747140884399414
2016-12-01,2.7537214756011963,10.862130165100098
2016-12-02,2.6721351146698,10.623305320739746
2016-12-05,2.720787763595581,10.817904472351074
2016-12-06,2.7619550228118896,10.875399589538574
2016-12-07,2.8210861682891846,11.260173797607422
2016-12-08,2.858511209487915,11.361896514892578
2016-12-09,2.843541145324707,11.45919418334961
2016-12-12,2.800877094268799,11.47246265411377
2016-12-13,2.829319715499878,11.450348854064941
2016-12-14,2.829319715499878,11.432659149169922
2016-12-15,2.8914449214935303,11.481307983398438
2016-12-16,2.9266245365142822,11.454771041870117
2016-12-19,2.9041695594787598,11.481307983398438
2016-12-20,2.892193555831909,11.454771041870117
2016-12-21,2.8472836017608643,11.49899959564209
2016-12-22,2.795637369155884,11.49899959564209
2016-12-23,2.8540198802948,11.720134735107422
2016-12-27,2.9049179553985596,11.80416488647461
2016-12-28,2.8847086429595947,11.698019981384277
2016-12-29,2.9049179553985596,11.848392486572266
2016-12-30,2.892193555831909,11.852813720703125
2017-01-02,2.9692888259887695,11.936844825744629
2017-01-03,2.9692888259887695,12.0297212600708
2017-01-04,2.986504077911377,11.941268920898438
2017-01-05,2.9752767086029053,11.879351615905762
2017-01-06,2.9595584869384766,11.65821647644043
2017-01-09,2.9168941974639893,11.468039512634277
2017-01-10,2.9153969287872314,11.384008407592773
2017-01-11,2.9146485328674316,11.361896514892578
2017-01-12,2.9408457279205322,11.37074089050293
2017-01-13,2.9505763053894043,11.512267112731934
2017-01-16,3.0186893939971924,11.437081336975098
2017-01-17,2.971534252166748,11.286709785461426
2017-01-18,3.011204481124878,11.54322624206543
2017-01-19,3.006713628768921,11.521111488342285
2017-01-20,3.07407808303833,11.512267112731934
2017-01-23,3.014946699142456,11.36631965637207
2017-01-24,3.0680904388427734,11.36631965637207
2017-01-25,3.0680904388427734,11.286709785461426
2017-01-26,3.1264731884002686,11.649369239807129
2017-01-27,3.113748788833618,11.596297264099121
2017-01-30,3.059108257293701,11.552072525024414
2017-01-31,3.035905122756958,11.631678581237793
2017-02-01,3.065845012664795,11.476885795593262
2017-02-02,3.1025211811065674,11.485730171203613
2017-02-03,3.089048147201538,11.552072525024414
2017-02-06,3.0538687705993652,11.423812866210938
2017-02-07,3.0882997512817383,11.667060852050781
2017-02-08,3.065096139907837,11.565339088439941
2017-02-09,3.0568628311157227,11.587453842163086
2017-02-10,3.065845012664795,11.755515098571777
2017-02-13,3.065096139907837,11.808587074279785
2017-02-14,3.07482647895813,11.879351615905762
2017-02-15,3.217041015625,11.87492847442627
2017-02-16,3.223778009414673,11.768783569335938
2017-02-17,3.208807945251465,11.817431449890137
2017-02-20,3.193089008331299,11.777627944946289
2017-02-21,3.246232509613037,11.852813720703125
2017-02-22,3.229017496109009,11.821855545043945
2017-02-23,3.223778009414673,11.759937286376953
2017-02-24,3.255963087081909,11.808587074279785
2017-02-27,3.237999200820923,11.728979110717773
2017-02-28,3.221532106399536,12.250858306884766
2017-03-01,3.3278191089630127,12.149134635925293
2017-03-02,3.305363893508911,12.038567543029785
2017-03-03,3.270933151245117,11.919154167175293
2017-03-06,3.1751255989074707,11.852813720703125
2017-03-07,3.158658504486084,11.857236862182617
2017-03-08,3.139197587966919,11.932422637939453
2017-03-09,3.143688440322876,11.928000450134277
2017-03-10,3.137700319290161,11.86166000366211
2017-03-13,3.133958101272583,11.852813720703125
2017-03-14,3.113748788833618,11.724556922912598
2017-03-15,3.069587230682373,11.795319557189941
2017-03-16,3.118988037109375,11.879351615905762
2017-03-17,3.127969980239868,11.826277732849121
2017-03-20,3.1324613094329834,11.936844825744629
2017-03-21,3.099527359008789,11.857236862182617
2017-03-22,3.09877872467041,11.857236862182617
2017-03-23,3.115245819091797,11.888195037841797
2017-03-24,3.1130001544952393,12.069527626037598
2017-03-27,3.061353921890259,11.976649284362793
2017-03-28,3.1414432525634766,12.047412872314453
2017-03-29,3.120485305786133,12.197785377502441
2017-03-30,3.1511735916137695,12.46314525604248
2017-03-31,3.1362035274505615,12.64889907836914
2017-04-03,3.124976396560669,12.538331985473633
2017-04-04,3.148928165435791,12.657745361328125
2017-04-05,3.1362035274505615,12.923104286193848
2017-04-06,3.160155773162842,12.88330078125
2017-04-07,3.1519219875335693,12.85234260559082
2017-04-10,3.158658504486084,12.834651947021484
2017-04-11,3.1167426109313965,12.825806617736816
2017-04-12,3.1167426109313965,12.825806617736816
2017-04-13,3.0875513553619385,12.781579971313477
2017-04-18,3.049377679824829,12.728507995605469
2017-04-19,3.0882997512817383,12.59140396118164
2017-04-20,3.16314959526062,12.73735237121582
2017-04-21,3.133209705352783,12.693126678466797
2017-04-24,3.1893470287323,12.7771577835083
2017-04-25,3.1885986328125,12.706392288208008
2017-04-26,3.2252748012542725,12.520641326904297
2017-04-27,3.202071189880371,12.693126678466797
2017-04-28,3.207310914993286,12.73735237121582
2017-05-02,3.241741418838501,12.799270629882812
2017-05-03,3.2447357177734375,12.88330078125
2017-05-04,3.285902976989746,12.88330078125
2017-05-05,3.2402446269989014,12.90983772277832
2017-05-08,3.2933881282806396,12.98060131072998
2017-05-09,3.3240764141082764,13.268074989318848
2017-05-10,3.2791664600372314,13.533437728881836
2017-05-11,3.3228251934051514,13.52901554107666
2017-05-12,3.329969882965088,13.63515853881836
2017-05-15,3.392679452896118,13.962438583374023
2017-05-16,3.337907314300537,13.798799514770508
2017-05-17,3.250589609146118,13.812065124511719
2017-05-18,3.2299511432647705,13.688231468200684
2017-05-19,3.3498144149780273,14.148191452026367
2017-05-22,3.3736281394958496,14.165881156921387
2017-05-23,3.43633770942688,14.2543363571167
2017-05-24,3.4665021896362305,14.400284767150879
2017-05-25,3.4847593307495117,14.519698143005371
2017-05-26,3.453801155090332,14.444512367248535
2017-05-29,3.4903159141540527,14.453356742858887
2017-05-30,3.4720587730407715,14.625843048095703
2017-05-31,3.4450697898864746,14.656801223754883
2017-06-01,3.485553026199341,14.771791458129883
2017-06-02,3.4926974773406982,14.908895492553711
2017-06-05,3.480790853500366,14.927069664001465
2017-06-06,3.4934911727905273,15.372384071350098
2017-06-07,3.4720587730407715,15.176990509033203
2017-06-08,3.3712470531463623,15.167901039123535
2017-06-09,3.409349203109741,15.34057331085205
2017-06-12,3.419668436050415,15.167901039123535
2017-06-13,3.4728524684906006,15.35875129699707
2017-06-14,3.497460126876831,15.399646759033203
2017-06-15,3.3910915851593018,15.526878356933594
2017-06-16,3.4672958850860596,15.47235107421875
2017-06-19,3.4990479946136475,15.767711639404297
2017-06-20,3.437131404876709,15.649567604064941
2017-06-21,3.4569764137268066,15.776801109313965
2017-06-22,3.3863284587860107,15.535966873168945
2017-06-23,3.358546018600464,15.454174995422363
2017-06-26,3.3466391563415527,15.649567604064941
2017-06-27,3.336319923400879,15.408735275268555
2017-06-28,3.30456805229187,15.363295555114746
2017-06-29,3.2696409225463867,15.413278579711914
2017-06-30,3.2037558555603027,15.426911354064941
2017-07-03,3.242652177810669,15.604126930236816
2017-07-04,3.2355079650878906,15.426911354064941
2017-07-05,3.2529714107513428,15.449631690979004
2017-07-06,3.2005808353424072,15.254239082336426
2017-07-07,3.1735918521881104,15.431455612182617
2017-07-10,3.176766872406006,15.495071411132812
2017-07-11,3.148984432220459,15.35875129699707
2017-07-12,3.1688292026519775,15.326944351196289
2017-07-13,3.1918489933013916,15.435999870300293
2017-07-14,3.21169376373291,15.631393432617188
2017-07-17,3.2243945598602295,15.640478134155273
2017-07-18,3.1751794815063477,15.695006370544434
2017-07-19,3.1894679069519043,15.858592987060547
2017-07-20,3.210900068283081,15.626847267150879
2017-07-21,3.1966116428375244,15.47235107421875
2017-07-24,3.187880039215088,15.304224014282227
2017-07-25,3.1624786853790283,15.26786994934082
2017-07-26,3.149778127670288,15.440542221069336
2017-07-27,3.1291394233703613,15.440542221069336
2017-07-28,3.0410282611846924,15.07702350616455
2017-07-31,3.0481719970703125,14.908895492553711
2017-08-01,3.0529348850250244,14.777119636535645
2017-08-02,3.0426156520843506,14.80892562866211
2017-08-03,3.006894826889038,14.763486862182617
2017-08-04,3.066429376602173,14.995230674743652
2017-08-07,3.0759551525115967,15.067934036254883
2017-08-08,3.0870680809020996,15.090654373168945
2017-08-09,3.060873031616211,14.958878517150879
2017-08-10,3.043409585952759,14.913437843322754
2017-08-11,3.006894826889038,14.677149772644043
2017-08-14,3.022770881652832,14.681694030761719
2017-08-15,2.991018772125244,14.586268424987793
2017-08-16,3.00530743598938,14.459036827087402
2017-08-17,2.9926064014434814,14.631709098815918
2017-08-18,2.956092119216919,14.490846633911133
2017-08-21,2.9600613117218018,14.349981307983398
2017-08-22,3.000544548034668,14.377243995666504
2017-08-23,2.971967935562134,14.25001335144043
2017-08-24,2.960855007171631,14.19548511505127
2017-08-25,2.9767308235168457,14.050076484680176
2017-08-28,2.960855007171631,13.859228134155273
2017-08-29,2.8981449604034424,13.645660400390625
2017-08-30,2.9330718517303467,13.800156593322754
2017-08-31,2.913227081298828,13.791068077087402
2017-09-01,2.9489479064941406,13.972826957702637
2017-09-04,2.944185256958008,13.959196090698242
2017-09-05,2.8981449604034424,13.804698944091797
2017-09-06,2.941009998321533,13.827420234680176
2017-09-07,2.8941760063171387,13.722908020019531
2017-09-08,2.8806815147399902,13.577498435974121
2017-09-11,2.983081102371216,13.859228134155273
2017-09-12,2.983081102371216,13.736538887023926
2017-09-13,3.021976947784424,13.71381950378418
2017-09-14,3.0243585109710693,13.736538887023926
2017-09-15,3.0211832523345947,13.695643424987793
2017-09-18,3.1283457279205322,14.081884384155273
2017-09-19,3.1847050189971924,14.031900405883789
2017-09-20,3.2696409225463867,14.013724327087402
2017-09-21,3.2744038105010986,14.00463581085205
2017-09-22,3.270434617996216,13.909212112426758
2017-09-25,3.321237802505493,13.84105110168457
2017-09-26,3.314093828201294,13.954651832580566
2017-09-27,3.337907314300537,14.031900405883789
2017-09-28,3.413317918777466,14.395421028137207
2017-09-29,3.546675205230713,14.731677055358887
2017-10-02,3.645106077194214,14.595355987548828
2017-10-03,3.7705254554748535,14.913437843322754
2017-10-04,3.9530982971191406,14.563549041748047
2017-10-05,4.056291580200195,14.904349327087402
2017-10-06,4.080898761749268,14.61807632446289
2017-10-09,4.207112789154053,14.813467979431152
2017-10-10,4.215844631195068,15.286046028137207
2017-10-11,4.180123329162598,15.258784294128418
2017-10-12,4.307131290435791,15.72681713104248
2017-10-13,4.2610907554626465,15.458720207214355
2017-10-16,4.328563213348389,15.190621376037598
2017-10-17,4.27061653137207,15.481440544128418
2017-10-18,4.299986362457275,15.535966873168945
2017-10-19,4.27061653137207,15.549600601196289
2017-10-20,4.3269758224487305,15.517791748046875
2017-10-23,4.356346130371094,15.5132474899292
2017-10-24,4.344439506530762,15.367837905883789
2017-10-25,4.296811580657959,15.286046028137207
2017-10-26,4.3769850730896,15.331486701965332
2017-10-27,4.368252754211426,15.47235107421875
2017-10-30,4.360315322875977,15.649567604064941
2017-10-31,4.3539652824401855,15.59958553314209
2017-11-01,4.422231197357178,15.590496063232422
2017-11-02,4.4825592041015625,15.77225399017334
2017-11-03,4.508754253387451,15.58595085144043
2017-11-06,4.144402980804443,15.108831405639648
2017-11-07,4.258708953857422,14.986141204833984
2017-11-08,4.268234729766846,15.136096000671387
2017-11-09,4.262678623199463,14.886173248291016
2017-11-10,4.216638088226318,14.61807632446289
2017-11-13,4.191236972808838,14.299996376037598
2017-11-14,4.163454055786133,14.259099960327148
2017-11-15,4.098362922668457,14.295453071594238
2017-11-16,4.1896491050720215,14.277276992797852
2017-11-17,4.14757776260376,14.063708305358887
2017-11-20,4.180917739868164,14.345436096191406
2017-11-21,4.15948486328125,14.313629150390625
2017-11-22,4.150753021240234,14.245468139648438
2017-11-23,4.126939296722412,14.168220520019531
2017-11-24,4.015808582305908,14.081884384155273
2017-11-27,4.038034439086914,14.749853134155273
2017-11-28,4.06026029586792,15.331486701965332
2017-11-29,4.155516147613525,15.3814697265625
2017-11-30,4.1293206214904785,15.386014938354492
2017-12-01,4.141227722167969,15.39510440826416
2017-12-04,4.193618297576904,15.408735275268555
2017-12-05,4.312687873840332,15.454174995422363
2017-12-06,4.3380889892578125,15.508702278137207
2017-12-07,4.381747722625732,15.449631690979004
2017-12-08,4.38968563079834,15.59958553314209
2017-12-11,4.376191139221191,15.567774772644043
2017-12-12,4.3539652824401855,15.826786041259766
2017-12-13,4.336501121520996,15.781343460083008
2017-12-14,4.310306072235107,16.10851287841797
2017-12-15,4.311893939971924,16.13123321533203
2017-12-18,4.351583480834961,16.54473876953125
2017-12-19,4.328563213348389,16.3129940032959
2017-12-20,4.313481330871582,16.358434677124023
2017-12-21,4.27061653137207,16.276639938354492
2017-12-22,4.201556205749512,16.258464813232422
2017-12-27,4.145196914672852,16.10851287841797
2017-12-28,4.132495403289795,16.099424362182617
2017-12-29,4.104713439941406,16.172128677368164
2018-01-02,4.12773323059082,16.231201171875
2018-01-03,4.21505069732666,16.231201171875
2018-01-04,4.262678623199463,16.485666275024414
2018-01-05,4.191236972808838,16.412960052490234
2018-01-08,4.207112789154053,16.721954345703125
2018-01-09,4.222989082336426,16.958242416381836
2018-01-10,4.15948486328125,17.140003204345703
2018-01-11,4.143609046936035,17.030946731567383
2018-01-12,4.080105304718018,16.940065383911133
2018-01-15,4.064229488372803,16.921890258789062
2018-01-16,4.056291580200195,16.940065383911133
2018-01-17,4.032477855682373,16.88553810119629
2018-01-18,4.032477855682373,16.812833786010742
2018-01-19,4.095981121063232,16.86736297607422
2018-01-22,4.088043689727783,17.01276969909668
2018-01-23,4.080105304718018,17.140003204345703
2018-01-24,4.024539947509766,17.121826171875
2018-01-25,3.9848504066467285,16.940065383911133
2018-01-26,3.9411916732788086,16.88553810119629
2018-01-29,3.933253288269043,16.812833786010742
2018-01-30,3.8260915279388428,16.685604095458984
2018-01-31,3.861811637878418,16.703779220581055
2018-02-01,3.76655650138855,16.649248123168945
2018-02-02,3.6990838050842285,16.485666275024414
2018-02-05,3.6316115856170654,16.176673889160156
2018-02-06,3.6593942642211914,15.922208786010742
2018-02-07,3.750680446624756,16.358434677124023
2018-02-08,3.5879530906677246,15.994914054870605
2018-02-09,3.5006353855133057,15.940385818481445
2018-02-12,3.611767053604126,16.26755142211914
2018-02-13,3.524449110031128,16.158498764038086
2018-02-14,3.5006353855133057,16.394784927368164
2018-02-15,3.536355972290039,16.358434677124023
2018-02-16,3.568108081817627,16.358434677124023
2018-02-19,3.5720770359039307,16.467491149902344
2018-02-20,3.667332172393799,16.921890258789062
2018-02-21,3.7705254554748535,17.06730079650879
2018-02-22,3.7586188316345215,17.01276969909668
2018-02-23,3.7546494007110596,17.24905776977539
2018-02-26,3.7546494007110596,17.903396606445312
2018-02-27,3.707022190093994,17.703458786010742
2018-02-28,3.7109909057617188,17.4853458404541
2018-03-01,3.635580539703369,17.140003204345703
2018-03-02,3.5323870182037354,16.685604095458984
2018-03-05,3.639549732208252,16.594722747802734
2018-03-06,3.707022190093994,16.976417541503906
2018-03-07,3.651456594467163,17.19453239440918
2018-03-08,3.794339418411255,17.35811424255371
2018-03-09,3.7744944095611572,17.53987693786621
2018-03-12,3.849905014038086,17.46717071533203
2018-03-13,3.8538739681243896,17.339941024780273
2018-03-14,3.87768816947937,17.339941024780273
2018-03-15,3.8895950317382812,17.46717071533203
2018-03-16,4.07216739654541,17.594404220581055
2018-03-19,4.032477855682373,17.55805015563965
2018-03-20,4.048353672027588,17.503524780273438
2018-03-21,4.143609046936035,17.44899559020996
2018-03-22,4.119795322418213,17.24905776977539
2018-03-23,4.15948486328125,17.267234802246094
2018-03-26,4.222989082336426,16.831010818481445
2018-03-27,4.302368640899658,17.01276969909668
2018-03-28,4.262678623199463,16.5765438079834
2018-03-29,4.302368640899658,16.831010818481445
2018-04-03,4.27061653137207,16.721954345703125
2018-04-04,4.2785539627075195,17.230884552001953
2018-04-05,4.326181888580322,17.21270751953125
2018-04-06,4.429375171661377,17.19453239440918
2018-04-09,4.373810291290283,16.976417541503906
2018-04-10,4.373810291290283,17.030946731567383
2018-04-11,4.365871906280518,16.66742706298828
2018-04-12,4.397623538970947,17.01276969909668
2018-04-13,4.38968563079834,17.085472106933594
2018-04-16,4.3499956130981445,16.86736297607422
2018-04-17,4.342058181762695,17.01276969909668
2018-04-18,4.445250988006592,16.940065383911133
2018-04-19,4.596072196960449,16.921890258789062
2018-04-20,4.683389663696289,16.7583065032959
2018-04-23,4.770707607269287,16.631072998046875
2018-04-24,4.881838321685791,16.812833786010742
2018-04-25,4.7786455154418945,16.721954345703125
2018-04-26,4.738955497741699,16.540193557739258
2018-04-27,4.7627692222595215,16.86736297607422
2018-04-30,4.754831314086914,16.849185943603516
2018-05-02,4.842148303985596,16.812833786010742
2018-05-03,4.818335056304932,16.849185943603516
2018-05-04,4.810396671295166,16.812833786010742
2018-05-07,4.850086688995361,17.394466400146484
2018-05-08,4.865962505340576,17.43082046508789
2018-05-09,4.953279495239258,17.339941024780273
2018-05-10,4.921527862548828,17.376291275024414
2018-05-11,4.873899936676025,17.394466400146484
2018-05-14,5.0723490715026855,17.24905776977539
2018-05-15,5.294611930847168,17.848867416381836
2018-05-16,5.9931511878967285,18.67587661743164
2018-05-17,6.072530746459961,18.903078079223633
2018-05-18,6.048717021942139,19.00743293762207
2018-05-21,6.13603401184082,18.960845947265625
2018-05-22,6.223351955413818,19.799409866333008
2018-05-23,6.167786121368408,20.078929901123047
2018-05-24,6.215413570404053,20.172103881835938
2018-05-25,6.096343994140625,19.8925838470459
2018-05-28,6.154168605804443,20.0323429107666
2018-05-29,6.046780586242676,19.659648895263672
2018-05-30,6.253296375274658,20.172103881835938
2018-05-31,6.52589750289917,20.078929901123047
2018-06-01,6.534157752990723,20.35845375061035
2018-06-04,6.608503341674805,20.498212814331055
2018-06-05,6.608503341674805,20.73114776611328
2018-06-06,6.757195472717285,21.1970157623291
2018-06-07,7.03805685043335,21.523122787475586
2018-06-08,7.302396297454834,21.988990783691406
2018-06-11,7.1784868240356445,21.895816802978516
2018-06-12,7.1784868240356445,22.315101623535156
2018-06-13,7.294135570526123,22.548032760620117
2018-06-14,7.170226573944092,22.175338745117188
2018-06-15,6.955450057983398,21.802644729614258
2018-06-18,6.971971035003662,22.147476196289062
2018-06-19,6.897625923156738,21.71881675720215
2018-06-20,6.740673542022705,21.242525100708008
2018-06-21,6.76545524597168,20.95675277709961
2018-06-22,7.112401962280273,21.575929641723633
2018-06-25,7.062838554382324,21.76644515991211
2018-06-26,7.145443916320801,21.623559951782227
2018-06-27,7.252831935882568,21.81407356262207
2018-06-28,7.252831935882568,21.71881675720215
2018-06-29,7.145443916320801,21.861703872680664
2018-07-02,7.07935905456543,21.861703872680664
2018-07-03,7.071099281311035,21.671188354492188
2018-07-04,7.104142189025879,21.14727020263672
2018-07-05,7.087619781494141,21.480670928955078
2018-07-06,7.137184143066406,21.956960678100586
2018-07-09,7.21152925491333,21.909334182739258
2018-07-10,7.409785270690918,21.71881675720215
2018-07-11,7.484130859375,21.71881675720215
2018-07-12,7.541954517364502,21.76644515991211
2018-07-13,7.5171732902526855,21.76644515991211
2018-07-16,7.459347724914551,21.575929641723633
2018-07-17,7.4923906326293945,21.433042526245117
2018-07-18,7.459347724914551,21.433042526245117
2018-07-19,7.508912086486816,21.00438117980957
2018-07-20,7.376742362976074,20.575721740722656
2018-07-23,7.277615070343018,20.147058486938477
2018-07-24,7.285874843597412,19.527883529663086
2018-07-25,7.261093616485596,19.766027450561523
2018-07-26,7.401523590087891,19.575511932373047
2018-07-27,7.327178478240967,19.718400955200195
2018-07-30,7.335439205169678,19.480255126953125
2018-07-31,7.228050708770752,19.146852493286133
2018-08-01,7.269354343414307,19.38499641418457
2018-08-02,7.170226573944092,19.33736801147461
2018-08-03,7.195007801055908,19.33736801147461
2018-08-06,7.335439205169678,19.62314224243164
2018-08-07,7.3436994552612305,19.43262481689453
2018-08-08,7.335439205169678,19.19447898864746
2018-08-09,7.409785270690918,19.09922218322754
2018-08-10,7.409785270690918,18.803922653198242
2018-08-13,7.161965847015381,17.927549362182617
2018-08-14,7.07935905456543,17.565568923950195
2018-08-15,6.823279857635498,17.184537887573242
2018-08-16,6.938928604125977,17.432207107543945
2018-08-17,6.897625923156738,17.54651641845703
2018-08-20,6.839800834655762,17.432207107543945
2018-08-21,6.798497676849365,17.64177703857422
2018-08-22,6.914146900177002,17.279794692993164
2018-08-23,6.889365196228027,17.089279174804688
2018-08-24,6.864583492279053,17.070228576660156
2018-08-27,6.856322765350342,17.45125961303711
2018-08-28,6.864583492279053,17.584619522094727
2018-08-29,6.7902374267578125,17.565568923950195
2018-08-30,6.666327476501465,17.356000900268555
2018-08-31,6.575461387634277,16.955917358398438
2018-09-03,6.58372163772583,16.574886322021484
2018-09-04,6.517636299133301,16.670143127441406
2018-09-05,6.3937273025512695,16.860660552978516
2018-09-06,6.368945598602295,16.74635124206543
2018-09-07,6.385466575622559,16.517732620239258
2018-09-10,6.459812164306641,16.670143127441406
2018-09-11,6.468072891235352,16.784456253051758
2018-09-12,6.591982364654541,17.070228576660156
2018-09-13,6.625025272369385,17.089279174804688
2018-09-14,6.649806976318359,16.68919563293457
2018-09-17,6.7158918380737305,16.803504943847656
2018-09-18,6.930668354034424,16.74635124206543
2018-09-19,6.856322765350342,16.879711151123047
2018-09-20,6.7902374267578125,16.651092529296875
2018-09-21,6.740673542022705,16.289112091064453
2018-09-24,6.856322765350342,16.498680114746094
2018-09-25,6.922407627105713,16.422473907470703
2018-09-26,6.905886173248291,16.289112091064453
2018-09-27,6.881104469299316,16.4605770111084
2018-09-28,6.823279857635498,16.308164596557617
2018-10-01,6.839800834655762,16.441524505615234
2018-10-02,6.806758403778076,16.708248138427734
2018-10-03,6.76545524597168,16.784456253051758
2018-10-04,7.112401962280273,16.612991333007812
2018-10-05,7.294135570526123,16.32721519470215
2018-10-08,7.145443916320801,16.022390365600586
2018-10-09,7.244572162628174,16.04144287109375
2018-10-10,6.459812164306641,15.298428535461426
2018-10-11,6.1624298095703125,16.23196029663086
2018-10-12,6.385466575622559,16.04144287109375
2018-10-15,6.170690059661865,16.022390365600586
2018-10-16,6.26981782913208,16.27005958557129
2018-10-17,6.063302040100098,15.9080810546875
2018-10-18,6.021998882293701,15.736616134643555
2018-10-19,6.112865924835205,15.71756362915039
2018-10-22,6.145908355712891,15.622306823730469
2018-10-23,5.8980889320373535,15.146016120910645
2018-10-24,5.765919208526611,14.974553108215332
2018-10-25,6.245035648345947,15.565152168273926
2018-10-26,6.245035648345947,15.5079984664917
2018-10-29,6.302860260009766,15.679461479187012
2018-10-30,6.3937273025512695,15.984288215637207
2018-10-31,6.4019880294799805,16.079544067382812
2018-11-01,6.32764196395874,15.71756362915039
2018-11-02,6.154168605804443,15.203171730041504
2018-11-05,6.063302040100098,15.203171730041504
2018-11-06,6.0054779052734375,15.031706809997559
2018-11-07,6.145908355712891,15.10791301727295
2018-11-08,6.170690059661865,15.050759315490723
2018-11-09,6.063302040100098,14.898346900939941
2018-11-12,5.873307704925537,14.61257266998291
2018-11-13,5.922871112823486,14.422057151794434
2018-11-14,5.856786251068115,14.345850944519043
2018-11-15,5.732876777648926,14.09817886352539
2018-11-16,5.774179935455322,14.269643783569336
2018-11-19,5.774179935455322,14.060076713562012
2018-11-20,5.658531188964844,13.812405586242676
2018-11-21,5.7411370277404785,13.659992218017578
2018-11-22,5.625488758087158,13.48852825164795
2018-11-23,5.452015399932861,13.431374549865723
2018-11-26,5.542882442474365,13.545682907104492
2018-11-27,5.394191265106201,13.202754020690918
2018-11-28,5.3446269035339355,13.526631355285645
2018-11-29,5.3528876304626465,13.450425148010254
2018-11-30,5.303324222564697,13.298011779785156
2018-12-03,5.534621238708496,13.6218900680542
2018-12-04,5.427233695983887,13.164650917053223
2018-12-05,5.0389838218688965,13.412322044372559
2018-12-06,4.8820319175720215,13.10749626159668
2018-12-07,4.898553371429443,12.955083847045898
2018-12-10,4.692037582397461,12.307329177856445
2018-12-11,4.700298309326172,12.421639442443848
2018-12-12,4.832468032836914,12.897929191589355
2018-12-13,4.716819763183594,12.688361167907715
2018-12-14,4.634213447570801,12.421639442443848
2018-12-17,4.518564224243164,12.173967361450195
2018-12-18,4.551607131958008,12.059659004211426
2018-12-19,4.733340740203857,12.212071418762207
2018-12-20,4.609431266784668,12.15491771697998
2018-12-21,4.584649562835693,12.15491771697998
2018-12-24,4.526824951171875,12.116813659667969
2018-12-27,4.526824951171875,12.345433235168457
2018-12-28,4.6424736976623535,12.15491771697998
2018-12-31,4.791165351867676,12.47879409790039
2019-01-02,4.915074348449707,12.326380729675293
2019-01-03,4.832468032836914,12.15491771697998
2019-01-04,5.138111114501953,12.764567375183105
2019-01-07,5.171154022216797,13.012238502502441
2019-01-08,5.245499610900879,13.317063331604004
2019-01-09,5.1215901374816895,13.659992218017578
2019-01-10,5.146371841430664,13.64094066619873
2019-01-11,5.187675476074219,13.77430248260498
2019-01-14,5.1959357261657715,13.888611793518066
2019-01-15,5.328105449676514,13.90766429901123
2019-01-16,5.4602766036987305,13.926714897155762
2019-01-17,5.559403419494629,14.155333518981934
2019-01-18,5.724616050720215,14.40300464630127
2019-01-21,5.732876777648926,14.53636646270752
2019-01-22,5.708094596862793,14.441107749938965
2019-01-23,5.840265274047852,14.40300464630127
2019-01-24,5.790701389312744,14.383953094482422
2019-01-25,5.8980889320373535,14.498263359069824
2019-01-28,5.782440662384033,14.193436622619629
2019-01-29,5.840265274047852,14.155333518981934
2019-01-30,5.914610385894775,14.288695335388184
2019-01-31,5.972434997558594,14.53636646270752
2019-02-01,5.8980889320373535,14.364901542663574
2019-02-04,5.922871112823486,14.174386024475098
2019-02-05,5.972434997558594,14.40300464630127
2019-02-06,6.055041313171387,14.517313957214355
2019-02-07,5.980695724487305,14.212489128112793
2019-02-08,5.997217178344727,14.269643783569336
2019-02-11,6.030259609222412,14.231539726257324
2019-02-12,6.1624298095703125,14.593520164489746
2019-02-13,6.261557102203369,14.364901542663574
2019-02-14,6.030259609222412,14.364901542663574
2019-02-15,6.055041313171387,14.574468612670898
2019-02-18,6.013738632202148,14.6887788772583
2019-02-19,5.95591402053833,14.898346900939941
2019-02-20,6.030259609222412,15.012655258178711
2019-02-21,5.947652816772461,14.841191291809082
2019-02-22,5.8980889320373535,14.707830429077148
2019-02-25,5.8980889320373535,14.631624221801758
2019-02-26,5.964174270629883,14.650674819946289
2019-02-27,5.95591402053833,14.707830429077148
2019-02-28,5.931131839752197,14.61257266998291
2019-03-01,6.030259609222412,14.593520164489746
2019-03-04,6.261557102203369,14.803088188171387
2019-03-05,6.2367753982543945,14.784036636352539
2019-03-06,6.245035648345947,14.841191291809082
2019-03-07,6.104604721069336,14.345850944519043
2019-03-08,5.972434997558594,14.193436622619629
2019-03-11,6.030259609222412,14.345850944519043
2019-03-12,5.88156795501709,14.231539726257324
2019-03-13,5.914610385894775,14.288695335388184
2019-03-14,6.4019880294799805,14.383953094482422
2019-03-15,6.203732967376709,14.288695335388184
2019-03-18,6.063302040100098,14.345850944519043
2019-03-19,6.063302040100098,14.47921085357666
2019-03-20,5.997217178344727,14.269643783569336
2019-03-21,5.972434997558594,14.212489128112793
2019-03-22,5.774179935455322,13.983870506286621
2019-03-25,5.765919208526611,13.850508689880371
2019-03-26,5.584185600280762,13.69809627532959
2019-03-27,5.650270938873291,13.793353080749512
2019-03-28,5.708094596862793,13.736198425292969
2019-03-29,5.765919208526611,13.831457138061523
2019-04-01,5.819613456726074,13.983870506286621
2019-04-02,5.827874183654785,13.888611793518066
2019-04-03,6.021998882293701,13.983870506286621
2019-04-04,5.927001953125,13.888611793518066
2019-04-05,5.98482608795166,13.850508689880371
2019-04-08,6.009608268737793,13.964818000793457
2019-04-09,5.889828681945801,13.850508689880371
2019-04-10,5.914610385894775,13.94576644897461
2019-04-11,5.943522930145264,13.90766429901123
2019-04-12,6.0054779052734375,14.136282920837402
2019-04-15,6.083953380584717,14.326798439025879
2019-04-16,6.0798234939575195,14.498263359069824
2019-04-17,6.021998882293701,14.288695335388184
2019-04-18,6.017868518829346,14.345850944519043
2019-04-23,6.034389972686768,14.40300464630127
2019-04-24,5.889828681945801,14.441107749938965
2019-04-25,5.827874183654785,14.492372512817383
2019-04-26,5.939392566680908,14.650113105773926
2019-04-29,5.840265274047852,14.433220863342285
2019-04-30,5.770050048828125,14.41350269317627
2019-05-02,5.7411370277404785,14.354351043701172
2019-05-03,5.749398231506348,14.275480270385742
2019-05-06,5.683312892913818,14.17689323425293
2019-05-07,5.489188194274902,13.88113021850586
2019-05-08,5.398321151733398,13.545931816101074
2019-05-09,5.381799697875977,13.17129898071289
2019-05-10,5.31158447265625,13.289604187011719
2019-05-13,5.167023658752441,12.914972305297852
2019-05-14,5.191805362701416,12.914972305297852
2019-05-15,5.187675476074219,12.855819702148438
2019-05-16,5.216587543487549,12.993842124938965
2019-05-17,5.286803245544434,13.052994728088379
2019-05-20,5.092678070068359,12.717796325683594
2019-05-21,5.105069160461426,12.796666145324707
2019-05-22,5.204196929931641,12.875536918640137
2019-05-23,5.063766002655029,12.619209289550781
2019-05-24,5.084417819976807,12.658644676208496
2019-05-27,5.146371841430664,12.560056686401367
2019-05-28,5.105069160461426,12.540339469909668
2019-05-29,4.869641304016113,12.402316093444824
2019-05-30,4.828337669372559,12.343164443969727
2019-05-31,5.014202117919922,12.264293670654297
2019-06-03,4.927465438842773,12.047401428222656
2019-06-04,5.0389838218688965,12.303729057312012
2019-06-05,4.927465438842773,12.185423851013184
2019-06-06,4.8820319175720215,11.968531608581543
2019-06-07,4.898553371429443,12.02768325805664
2019-06-10,4.9935503005981445,12.10655403137207
2019-06-11,5.0389838218688965,12.343164443969727
2019-06-12,5.072026252746582,12.165706634521484
2019-06-13,5.336366653442383,12.264293670654297
2019-06-14,5.175283908843994,12.02768325805664
2019-06-17,4.997681140899658,11.7910737991333
2019-06-18,5.092678070068359,11.830509185791016
2019-06-19,5.088547706604004,11.850226402282715
2019-06-20,5.026593208312988,11.869943618774414
2019-06-21,5.125720500946045,12.362881660461426
2019-06-24,5.186463356018066,12.145988464355469
2019-06-25,5.46213960647583,11.948813438415527
2019-06-26,5.635022163391113,12.165706634521484
2019-06-27,5.649039268493652,12.12627124786377
2019-06-28,5.705109119415283,12.185423851013184
2019-07-01,5.821921348571777,12.382599830627441
2019-07-02,5.793886184692383,12.343164443969727
2019-07-03,5.695764064788818,12.461469650268555
2019-07-04,5.7191267013549805,12.461469650268555
2019-07-05,5.6724019050598145,12.520621299743652
2019-07-08,5.705109119415283,12.619209289550781
2019-07-09,5.536900043487549,12.520621299743652
2019-07-10,5.569607257843018,12.382599830627441
2019-07-11,5.504191875457764,12.067118644714355
2019-07-12,5.583624362945557,12.145988464355469
2019-07-15,5.630349636077881,12.185423851013184
2019-07-16,5.64436674118042,12.244576454162598
2019-07-17,5.611659526824951,12.086836814880371
2019-07-18,5.532227039337158,12.02768325805664
2019-07-19,5.536900043487549,12.067118644714355
2019-07-22,5.583624362945557,12.244576454162598
2019-07-23,5.733144283294678,12.343164443969727
2019-07-24,5.770524501800537,12.42203426361084
2019-07-25,5.728471755981445,12.323446273803711
2019-07-26,5.728471755981445,12.303729057312012
2019-07-29,5.695764064788818,12.086836814880371
2019-07-30,5.66305685043335,11.948813438415527
2019-07-31,5.5602617263793945,11.810791015625
2019-08-01,5.312620162963867,11.7910737991333
2019-08-02,5.125720977783203,11.731921195983887
2019-08-05,5.064978122711182,11.731921195983887
2019-08-06,5.069651126861572,11.731921195983887
2019-08-07,4.990218639373779,11.633334159851074
2019-08-08,5.242533206939697,11.810791015625
2019-08-09,5.144410610198975,11.49531078338623
2019-08-12,5.093012809753418,11.298135757446289
2019-08-13,5.233187675476074,11.515028953552246
2019-08-14,5.097685813903809,11.436159133911133
2019-08-15,5.069651126861572,11.298135757446289
2019-08-16,5.153755187988281,11.534746170043945
2019-08-19,5.242533206939697,11.869943618774414
2019-08-20,5.149083137512207,11.810791015625
2019-08-21,5.228515148162842,11.830509185791016
2019-08-22,5.307947635650635,11.948813438415527
2019-08-23,5.214498043060303,11.751638412475586
2019-08-26,5.177117824554443,11.830509185791016
2019-08-27,5.29860258102417,11.988248825073242
2019-08-28,5.219170570373535,11.830509185791016
2019-08-29,5.261222839355469,11.88966178894043
2019-08-30,5.3733625411987305,11.88966178894043
2019-09-02,5.349999904632568,11.88966178894043
2019-09-03,5.331310272216797,11.731921195983887
2019-09-04,5.401397705078125,11.850226402282715
2019-09-05,5.448122501373291,11.810791015625
2019-09-06,5.429432392120361,11.731921195983887
2019-09-09,5.611659526824951,12.047401428222656
2019-09-10,5.705109119415283,11.988248825073242
2019-09-11,5.714454174041748,12.185423851013184
2019-09-12,5.7191267013549805,12.10655403137207
2019-09-13,5.775196552276611,12.303729057312012
2019-09-16,5.798559188842773,12.540339469909668
2019-09-17,5.756506443023682,12.264293670654297
2019-09-18,5.728471755981445,12.12627124786377
2019-09-19,5.770524501800537,12.145988464355469
2019-09-20,5.714454174041748,11.929096221923828
2019-09-23,5.658384323120117,11.751638412475586
2019-09-24,5.64436674118042,11.731921195983887
2019-09-25,5.583624362945557,11.574180603027344
2019-09-26,5.583624362945557,11.396723747253418
2019-09-27,5.658384323120117,11.416440963745117
2019-09-30,5.695764064788818,11.534746170043945
2019-10-01,5.616332054138184,11.436159133911133
2019-10-02,5.438777446746826,11.298135757446289
2019-10-03,5.279912948608398,11.120677947998047
2019-10-04,5.223843097686768,11.081242561340332
2019-10-07,5.036942958831787,11.140396118164062
2019-10-08,4.868733882904053,11.238983154296875
2019-10-09,4.793973922729492,11.298135757446289
2019-10-10,4.962183475494385,11.672768592834473
2019-10-11,5.107030868530273,12.12627124786377
2019-10-14,5.013580799102783,12.165706634521484
2019-10-15,5.036942958831787,12.224858283996582
2019-10-16,5.004235744476318,12.244576454162598
2019-10-17,5.0275983810424805,12.343164443969727
2019-10-18,5.004235744476318,12.402316093444824
2019-10-21,5.149083137512207,12.63892650604248
2019-10-22,5.107030868530273,12.540339469909668
2019-10-23,5.102358341217041,12.658644676208496
2019-10-24,5.088340759277344,12.520621299743652
2019-10-25,5.149083137512207,12.500904083251953
2019-10-28,5.163100719451904,12.520621299743652
2019-10-29,5.111702919006348,12.343164443969727
2019-10-30,5.125720977783203,12.224858283996582
2019-10-31,5.107030868530273,12.145988464355469
2019-11-01,5.186463356018066,12.520621299743652
2019-11-04,5.508864879608154,12.520621299743652
2019-11-05,5.536900043487549,12.658644676208496
2019-11-06,5.4668121337890625,12.698079109191895
2019-11-07,5.508864879608154,13.25016975402832
2019-11-08,5.588296890258789,13.467061996459961
2019-11-11,5.649039268493652,13.506497383117676
2019-11-12,5.611659526824951,13.78254222869873
2019-11-13,5.569607257843018,13.841694831848145
2019-11-14,5.564934730529785,13.86141300201416
2019-11-15,5.6724019050598145,13.88113021850586
2019-11-18,5.522881984710693,13.86141300201416
2019-11-19,5.4995198249816895,13.900848388671875
2019-11-20,5.434104919433594,13.841694831848145
2019-11-21,5.406069755554199,13.683955192565918
2019-11-22,5.39205265045166,13.624802589416504
2019-11-25,5.3733625411987305,13.743106842041016
2019-11-26,5.321965217590332,13.664237022399902
2019-11-27,5.2939300537109375,13.545931816101074
2019-11-28,5.345327377319336,13.506497383117676
2019-11-29,5.279912948608398,13.486780166625977
2019-12-02,5.228515148162842,13.486780166625977
2019-12-03,5.111702919006348,13.26988697052002
2019-12-04,5.279912948608398,13.447344779968262
2019-12-05,5.265895366668701,13.427627563476562
2019-12-06,5.359345436096191,13.644519805908203
2019-12-09,5.396725177764893,13.723390579223633
2019-12-10,5.378035068511963,13.683955192565918
2019-12-11,5.3733625411987305,13.743106842041016
2019-12-12,5.46213960647583,13.841694831848145
2019-12-13,5.410742282867432,13.960000038146973
2019-12-16,5.4761576652526855,13.900848388671875
2019-12-17,5.4434494972229,13.802260398864746
2019-12-18,5.420087814331055,13.605085372924805
2019-12-19,5.424759864807129,13.506497383117676
2019-12-20,5.340655326843262,13.407910346984863
2019-12-23,5.3032755851745605,13.368474960327148
2019-12-24,5.307947635650635,13.427627563476562
2019-12-27,5.3172926902771,13.624802589416504
2019-12-30,5.326637268066406,13.585367202758789
2019-12-31,5.307947635650635,13.526215553283691
2020-01-02,5.368690013885498,13.664237022399902
2020-01-03,5.364017486572266,13.624802589416504
2020-01-06,5.396725177764893,13.447344779968262
2020-01-07,5.410742282867432,13.368474960327148
2020-01-08,5.378035068511963,13.467061996459961
2020-01-09,5.452795028686523,13.151582717895508
2020-01-10,5.438777446746826,13.151582717895508
2020-01-13,5.448122501373291,13.112147331237793
2020-01-14,5.4434494972229,12.97412395477295
2020-01-15,5.39205265045166,12.836102485656738
2020-01-16,5.5602617263793945,12.993842124938965
2020-01-17,5.747161865234375,12.97412395477295
2020-01-20,5.849956512451172,13.131864547729492
2020-01-21,5.835938930511475,13.013559341430664
2020-01-22,5.733144283294678,13.013559341430664
2020-01-23,5.508864879608154,12.678361892700195
2020-01-24,5.686419486999512,12.776949882507324
2020-01-27,5.382707595825195,12.42203426361084
2020-01-28,5.4761576652526855,12.560056686401367
2020-01-29,5.48082971572876,12.599491119384766
2020-01-30,5.3172926902771,12.579774856567383
2020-01-31,5.214498043060303,12.402316093444824
2020-02-03,5.256550312042236,12.284011840820312
2020-02-04,5.29860258102417,12.42203426361084
2020-02-05,5.368690013885498,12.500904083251953
2020-02-06,5.312620162963867,12.500904083251953
2020-02-07,5.312620162963867,12.323446273803711
2020-02-10,5.359345436096191,12.303729057312012
2020-02-11,5.378035068511963,12.579774856567383
2020-02-12,5.223843097686768,12.402316093444824
2020-02-13,5.149083137512207,12.343164443969727
2020-02-14,5.111702919006348,12.086836814880371
2020-02-17,5.307947635650635,12.224858283996582
2020-02-18,5.251877784729004,12.047401428222656
2020-02-19,5.29860258102417,11.929096221923828
2020-02-20,5.345327377319336,12.067118644714355
2020-02-21,5.359345436096191,12.067118644714355
2020-02-24,5.205152988433838,11.731921195983887
2020-02-25,5.041615962982178,11.534746170043945
2020-02-26,4.9808735847473145,11.475593566894531
2020-02-27,4.775284290313721,11.25870132446289
2020-02-28,4.5435285568237305,11.140396118164062
2020-03-02,4.534183502197266,11.081242561340332
2020-03-03,4.579039573669434,11.25870132446289
2020-03-04,4.691179275512695,11.416440963745117
2020-03-05,4.5453972816467285,11.238983154296875
2020-03-06,4.274393081665039,10.824914932250977
2020-03-09,3.8445239067077637,10.213672637939453
2020-03-10,3.8781661987304688,10.292542457580566
2020-03-11,3.723039388656616,10.095367431640625
2020-03-12,3.214672565460205,9.139068603515625
2020-03-13,3.076366901397705,8.922175407409668
2020-03-16,3.029642105102539,8.025029182434082
2020-03-17,2.994131088256836,7.936299800872803
2020-03-18,2.693222761154175,7.206751346588135
2020-03-19,2.784803628921509,6.980000019073486
2020-03-20,2.9567511081695557,7.315197944641113
2020-03-23,2.8969430923461914,6.999717712402344
2020-03-24,3.2314934730529785,7.630677700042725
2020-03-25,3.422131061553955,7.788418292999268
2020-03-26,3.3922271728515625,7.867288112640381
2020-03-27,3.259528398513794,7.5222320556640625
2020-03-30,3.2987773418426514,7.482797145843506
2020-03-31,3.384751081466675,7.640536785125732
2020-04-01,3.3324191570281982,7.8771467208862305
2020-04-02,3.4408209323883057,8.074321746826172
2020-04-03,3.407179117202759,7.837711811065674
2020-04-06,3.709956407546997,8.133474349975586
2020-04-07,3.8389170169830322,8.61655330657959
2020-04-08,3.857606887817383,8.715141296386719
2020-04-09,4.055720806121826,9.178503036499023
2020-04-14,4.2108473777771,9.129209518432617
2020-04-15,4.1080522537231445,8.715141296386719
2020-04-16,4.126742362976074,8.744717597961426
2020-04-17,4.253834247589111,8.951751708984375
2020-04-20,4.233275413513184,8.725000381469727
2020-04-21,4.154777526855469,8.50810718536377
2020-04-22,4.31177282333374,8.636271476745605
2020-04-23,4.410829544067383,8.843305587768555
2020-04-24,4.304296970367432,8.50810718536377
2020-04-27,4.322987079620361,8.646130561828613
2020-04-28,4.401484966278076,8.833446502685547
2020-04-29,4.625763893127441,9.030621528625488
2020-04-30,4.504279613494873,8.872881889343262
2020-05-04,4.470637321472168,8.646130561828613
2020-05-05,4.397746562957764,8.646130561828613
2020-05-06,4.392139434814453,8.695423126220703
2020-05-07,4.42391300201416,8.764435768127441
2020-05-08,4.420174598693848,8.833446502685547
2020-05-11,4.341676712036133,8.577118873596191
2020-05-12,4.28000020980835,8.330649375915527
2020-05-13,4.26800012588501,7.906723976135254
2020-05-14,4.03000020980835,7.66025447845459
2020-05-15,4.099999904632568,7.620819568634033
2020-05-18,4.4019999504089355,8.32079029083252
2020-05-19,4.48799991607666,8.232062339782715
2020-05-20,4.480000019073486,8.192627906799316
2020-05-21,4.4679999351501465,8.202486038208008
2020-05-22,4.440000057220459,8.182768821716309
2020-05-25,4.460000038146973,8.291214942932129
2020-05-26,4.453999996185303,8.389802932739258
2020-05-27,4.368000030517578,8.468672752380371
2020-05-28,4.311999797821045,8.527824401855469
2020-05-29,4.138000011444092,8.1729097366333
2020-06-01,4.119999885559082,8.448954582214355
2020-06-02,4.223999977111816,8.567259788513184
2020-06-03,4.492000102996826,8.97146987915039
2020-06-04,4.473999977111816,9.02076244354248
2020-06-05,4.4720001220703125,9.148926734924316
2020-06-08,4.4720001220703125,9.139068603515625
2020-06-09,4.265999794006348,8.843305587768555
2020-06-10,4.203999996185303,8.725000381469727
2020-06-11,4.059999942779541,8.350000381469727
2020-06-12,4.124000072479248,8.300000190734863
2020-06-15,4.1479997634887695,8.329999923706055
2020-06-16,4.322000026702881,8.5600004196167
2020-06-17,4.354000091552734,8.640000343322754
2020-06-18,4.383999824523926,8.680000305175781
2020-06-19,4.386000156402588,8.649999618530273
2020-06-22,4.328000068664551,8.5
2020-06-23,4.308000087738037,8.40999984741211
2020-06-24,4.199999809265137,8.25
2020-06-25,4.119999885559082,8.069999694824219
2020-06-26,4.139999866485596,8.0
2020-06-29,4.170000076293945,8.069999694824219
2020-06-30,4.26800012588501,8.09000015258789
2020-07-01,4.210000038146973,8.119999885559082
2020-07-02,4.297999858856201,8.260000228881836
2020-07-03,4.28000020980835,8.15999984741211
2020-07-06,4.372000217437744,8.329999923706055
2020-07-07,4.27400016784668,8.220000267028809
2020-07-08,4.251999855041504,8.170000076293945
2020-07-09,4.179999828338623,8.0600004196167
2020-07-10,4.276000022888184,8.220000267028809
2020-07-13,4.302000045776367,8.289999961853027
2020-07-14,4.329999923706055,8.270000457763672
2020-07-15,4.3460001945495605,8.199999809265137
2020-07-16,4.335999965667725,8.180000305175781
2020-07-17,4.369999885559082,8.229999542236328
2020-07-21,4.458000183105469,8.350000381469727
2020-07-22,4.395999908447266,8.25
2020-07-23,4.377999782562256,8.170000076293945
2020-07-24,4.303999900817871,8.100000381469727
2020-07-27,4.285999774932861,7.980000019073486
2020-07-28,4.254000186920166,7.900000095367432
2020-07-29,4.2779998779296875,7.929999828338623
2020-07-30,4.27400016784668,7.690000057220459
2020-07-31,4.193999767303467,7.650000095367432
2020-08-03,4.296000003814697,7.869999885559082
2020-08-04,4.308000087738037,7.889999866485596
2020-08-05,4.409999847412109,8.010000228881836
2020-08-06,4.383999824523926,7.96999979019165
2020-08-07,4.374000072479248,7.889999866485596
2020-08-10,4.429999828338623,7.980000019073486
2020-08-11,4.4679999351501465,8.039999961853027
2020-08-12,4.484000205993652,8.069999694824219
2020-08-13,4.4720001220703125,8.130000114440918
2020-08-14,4.478000164031982,8.069999694824219
2020-08-17,4.489999771118164,8.020000457763672
2020-08-18,4.434000015258789,7.920000076293945
2020-08-19,4.427999973297119,7.929999828338623
2020-08-20,4.28000020980835,7.760000228881836
2020-08-21,4.245999813079834,7.800000190734863
2020-08-24,4.296000003814697,7.920000076293945
2020-08-25,4.260000228881836,7.800000190734863
2020-08-26,4.25,7.809999942779541
2020-08-27,4.202000141143799,7.78000020980835
2020-08-28,4.138000011444092,7.690000057220459
2020-08-31,4.184000015258789,7.619999885559082
2020-09-01,4.257999897003174,7.760000228881836
2020-09-02,4.331999778747559,7.929999828338623
2020-09-03,4.368000030517578,7.96999979019165
2020-09-04,4.388000011444092,8.050000190734863
2020-09-07,4.453999996185303,8.050000190734863
2020-09-08,4.590000152587891,8.0
2020-09-09,4.521999835968018,8.130000114440918
2020-09-10,4.394000053405762,8.079999923706055
2020-09-11,4.211999893188477,8.029999732971191
2020-09-14,4.179999828338623,7.960000038146973
2020-09-15,4.150000095367432,7.929999828338623
2020-09-16,4.176000118255615,8.039999961853027
2020-09-17,4.236000061035156,8.029999732971191
2020-09-21,3.990000009536743,7.809999942779541
2020-09-22,3.9760000705718994,7.650000095367432
2020-09-23,3.9079999923706055,7.510000228881836
2020-09-24,3.8499999046325684,7.309999942779541
2020-09-25,3.7639999389648438,7.170000076293945
2020-09-28,3.809999942779541,7.599999904632568
2020-09-29,3.6579999923706055,7.550000190734863
2020-09-30,3.746000051498413,7.630000114440918
2020-10-01,3.7720000743865967,7.579999923706055
2020-10-02,3.7960000038146973,7.440000057220459
2020-10-05,3.8540000915527344,7.5
2020-10-06,3.885999917984009,7.5
2020-10-07,3.9040000438690186,7.420000076293945
2020-10-08,3.871999979019165,7.46999979019165
2020-10-09,3.8499999046325684,7.300000190734863
2020-10-12,3.7939999103546143,7.230000019073486
2020-10-13,3.7699999809265137,7.170000076293945
2020-10-14,3.7660000324249268,7.150000095367432
2020-10-15,3.680000066757202,7.079999923706055
2020-10-16,3.7260000705718994,7.090000152587891
2020-10-19,3.799999952316284,7.25
2020-10-20,3.628000020980835,7.010000228881836
2020-10-21,3.6019999980926514,6.960000038146973
2020-10-22,3.553999900817871,6.789999961853027
2020-10-23,3.559999942779541,6.949999809265137
2020-10-26,3.384000062942505,6.769999980926514
2020-10-27,3.240000009536743,6.570000171661377
2020-10-28,3.2760000228881836,6.599999904632568
2020-10-29,3.2019999027252197,6.440000057220459
2020-10-30,3.313999891281128,6.449999809265137
2020-11-02,3.446000099182129,6.789999961853027
2020-11-03,3.450000047683716,6.710000038146973
2020-11-04,3.49399995803833,6.710000038146973
2020-11-05,3.4079999923706055,6.900000095367432
2020-11-06,3.421999931335449,6.809999942779541
2020-11-09,3.686000108718872,7.150000095367432
2020-11-10,3.759999990463257,7.400000095367432
2020-11-11,3.8420000076293945,7.53000020980835
2020-11-12,3.8420000076293945,7.550000190734863
2020-11-13,3.9079999923706055,7.650000095367432
2020-11-16,4.058000087738037,7.960000038146973
2020-11-17,4.013999938964844,7.820000171661377
2020-11-18,4.059999942779541,8.09000015258789
2020-11-19,3.9619998931884766,7.920000076293945
2020-11-20,4.111999988555908,8.130000114440918
2020-11-23,4.133999824523926,8.319999694824219
2020-11-24,4.46999979019165,8.779999732971191
2020-11-25,4.409999847412109,8.880000114440918
2020-11-26,4.449999809265137,8.960000038146973
2020-11-27,4.489999771118164,9.079999923706055
2020-11-30,4.50600004196167,8.960000038146973
2020-12-01,4.688000202178955,8.960000038146973
