Date,GALP.LS,REP.MC
2014-12-31,6.5716400146484375,10.81878662109375
2015-01-02,6.619142055511475,10.83618450164795
2015-01-05,6.278840065002441,10.20285701751709
2015-01-06,6.20953369140625,10.171538352966309
2015-01-07,6.307653427124023,10.223736763000488
2015-01-08,6.5070061683654785,10.481243133544922
2015-01-09,6.394093036651611,10.091500282287598
2015-01-12,6.229001998901367,10.028865814208984
2015-01-13,6.271831035614014,10.178498268127441
2015-01-14,6.165925025939941,10.00102710723877
2015-01-15,6.564631462097168,10.345527648925781
2015-01-16,6.965672016143799,10.582158088684082
2015-01-19,6.837963581085205,10.62391471862793
2015-01-20,6.844971179962158,10.766590118408203
2015-01-21,7.2164225578308105,10.916221618652344
2015-01-22,7.203184604644775,11.13892936706543
2015-01-23,7.168920516967773,11.243325233459473
2015-01-26,7.495983123779297,11.299002647399902
2015-01-27,7.4749579429626465,11.326841354370117
2015-01-28,7.349584102630615,11.062373161315918
2015-01-29,7.333229064941406,11.06933307647705
2015-01-30,7.291959285736084,10.916221618652344
2015-02-02,7.621356964111328,11.111093521118164
2015-02-03,7.90403413772583,11.65046501159668
2015-02-04,7.8183746337890625,11.490392684936523
2015-02-05,7.978013515472412,11.525191307067871
2015-02-06,7.8650994300842285,11.532151222229004
2015-02-09,8.110395431518555,11.459074020385742
2015-02-10,7.78722620010376,11.375558853149414
2015-02-11,7.614349842071533,11.184168815612793
2015-02-12,7.775546073913574,11.445155143737793
2015-02-13,8.036417007446289,11.782699584960938
2015-02-16,8.118183135986328,11.740939140319824
2015-02-17,8.075353622436523,11.733981132507324
2015-02-18,8.168801307678223,11.85925579071045
2015-02-19,8.08703327178955,11.796619415283203
2015-02-20,8.184375762939453,11.740939140319824
2015-02-23,8.157119750976562,11.779218673706055
2015-02-24,8.250566482543945,11.887094497680664
2015-02-25,8.231099128723145,11.90101432800293
2015-02-26,8.122076988220215,11.94625186920166
2015-02-27,8.18048095703125,12.022807121276855
2015-03-02,7.9974799156188965,11.998448371887207
2015-03-03,7.837843418121338,11.887094497680664
2015-03-04,7.631481647491455,11.880134582519531
2015-03-05,7.727264404296875,11.935811042785645
2015-03-06,7.993588447570801,11.85925579071045
2015-03-09,7.978013515472412,11.887094497680664
2015-03-10,7.351140022277832,11.622627258300781
2015-03-11,7.494426727294922,11.580867767333984
2015-03-12,7.584758758544922,11.556509017944336
2015-03-13,7.315319538116455,11.323360443115234
2015-03-16,7.368274211883545,11.309440612792969
2015-03-17,7.475737571716309,11.396435737609863
2015-03-18,7.522459983825684,11.424277305603027
2015-03-19,7.716362953186035,11.54955005645752
2015-03-20,8.05978012084961,12.0889253616333
2015-03-23,8.05199146270752,12.075004577636719
2015-03-24,7.950756549835205,12.193318367004395
2015-03-25,8.09482192993164,12.109803199768066
2015-03-26,8.08703327178955,12.148080825805664
2015-03-27,8.083141326904297,11.998448371887207
2015-03-30,8.024737358093262,12.141119956970215
2015-03-31,7.837843418121338,12.064565658569336
2015-04-01,7.9429707527160645,12.200279235839844
2015-04-02,7.861205101013184,12.20723819732666
2015-04-07,8.499754905700684,12.569141387939453
2015-04-08,9.029289245605469,12.478666305541992
2015-04-09,9.290160179138184,12.687454223632812
2015-04-10,9.266799926757812,12.631776809692383
2015-04-13,9.539351463317871,12.812727928161621
2015-04-14,9.49262809753418,12.72921371459961
2015-04-15,9.628904342651367,12.851006507873535
2015-04-16,9.562714576721191,12.746611595153809
2015-04-17,9.344671249389648,12.600458145141602
2015-04-20,9.414756774902344,12.690935134887695
2015-04-21,9.251225471496582,12.656133651733398
2015-04-22,9.165566444396973,12.569141387939453
2015-04-23,9.336884498596191,12.677014350891113
2015-04-24,9.247331619262695,12.704854965209961
2015-04-27,9.368032455444336,12.878844261169434
2015-04-28,9.469266891479492,12.903204917907715
2015-04-29,9.399181365966797,12.798810005187988
2015-04-30,9.49262809753418,12.816207885742188
2015-05-04,9.410863876342773,12.8649263381958
2015-05-05,9.445905685424805,12.71877384185791
2015-05-06,9.399181365966797,12.826648712158203
2015-05-07,9.021501541137695,12.405590057373047
2015-05-08,9.18972110748291,12.656133651733398
2015-05-11,9.411066055297852,12.659616470336914
2015-05-12,9.415019989013672,12.607418060302734
2015-05-13,9.55731201171875,12.576101303100586
2015-05-14,9.403162002563477,12.63525676727295
2015-05-15,9.19762897491455,12.457785606384277
2015-05-18,9.098814010620117,12.419507026672363
2015-05-19,9.011857032775879,12.513463020324707
2015-05-20,8.920948028564453,12.607418060302734
2015-05-21,9.043477058410645,12.652656555175781
2015-05-22,8.999998092651367,12.663095474243164
2015-05-25,8.873517036437988,12.422987937927246
2015-05-26,8.569169998168945,12.294236183166504
2015-05-27,8.671936988830566,12.377748489379883
2015-05-28,8.545454025268555,12.20723819732666
2015-05-29,8.4743070602417,12.068044662475586
2015-06-01,8.454545974731445,12.05760669708252
2015-06-02,8.584979057312012,12.134161949157715
2015-06-03,8.557311058044434,12.137641906738281
2015-06-04,8.42292308807373,11.925373077392578
2015-06-05,8.470355033874512,11.866214752197266
2015-06-08,8.217391014099121,11.747899055480957
2015-06-09,8.260868072509766,11.727022171020508
2015-06-10,8.65612506866455,11.855774879455566
2015-06-11,8.893279075622559,11.90101432800293
2015-06-12,8.695651054382324,11.75485897064209
2015-06-15,8.608695983886719,11.566950798034668
2015-06-16,8.46245002746582,11.608708381652832
2015-06-17,8.521738052368164,11.601747512817383
2015-06-18,8.4743070602417,11.644039154052734
2015-06-19,8.648221969604492,11.565192222595215
2015-06-22,8.509881973266602,11.891325950622559
2015-06-23,8.782608032226562,11.86982250213623
2015-06-24,8.82608699798584,11.84115219116211
2015-06-25,8.683794021606445,11.833984375
2015-06-26,8.671936988830566,11.86982250213623
2015-06-29,8.375494003295898,11.36807918548584
2015-06-30,8.316205978393555,11.289234161376953
2015-07-01,8.399209022521973,11.515018463134766
2015-07-02,8.391303062438965,11.536520004272461
2015-07-03,8.276679992675781,11.464842796325684
2015-07-06,7.980237007141113,11.145878791809082
2015-07-07,7.740710258483887,10.92009449005127
2015-07-08,7.96837854385376,11.031194686889648
2015-07-09,8.221343040466309,11.364494323730469
2015-07-10,8.395256042480469,11.661958694458008
2015-07-13,8.513832092285156,11.833984375
2015-07-14,8.466403007507324,11.862651824951172
2015-07-15,8.513832092285156,11.945083618164062
2015-07-16,8.565217018127441,12.131443977355957
2015-07-17,8.624504089355469,12.013177871704102
2015-07-20,8.624504089355469,12.020344734191895
2015-07-21,8.671936988830566,11.909244537353516
2015-07-22,8.399209022521973,11.747970581054688
2015-07-23,8.434782028198242,11.57952880859375
2015-07-24,8.268773078918457,11.407501220703125
2015-07-27,7.984190464019775,11.135127067565918
2015-07-28,8.146245956420898,11.278481483459473
2015-07-29,8.355731010437012,11.479180335998535
2015-07-30,8.403162002563477,11.020442962646484
2015-07-31,8.339920043945312,10.966682434082031
2015-08-03,8.173912048339844,10.959516525268555
2015-08-04,8.138339042663574,10.787489891052246
2015-08-05,8.209484100341797,10.880671501159668
2015-08-06,8.00395393371582,10.844831466674805
2015-08-07,8.086956977844238,10.837662696838379
2015-08-10,8.059287071228027,10.96310043334961
2015-08-11,7.9960455894470215,10.755233764648438
2015-08-12,8.181818008422852,10.608296394348145
2015-08-13,8.229248046875,10.565288543701172
2015-08-14,8.071144104003906,10.432685852050781
2015-08-17,8.118575096130371,10.439851760864258
2015-08-18,8.019761085510254,10.314417839050293
2015-08-19,7.833992004394531,10.120887756347656
2015-08-20,7.691699504852295,9.966781616210938
2015-08-21,7.396044731140137,9.640647888183594
2015-08-24,6.807114601135254,8.791267395019531
2015-08-25,7.070355415344238,9.12098503112793
2015-08-26,6.879842281341553,8.898782730102539
2015-08-27,7.376284599304199,9.3646879196167
2015-08-28,7.515414714813232,9.468621253967285
2015-08-31,7.428459167480469,9.142487525939941
2015-09-01,7.243477821350098,8.812769889831543
2015-09-02,7.1288533210754395,8.665831565856934
2015-09-03,7.422924518585205,8.766179084777832
2015-09-04,7.098814010620117,8.450797080993652
2015-09-07,7.117786884307861,8.389873504638672
2015-09-08,7.15256929397583,8.407790184020996
2015-09-09,7.193675518035889,8.511724472045898
2015-09-10,6.913834095001221,8.242931365966797
2015-09-11,6.837944030761719,8.002811431884766
2015-09-14,6.925690174102783,7.956221580505371
2015-09-15,7.017391681671143,8.056570053100586
2015-09-16,7.297232627868652,8.232181549072266
2015-09-17,7.279051303863525,8.135416030883789
2015-09-18,7.226877212524414,7.741189002990723
2015-09-21,7.22134256362915,7.680262088775635
2015-09-22,7.167440414428711,7.303954601287842
2015-09-23,7.215165138244629,7.18927001953125
2015-09-24,7.043681621551514,7.210774898529053
2015-09-25,7.0606689453125,7.235861301422119
2015-09-28,6.87786340713501,7.200023174285889
2015-09-29,6.874626636505127,7.3326263427734375
2015-09-30,7.1172895431518555,7.461645603179932
2015-10-01,7.280683994293213,7.734020709991455
2015-10-02,7.521726608276367,7.913215160369873
2015-10-05,7.7676239013671875,8.457964897155762
2015-10-06,8.064482688903809,8.680167198181152
2015-10-07,8.31523323059082,8.866527557373047
2015-10-08,8.21008014678955,8.84144115447998
2015-10-09,8.12110424041748,9.04930591583252
2015-10-12,7.998153209686279,8.862942695617676
2015-10-13,7.883296489715576,8.644327163696289
2015-10-14,7.77086067199707,8.716005325317383
2015-10-15,7.7482123374938965,8.343282699584961
2015-10-16,7.92778205871582,8.47230052947998
2015-10-19,7.863071441650391,8.18917465209961
2015-10-20,7.762772560119629,8.063737869262695
2015-10-21,7.789465427398682,8.099575996398926
2015-10-22,7.902706623077393,8.343282699584961
2015-10-23,7.976315498352051,8.2966890335083
2015-10-26,7.782993793487549,8.264435768127441
2015-10-27,7.592099189758301,7.9418864250183105
2015-10-28,7.897854804992676,8.2966890335083
2015-10-29,7.90432596206665,8.228597640991211
2015-10-30,7.956901550292969,8.22501277923584
2015-11-02,7.8792500495910645,8.293106079101562
2015-11-03,8.262657165527344,8.90236759185791
2015-11-04,8.278834342956543,8.999133110046387
2015-11-05,8.145370483398438,8.809185028076172
2015-11-06,8.066100120544434,8.812769889831543
2015-11-09,8.029699325561523,8.726757049560547
2015-11-10,8.026466369628906,8.755428314208984
2015-11-11,7.948004245758057,8.680167198181152
2015-11-12,7.600996971130371,8.049402236938477
2015-11-13,7.483710289001465,7.992061138153076
2015-11-16,7.543567657470703,8.12824821472168
2015-11-17,7.778949737548828,8.536810874938965
2015-11-18,8.052350044250488,8.68375015258789
2015-11-19,8.141324996948242,8.784097671508789
2015-11-20,7.727181911468506,8.583401679992676
2015-11-23,7.796744346618652,8.608487129211426
2015-11-24,7.877631664276123,8.823521614074707
2015-11-25,7.975505352020264,8.773346900939941
2015-11-26,8.064482688903809,8.93462085723877
2015-11-27,7.999772071838379,8.837857246398926
2015-11-30,8.145370483398438,8.84860897064209
2015-12-01,8.0790433883667,8.798434257507324
2015-12-02,8.133237838745117,8.61923885345459
2015-12-03,8.092793464660645,8.368367195129395
2015-12-04,7.989257335662842,8.257267951965332
2015-12-07,7.746594429016113,7.798530101776123
2015-12-08,7.684311866760254,7.644423484802246
2015-12-09,8.083895683288574,7.827201843261719
2015-12-10,8.133237838745117,7.877376556396484
2015-12-11,7.877631664276123,7.64084005355835
2015-12-14,7.724756240844727,7.343377113342285
2015-12-15,8.011096954345703,7.601417541503906
2015-12-16,8.092793464660645,7.669510364532471
2015-12-17,8.125146865844727,7.7089338302612305
2015-12-18,8.420387268066406,7.680262088775635
2015-12-21,8.1494140625,7.460697174072266
2015-12-22,8.323322296142578,7.5461249351501465
2015-12-23,8.877401351928711,8.048200607299805
2015-12-24,8.95828914642334,8.198075294494629
2015-12-28,8.784379959106445,7.8608598709106445
2015-12-29,8.707538604736328,7.853365421295166
2015-12-30,8.727760314941406,7.718480587005615
2015-12-31,8.727760314941406,7.58359432220459
2016-01-04,8.39612102508545,7.538632869720459
2016-01-05,8.133237838745117,7.471938133239746
2016-01-06,7.951240539550781,7.258368492126465
2016-01-07,7.935870170593262,6.970611572265625
2016-01-08,7.817774772644043,6.691097259521484
2016-01-11,7.5637898445129395,6.5464701652526855
2016-01-12,7.586437225341797,6.4527997970581055
2016-01-13,7.666514873504639,6.614662170410156
2016-01-14,8.04830551147461,6.793761730194092
2016-01-15,7.787846565246582,6.4677863121032715
2016-01-18,7.672177314758301,6.321660041809082
2016-01-19,7.757110118865967,6.369619369506836
2016-01-20,7.356716156005859,6.012171268463135
2016-01-21,7.59937858581543,6.264707565307617
2016-01-22,7.9771246910095215,6.6970930099487305
2016-01-25,8.009479522705078,6.4842729568481445
2016-01-26,8.185813903808594,6.763036727905273
2016-01-27,8.343544006347656,6.615411758422852
2016-01-28,8.715625762939453,6.966115474700928
2016-01-29,8.824824333190918,7.1129913330078125
2016-02-01,8.663049697875977,6.898673057556152
2016-02-02,8.420387268066406,6.4992594718933105
2016-02-03,8.578118324279785,6.464040279388428
2016-02-04,8.739892959594727,6.899421215057373
2016-02-05,8.857179641723633,7.128727912902832
2016-02-08,8.77629280090332,6.706085681915283
2016-02-09,8.493186950683594,6.469285488128662
2016-02-10,8.278834342956543,6.525487899780273
2016-02-11,7.766007900238037,6.171037197113037
2016-02-12,8.307143211364746,6.585437774658203
2016-02-15,8.428475379943848,6.720323085784912
2016-02-16,8.497230529785156,6.571948051452637
2016-02-17,8.824824333190918,6.931644916534424
2016-02-18,8.456787109375,6.791512966156006
2016-02-19,8.371856689453125,6.631148338317871
2016-02-22,8.412299156188965,6.924149990081787
2016-02-23,8.087940216064453,6.69559383392334
2016-02-24,7.965798854827881,6.430318832397461
2016-02-25,8.024847984313965,6.60567045211792
2016-02-26,8.21008014678955,7.101001739501953
2016-02-29,8.17772388458252,7.1369709968566895
2016-03-01,8.331411361694336,7.423977851867676
2016-03-02,8.412299156188965,7.647290229797363
2016-03-03,8.735848426818848,7.909568786621094
2016-03-04,8.92997932434082,7.973266124725342
2016-03-07,9.031087875366211,8.186834335327148
2016-03-08,8.760114669799805,7.950784683227539
2016-03-09,8.80460262298584,7.943290710449219
2016-03-10,8.582160949707031,7.66227912902832
2016-03-11,8.650917053222656,7.909568786621094
2016-03-14,8.699448585510254,7.943290710449219
2016-03-15,8.63878345489502,7.763442516326904
2016-03-16,8.994688987731934,7.8158979415893555
2016-03-17,9.34250545501709,8.010733604431152
2016-03-18,9.229262351989746,7.898329734802246
2016-03-21,9.09984016418457,7.83463191986084
2016-03-22,9.067486763000488,7.800909996032715
2016-03-23,8.938066482543945,7.591087818145752
2016-03-24,8.849090576171875,7.453953742980957
2016-03-29,8.857179641723633,7.396251678466797
2016-03-30,9.229262351989746,7.5461249351501465
2016-03-31,8.938066482543945,7.43372106552124
2016-04-01,8.780336380004883,7.208161354064941
2016-04-04,8.800559043884277,7.180434226989746
2016-04-05,8.549808502197266,6.984848499298096
2016-04-06,8.590250015258789,6.984099388122559
2016-04-07,8.412299156188965,6.902420520782471
2016-04-08,8.857179641723633,7.098003387451172
2016-04-11,9.018954277038574,7.198419570922852
2016-04-12,9.261616706848145,7.434470176696777
2016-04-13,9.334416389465332,7.917061805725098
2016-04-14,9.358682632446289,7.928302764892578
2016-04-15,9.34250545501709,7.86835241317749
2016-04-18,9.338460922241211,7.905821800231934
2016-04-19,9.617522239685059,8.179340362548828
2016-04-20,9.657965660095215,8.40789794921875
2016-04-21,9.7954740524292,8.505314826965332
2016-04-22,9.771207809448242,8.490327835083008
2016-04-25,9.621565818786621,8.310481071472168
2016-04-26,9.706498146057129,8.539036750793457
2016-04-27,9.722677230834961,8.737617492675781
2016-04-28,9.872316360473633,8.812555313110352
2016-04-29,9.702454566955566,8.576505661010742
2016-05-02,9.746941566467285,8.505314826965332
2016-05-03,9.637743949890137,8.123139381408691
2016-05-04,9.560900688171387,8.093164443969727
2016-05-05,9.678187370300293,8.47159481048584
2016-05-06,9.746941566467285,8.554025650024414
2016-05-09,9.423391342163086,8.299240112304688
2016-05-10,9.504279136657715,8.456604957580566
2016-05-11,9.528546333312988,8.426631927490234
2016-05-12,9.641788482666016,8.550277709960938
2016-05-13,9.52450180053711,8.632708549499512
2016-05-16,9.657965660095215,8.70764446258545
2016-05-17,9.597301483154297,8.70764446258545
2016-05-18,9.702454566955566,8.767593383789062
2016-05-19,9.463834762573242,8.389162063598633
2016-05-20,9.540678024291992,8.467845916748047
2016-05-23,9.415306091308594,8.39291000366211
2016-05-24,9.56494426727295,8.625213623046875
2016-05-25,9.780949592590332,8.943696022033691
2016-05-26,9.834465026855469,8.894987106323242
2016-05-27,9.830348014831543,8.872505187988281
2016-05-30,9.813882827758789,8.902481079101562
2016-05-31,9.69861888885498,8.673922538757324
2016-06-01,9.645102500915527,8.561516761779785
2016-06-02,9.59158706665039,8.569011688232422
2016-06-03,9.599822044372559,8.46035385131836
2016-06-06,9.731550216674805,8.730125427246094
2016-06-07,9.805649757385254,8.906229019165039
2016-06-08,9.912680625915527,8.928706169128418
2016-06-09,10.102041244506836,8.733872413635254
2016-06-10,9.970311164855957,8.505314826965332
2016-06-13,9.776832580566406,8.370429039001465
2016-06-14,9.575121879577637,8.160606384277344
2016-06-15,9.558655738830566,8.224302291870117
2016-06-16,9.51749038696289,8.245089530944824
2016-06-17,9.727435111999512,8.464495658874512
2016-06-20,9.933260917663574,8.691601753234863
2016-06-21,9.986778259277344,8.760887145996094
2016-06-22,10.05675983428955,8.768587112426758
2016-06-23,10.18848991394043,9.007238388061523
2016-06-24,9.842697143554688,8.021830558776855
2016-06-27,9.484557151794434,7.856314182281494
2016-06-28,9.665687561035156,8.087268829345703
2016-06-29,9.995010375976562,8.683902740478516
2016-06-30,10.291402816772461,8.783984184265137
2016-07-01,10.295520782470703,8.987993240356445
2016-07-04,10.283170700073242,8.91100788116455
2016-07-05,10.040292739868164,8.764737129211426
2016-07-06,9.801532745361328,8.606918334960938
2016-07-07,9.962079048156738,8.768587112426758
2016-07-08,10.130857467651367,8.96874713897705
2016-07-11,10.324337005615234,9.030335426330566
2016-07-12,10.36961841583252,9.349821090698242
2016-07-13,10.353151321411133,9.238194465637207
2016-07-14,10.381967544555664,9.380617141723633
2016-07-15,10.435482025146484,9.349821090698242
2016-07-18,10.365501403808594,9.268989562988281
2016-07-19,10.468416213989258,9.103469848632812
2016-07-20,10.394317626953125,9.088075637817383
2016-07-21,10.332569122314453,9.295931816101074
2016-07-22,10.320219993591309,9.222797393798828
2016-07-25,10.052642822265625,9.057280540466309
2016-07-26,10.089691162109375,8.88791275024414
2016-07-27,10.073225021362305,8.96874713897705
2016-07-28,9.957962036132812,8.653109550476074
2016-07-29,10.052642822265625,8.6800537109375
2016-08-01,10.23788833618164,8.55302906036377
2016-08-02,10.027944564819336,8.383661270141602
2016-08-03,10.20907211303711,8.445249557495117
2016-08-04,10.36961841583252,8.733942985534668
2016-08-05,10.443717956542969,8.85326862335205
2016-08-08,10.505463600158691,8.953350067138672
2016-08-09,10.69482707977295,9.034183502197266
2016-08-10,10.719526290893555,9.018787384033203
2016-08-11,10.814207077026367,9.153510093688965
2016-08-12,10.987103462219238,9.176606178283691
2016-08-15,10.991219520568848,9.30748176574707
2016-08-16,10.941821098327637,9.403712272644043
2016-08-17,10.999451637268066,9.261290550231934
2016-08-18,11.057084083557129,9.365220069885254
2016-08-19,11.011799812316895,9.242044448852539
2016-08-22,10.83890438079834,9.176606178283691
2016-08-23,10.83890438079834,9.238194465637207
2016-08-24,10.826556205749512,9.238194465637207
2016-08-25,10.777155876159668,9.218948364257812
2016-08-26,10.81832218170166,9.303632736206055
2016-08-29,10.785391807556152,9.180455207824707
2016-08-30,10.871838569641113,9.30748176574707
2016-08-31,10.727757453918457,9.268989562988281
2016-09-01,10.587794303894043,9.376768112182617
2016-09-02,10.777155876159668,9.642365455627441
2016-09-05,10.826556205749512,9.63851547241211
2016-09-06,10.83890438079834,9.515338897705078
2016-09-07,10.793623924255371,9.711651802062988
2016-09-08,10.851255416870117,9.84252643585205
2016-09-09,10.678359985351562,9.69625473022461
2016-09-12,10.58367919921875,9.553832054138184
2016-09-13,10.22553825378418,9.3190279006958
2016-09-14,10.126741409301758,9.211249351501465
2016-09-15,10.130857467651367,9.261290550231934
2016-09-16,9.673918724060059,9.061129570007324
2016-09-19,9.863279342651367,9.188155174255371
2016-09-20,9.776832580566406,9.111092567443848
2016-09-21,9.760364532470703,9.13426399230957
2016-09-22,9.965420722961426,9.222797393798828
2016-09-23,9.957010269165039,9.22664737701416
2016-09-26,9.86030101776123,9.115017890930176
2016-09-27,9.629034996032715,8.895612716674805
2016-09-28,9.814046859741211,8.984143257141113
2016-09-29,10.251347541809082,9.3190279006958
2016-09-30,10.230323791503906,9.295931816101074
2016-10-03,10.247143745422363,9.27283763885498
2016-10-04,10.448973655700684,9.392163276672363
2016-10-05,10.411131858825684,9.469149589538574
2016-10-06,10.369081497192383,9.457600593566895
2016-10-07,10.310215950012207,9.480695724487305
2016-10-10,10.402722358703613,9.765542984008789
2016-10-11,10.52466106414795,9.692405700683594
2016-10-12,10.486818313598633,9.746295928955078
2016-10-13,10.478407859802246,9.75399398803711
2016-10-14,10.491024017333984,9.769389152526855
2016-10-17,10.3312406539917,9.603873252868652
2016-10-18,10.52045726776123,9.750144004821777
2016-10-19,10.751721382141113,9.892566680908203
2016-10-20,10.793768882751465,10.008044242858887
2016-10-21,10.785360336303711,9.988798141479492
2016-10-24,10.676033973693848,10.058084487915039
2016-10-25,10.722288131713867,9.969551086425781
2016-10-26,10.545685768127441,9.93875789642334
2016-10-27,10.52466106414795,9.96185302734375
2016-10-28,10.503636360168457,9.984949111938477
2016-10-31,10.385903358459473,9.827129364013672
2016-11-01,10.247143745422363,9.742446899414062
2016-11-02,10.083155632019043,9.511489868164062
2016-11-03,10.10838508605957,9.623120307922363
2016-11-04,9.93598747253418,9.549983978271484
2016-11-07,10.066335678100586,9.607721328735352
2016-11-08,10.091565132141113,9.63851547241211
2016-11-09,10.049515724182129,9.727048873901367
2016-11-10,9.994853973388672,9.6154203414917
2016-11-11,9.708927154541016,9.357521057128906
2016-11-14,9.671083450317383,9.33057689666748
2016-11-15,10.116793632507324,9.515338897705078
2016-11-16,10.091565132141113,9.496094703674316
2016-11-17,10.495226860046387,9.546134948730469
2016-11-18,10.369081497192383,9.365220069885254
2016-11-21,10.650805473327637,9.461450576782227
2016-11-22,10.591938972473145,9.476848602294922
2016-11-23,10.621373176574707,9.453752517700195
2016-11-24,10.722288131713867,9.469149589538574
2016-11-25,10.629782676696777,9.380617141723633
2016-11-28,10.469999313354492,9.326726913452148
2016-11-29,10.27237319946289,9.299781799316406
2016-11-30,10.734902381896973,9.700105667114258
2016-12-01,11.012419700622559,9.927209854125977
2016-12-02,10.982986450195312,9.81943130493164
2016-12-05,11.10072135925293,9.934907913208008
2016-12-06,11.331986427307129,9.931058883666992
2016-12-07,11.643141746520996,9.996495246887207
2016-12-08,11.685192108154297,10.096576690673828
2016-12-09,11.659963607788086,9.934907913208008
2016-12-12,11.811336517333984,10.096576690673828
2016-12-13,11.958505630493164,10.154314994812012
2016-12-14,11.882817268371582,10.16201400756836
2016-12-15,11.857588768005371,10.235149383544922
2016-12-16,11.874407768249512,10.643169403076172
2016-12-19,11.6893949508667,10.548494338989258
2016-12-20,11.903841018676758,10.729957580566406
2016-12-21,11.861791610717773,10.627389907836914
2016-12-22,11.790311813354492,10.587942123413086
2016-12-23,11.937480926513672,10.599778175354004
2016-12-27,11.90804672241211,10.631336212158203
2016-12-28,11.93327522277832,10.572161674499512
2016-12-29,11.94588851928711,10.63528060913086
2016-12-30,11.93327522277832,10.587942123413086
2017-01-02,12.042601585388184,10.670783996582031
2017-01-03,12.004755973815918,10.753625869750977
2017-01-04,11.94588851928711,10.777294158935547
2017-01-05,12.046806335449219,10.793074607849121
2017-01-06,12.114082336425781,10.808853149414062
2017-01-09,11.920660972595215,10.706287384033203
2017-01-10,11.832359313964844,10.824631690979004
2017-01-11,11.899637222290039,10.966646194458008
2017-01-12,11.975323677062988,11.069211959838867
2017-01-13,12.151926040649414,11.211226463317871
2017-01-16,11.958505630493164,11.128385543823242
2017-01-17,11.899637222290039,11.128385543823242
2017-01-18,11.958505630493164,11.148110389709473
2017-01-19,11.832359313964844,11.124441146850586
2017-01-20,11.794515609741211,11.199392318725586
2017-01-23,11.651552200317383,11.045544624328613
2017-01-24,11.668370246887207,11.108662605285645
2017-01-25,11.773492813110352,11.242785453796387
2017-01-26,11.765083312988281,11.203337669372559
2017-01-27,11.71462631225586,11.11655044555664
2017-01-30,11.453927040100098,10.860137939453125
2017-01-31,11.453927040100098,10.777294158935547
2017-02-01,11.353010177612305,10.78123950958252
2017-02-02,11.43710708618164,10.848301887512207
2017-02-03,11.638936996459961,10.982426643371582
2017-02-06,11.634734153747559,10.93114185333252
2017-02-07,11.49597454071045,10.773348808288574
2017-02-08,11.5380220413208,10.6826171875
2017-02-09,11.605300903320312,10.824631690979004
2017-02-10,11.643141746520996,10.793074607849121
2017-02-13,11.697805404663086,11.006094932556152
2017-02-14,11.613709449768066,10.990316390991211
2017-02-15,11.516999244689941,10.986371994018555
2017-02-16,11.529613494873047,10.962702751159668
2017-02-17,11.521203994750977,10.749680519104004
2017-02-20,11.508588790893555,10.824631690979004
2017-02-21,11.395059585571289,10.879859924316406
2017-02-22,11.424491882324219,10.80490779876709
2017-02-23,11.59268569946289,10.958757400512695
2017-02-24,11.643141746520996,10.903529167175293
2017-02-27,11.59268569946289,10.883806228637695
2017-02-28,11.680986404418945,11.045544624328613
2017-03-01,11.77769660949707,11.278288841247559
2017-03-02,11.811336517333984,11.278288841247559
2017-03-03,11.786107063293457,11.278288841247559
2017-03-06,11.71462631225586,11.294068336486816
2017-03-07,11.798720359802246,11.309846878051758
2017-03-08,11.6893949508667,11.234895706176758
2017-03-09,11.479154586791992,11.104717254638672
2017-03-10,11.479154586791992,11.380854606628418
2017-03-13,11.529613494873047,11.365074157714844
2017-03-14,11.365625381469727,11.124441146850586
2017-03-15,11.386650085449219,11.2625093460083
2017-03-16,11.575865745544434,11.428192138671875
2017-03-17,11.424491882324219,11.48736572265625
2017-03-20,11.344599723815918,11.408469200134277
2017-03-21,11.243684768676758,11.420302391052246
2017-03-22,11.289939880371094,11.404522895812988
2017-03-23,11.369831085205078,11.483420372009277
2017-03-24,11.252094268798828,11.337461471557617
2017-03-27,11.268914222717285,11.278288841247559
2017-03-28,11.571660995483398,11.309846878051758
2017-03-29,11.626323699951172,11.353240966796875
2017-03-30,11.899637222290039,11.518924713134766
2017-03-31,11.9627103805542,11.420302391052246
2017-04-03,11.899637222290039,11.286178588867188
2017-04-04,12.004755973815918,11.353240966796875
2017-04-05,12.051011085510254,11.558372497558594
2017-04-06,12.139312744140625,11.696442604064941
2017-04-07,12.210793495178223,11.83056640625
2017-04-10,12.25284194946289,11.7871732711792
2017-04-11,12.223406791687012,11.720109939575195
2017-04-12,12.32011890411377,11.704330444335938
2017-04-13,12.257046699523926,11.613600730895996
2017-04-18,12.223406791687012,11.357186317443848
2017-04-19,12.080445289611816,11.349297523498535
2017-04-20,12.004755973815918,11.36902141571045
2017-04-21,11.920660972595215,11.278288841247559
2017-04-24,12.076238632202148,11.578097343444824
2017-04-25,12.177154541015625,11.656994819641113
2017-04-26,12.151926040649414,11.688551902770996
2017-04-27,11.920660972595215,11.48736572265625
2017-04-28,12.000553131103516,11.467641830444336
2017-05-02,11.819746017456055,11.542593002319336
2017-05-03,11.735651016235352,11.48736572265625
2017-05-04,11.765083312988281,11.416357040405273
2017-05-05,11.71462631225586,11.51103401184082
2017-05-08,11.735651016235352,11.526813507080078
2017-05-09,11.75246810913086,11.56231689453125
2017-05-10,11.895432472229004,11.629378318786621
2017-05-11,12.013166427612305,11.578097343444824
2017-05-12,12.046806335449219,11.550481796264648
2017-05-15,12.193974494934082,11.676717758178711
2017-05-16,12.25284194946289,11.818731307983398
2017-05-17,12.067830085754395,11.676717758178711
2017-05-18,11.664167404174805,11.554428100585938
2017-05-19,12.000553131103516,11.708276748657227
2017-05-22,11.979528427124023,11.7122220993042
2017-05-23,11.912252426147461,11.901573181152344
2017-05-24,11.870203018188477,11.893683433532715
2017-05-25,11.895432472229004,11.881850242614746
2017-05-26,11.860191345214844,11.799006462097168
2017-05-29,11.795989036560059,11.842401504516602
2017-05-30,11.902992248535156,11.834510803222656
2017-05-31,11.753188133239746,11.767449378967285
2017-06-01,11.800271034240723,11.826621055603027
2017-06-02,11.744629859924316,11.692496299743652
2017-06-05,11.667586326599121,11.720109939575195
2017-06-06,11.671867370605469,11.751670837402344
2017-06-07,11.654746055603027,11.739834785461426
2017-06-08,11.453581809997559,11.720109939575195
2017-06-09,11.586263656616211,11.700386047363281
2017-06-12,11.556303024291992,11.697136878967285
2017-06-13,11.573424339294434,11.697136878967285
2017-06-14,11.393659591674805,11.481877326965332
2017-06-15,11.38938045501709,11.24224853515625
2017-06-16,11.62906551361084,11.28692626953125
2017-06-19,11.693266868591309,11.43313980102539
2017-06-20,11.393659591674805,11.185388565063477
2017-06-21,11.286657333374023,11.140711784362793
2017-06-22,11.21817398071289,11.039173126220703
2017-06-23,11.226734161376953,10.990436553955078
2017-06-26,11.196775436401367,11.02698802947998
2017-06-27,11.312337875366211,11.055419921875
2017-06-28,11.303776741027832,11.09603500366211
2017-06-29,11.303776741027832,10.986372947692871
2017-06-30,11.346578598022461,10.884835243225098
2017-07-03,11.552023887634277,11.181326866149902
2017-07-04,11.517783164978027,11.201632499694824
2017-07-05,11.33373737335205,11.010743141174316
2017-07-06,11.222455978393555,11.043234825134277
2017-07-07,11.192493438720703,10.917326927185059
2017-07-10,11.205334663391113,10.945758819580078
2017-07-11,11.248135566711426,10.945758819580078
2017-07-12,11.483542442321777,11.055419921875
2017-07-13,11.504942893981934,11.234125137329102
2017-07-14,11.603384971618652,11.29910945892334
2017-07-17,11.603384971618652,11.262557029724121
2017-07-18,11.607665061950684,11.12852668762207
2017-07-19,11.744629859924316,11.201632499694824
2017-07-20,11.714669227600098,11.24631118774414
2017-07-21,11.569145202636719,11.12446403503418
2017-07-24,11.39793872833252,11.079788208007812
2017-07-25,11.513501167297363,11.278801918029785
2017-07-26,11.522063255310059,11.372218132019043
2017-07-27,11.427900314331055,11.453447341918945
2017-07-28,11.462141990661621,11.485939025878906
2017-07-31,11.590544700622559,11.502185821533203
2017-08-01,11.838790893554688,11.672768592834473
2017-08-02,11.881592750549316,11.689014434814453
2017-08-03,11.843070983886719,11.70526123046875
2017-08-04,12.048516273498535,11.81898307800293
2017-08-07,12.121277809143066,11.827106475830078
2017-08-08,12.164079666137695,11.859598159790039
2017-08-09,12.142679214477539,11.721506118774414
2017-08-10,12.164079666137695,11.628091812133789
2017-08-11,11.911553382873535,11.408770561218262
2017-08-14,11.980035781860352,11.518431663513184
2017-08-15,11.885873794555664,11.473753929138184
2017-08-16,11.941513061523438,11.579353332519531
2017-08-17,11.92867374420166,11.47781753540039
2017-08-18,11.864470481872559,11.416893005371094
2017-08-21,11.873031616210938,11.420954704284668
2017-08-22,11.877310752868652,11.510308265686035
2017-08-23,11.894433975219727,11.485939025878906
2017-08-24,11.851631164550781,11.47781753540039
2017-08-25,11.774589538574219,11.461568832397461
2017-08-28,11.761750221252441,11.404708862304688
2017-08-29,11.830231666564941,11.33972454071045
2017-08-30,11.92867374420166,11.522492408752441
2017-08-31,11.907273292541504,11.721506118774414
2017-09-01,12.0185546875,11.802736282348633
2017-09-04,12.027115821838379,11.73369026184082
2017-09-05,12.151239395141602,11.94895076751709
2017-09-06,12.074196815490723,11.94895076751709
2017-09-07,12.099879264831543,11.900212287902832
2017-09-08,11.971475601196289,11.810858726501465
2017-09-11,12.142679214477539,12.001751899719238
2017-09-12,12.206880569458008,12.066734313964844
2017-09-13,12.069917678833008,12.192641258239746
2017-09-14,12.313882827758789,12.322608947753906
2017-09-15,12.202600479125977,12.200764656066895
2017-09-18,12.309603691101074,12.265748023986816
2017-09-19,12.466413497924805,12.39571762084961
2017-09-20,12.588377952575684,12.464762687683105
2017-09-21,12.662425994873047,12.501317024230957
2017-09-22,12.980401992797852,12.562238693237305
2017-09-25,13.028316497802734,12.67189884185791
2017-09-26,13.128500938415527,12.619098663330078
2017-09-27,13.002182006835938,12.655652046203613
2017-09-28,13.141568183898926,12.574422836303711
2017-09-29,13.063163757324219,12.663776397705078
2017-10-02,12.954267501831055,12.590668678283691
2017-10-03,13.028316497802734,12.594730377197266
2017-10-04,13.037029266357422,12.281993865966797
2017-10-05,13.237397193908691,12.444454193115234
2017-10-06,13.067519187927246,12.4079008102417
2017-10-09,13.141568183898926,12.4079008102417
2017-10-10,13.089298248291016,12.411961555480957
2017-10-11,13.158991813659668,12.509438514709473
2017-10-12,13.237397193908691,12.468823432922363
2017-10-13,13.437767028808594,12.545991897583008
2017-10-16,13.494391441345215,12.501317024230957
2017-10-17,13.50745964050293,12.472884178161621
2017-10-18,13.594575881958008,12.416023254394531
2017-10-19,13.699116706848145,12.416023254394531
2017-10-20,13.712182998657227,12.420085906982422
2017-10-23,13.555373191833496,12.4079008102417
2017-10-24,13.551017761230469,12.558176040649414
2017-10-25,13.372427940368652,12.444454193115234
2017-10-26,13.498746871948242,12.562238693237305
2017-10-27,13.585864067077637,12.627222061157227
2017-10-30,13.577154159545898,12.988696098327637
2017-10-31,13.903841018676758,13.065864562988281
2017-11-01,13.803656578063965,13.122726440429688
2017-11-02,13.990958213806152,13.122726440429688
2017-11-03,13.851570129394531,12.927772521972656
2017-11-06,14.07807445526123,12.858728408813477
2017-11-07,14.265374183654785,12.948080062866211
2017-11-08,13.943042755126953,12.883097648620605
2017-11-09,14.239239692687988,12.8709135055542
2017-11-10,14.13034439086914,12.879035949707031
2017-11-13,14.18261432647705,12.789682388305664
2017-11-14,14.051937103271484,12.58254623413086
2017-11-15,13.838502883911133,12.192641258239746
2017-11-16,13.742673873901367,12.091102600097656
2017-11-17,13.668624877929688,12.111410140991211
2017-11-20,13.738319396972656,12.188579559326172
2017-11-21,13.847216606140137,12.225132942199707
2017-11-22,13.847216606140137,12.310423851013184
2017-11-23,13.86899471282959,12.277931213378906
2017-11-24,13.8733491897583,12.19670295715332
2017-11-27,13.790589332580566,12.172332763671875
2017-11-28,13.855927467346191,12.39977741241455
2017-11-29,13.943042755126953,12.525683403015137
2017-11-30,13.81236743927002,12.525683403015137
2017-12-01,13.947399139404297,12.464762687683105
2017-12-04,13.925620079040527,12.659713745117188
2017-12-05,13.903841018676758,12.740943908691406
2017-12-06,13.716540336608887,12.590668678283691
2017-12-07,13.503103256225586,12.58254623413086
2017-12-08,13.555373191833496,12.570361137390137
2017-12-11,13.655557632446289,12.485069274902344
2017-12-12,13.825434684753418,12.509438514709473
2017-12-13,13.703470230102539,12.444454193115234
2017-12-14,13.64249038696289,12.485069274902344
2017-12-15,13.503103256225586,12.310423851013184
2017-12-18,13.61199951171875,12.508831977844238
2017-12-19,13.598931312561035,12.546345710754395
2017-12-20,13.520527839660645,12.53384017944336
2017-12-21,13.546662330627441,12.542177200317383
2017-12-22,13.64249038696289,12.538010597229004
2017-12-27,13.646845817565918,12.508831977844238
2017-12-28,13.551017761230469,12.53384017944336
2017-12-29,13.3506498336792,12.292084693908691
2018-01-02,13.546662330627441,12.49632740020752
2018-01-03,13.6947603225708,12.77559757232666
2018-01-04,13.851570129394531,13.113224029541016
2018-01-05,13.899483680725098,13.142402648925781
2018-01-08,13.851570129394531,13.150738716125488
2018-01-09,13.803656578063965,13.167410850524902
2018-01-10,14.02144718170166,13.113224029541016
2018-01-11,14.18261432647705,13.221597671508789
2018-01-12,14.15648078918457,13.271615982055664
2018-01-15,14.117276191711426,13.288289070129395
2018-01-16,14.025805473327637,13.163243293762207
2018-01-17,14.043229103088379,13.059037208557129
2018-01-18,14.065006256103516,13.129897117614746
2018-01-19,14.07807445526123,12.988176345825195
2018-01-22,14.269731521606445,13.229934692382812
2018-01-23,14.282798767089844,13.188251495361328
2018-01-24,14.313289642333984,13.188251495361328
2018-01-25,14.24795150756836,13.104887962341309
2018-01-26,14.073719024658203,12.933990478515625
2018-01-29,13.825434684753418,12.879802703857422
2018-01-30,13.607643127441406,12.613037109375
2018-01-31,13.389851570129395,12.633877754211426
2018-02-01,13.546662330627441,12.754756927490234
2018-02-02,13.298378944396973,12.538010597229004
2018-02-05,13.002182006835938,12.354606628417969
2018-02-06,12.727763175964355,11.987804412841797
2018-02-07,13.0762300491333,12.229560852050781
2018-02-08,12.801813125610352,11.821075439453125
2018-02-09,12.63629150390625,11.64184284210205
2018-02-12,12.714695930480957,11.725207328796387
2018-02-13,12.570955276489258,11.646010398864746
2018-02-14,12.65807056427002,11.525132179260254
2018-02-15,12.618867874145508,11.462608337402344
2018-02-16,12.875862121582031,11.57931900024414
2018-02-19,12.801813125610352,11.633504867553711
2018-02-20,12.784390449523926,11.77105712890625
2018-02-21,12.928133964538574,11.683524131774902
2018-02-22,12.875862121582031,11.77105712890625
2018-02-23,12.936845779418945,11.800233840942383
2018-02-26,13.054450988769531,11.896103858947754
2018-02-27,12.94555377960205,11.846085548400879
2018-02-28,12.954267501831055,12.258739471435547
2018-03-01,12.688562393188477,12.087841033935547
2018-03-02,12.775676727294922,11.6710205078125
2018-03-05,12.897642135620117,11.766888618469238
2018-03-06,12.919421195983887,11.871094703674316
2018-03-07,12.745186805725098,11.65434741973877
2018-03-08,12.81923770904541,11.637673377990723
2018-03-09,13.14592456817627,11.758551597595215
2018-03-12,13.128500938415527,11.77105712890625
2018-03-13,13.137212753295898,11.775224685668945
2018-03-14,13.163348197937012,11.6710205078125
2018-03-15,13.150280952453613,11.637673377990723
2018-03-16,13.490036010742188,11.854421615600586
2018-03-19,13.32887077331543,11.495953559875488
2018-03-20,13.472612380981445,11.712702751159668
2018-03-21,13.581509590148926,11.883598327636719
2018-03-22,13.3506498336792,11.733542442321777
2018-03-23,13.198193550109863,11.696028709411621
2018-03-26,13.115433692932129,11.850253105163574
2018-03-27,13.302735328674316,11.987804412841797
2018-03-28,13.198193550109863,11.925281524658203
2018-03-29,13.333226203918457,12.01698112487793
2018-04-03,13.307089805603027,12.087841033935547
2018-04-04,13.389851570129395,12.208720207214355
2018-04-05,13.921263694763184,12.487990379333496
2018-04-06,13.764453887939453,12.508831977844238
2018-04-09,13.82107925415039,12.483823776245117
2018-04-10,13.960466384887695,12.750589370727539
2018-04-11,14.065006256103516,12.83812141418457
2018-04-12,14.091141700744629,12.942327499389648
2018-04-13,13.794944763183594,12.950663566589355
2018-04-16,13.68604850769043,12.850626945495605
2018-04-17,13.7078275680542,12.88397216796875
2018-04-18,13.8864164352417,13.125728607177734
2018-04-19,14.034516334533691,13.117391586303711
2018-04-20,13.895129203796387,13.10905647277832
2018-04-23,14.15212345123291,13.150738716125488
2018-04-24,14.038871765136719,13.317466735839844
2018-04-25,13.747031211853027,13.088213920593262
2018-04-26,13.838502883911133,13.175748825073242
2018-04-27,13.934329986572266,13.175748825073242
2018-04-30,13.864638328552246,13.213260650634766
2018-05-02,13.755743026733398,13.229934692382812
2018-05-03,13.864638328552246,13.254941940307617
2018-05-04,14.051937103271484,13.350812911987305
2018-05-07,14.343780517578125,13.54255199432373
2018-05-08,14.191327095031738,13.446680068969727
2018-05-09,14.322002410888672,13.788476943969727
2018-05-10,14.583352088928223,13.730120658874512
2018-05-11,14.910039901733398,13.871840476989746
2018-05-14,14.966666221618652,13.8968505859375
2018-05-15,14.879548072814941,13.955204963684082
2018-05-16,14.76629638671875,13.963541030883789
2018-05-17,14.748873710632324,14.246979713439941
2018-05-18,14.792431831359863,14.226139068603516
2018-05-21,14.86648178100586,14.28866195678711
2018-05-22,14.940530776977539,14.305335998535156
2018-05-23,14.535436630249023,13.68010139465332
2018-05-24,14.491878509521484,13.54671859741211
2018-05-25,14.073719024658203,13.13823413848877
2018-05-28,13.847367286682129,13.063204765319824
2018-05-29,13.749725341796875,13.04653263092041
2018-05-30,14.007144927978516,13.592570304870605
2018-05-31,14.109225273132324,13.592570304870605
2018-06-01,14.162484169006348,13.759297370910645
2018-06-04,14.246809959411621,13.717616081237793
2018-06-05,14.149168968200684,13.684270858764648
2018-06-06,14.357766151428223,14.092757225036621
2018-06-07,14.561928749084473,14.347017288208008
2018-06-08,14.277877807617188,14.201128959655762
2018-06-11,14.424341201782227,14.405372619628906
2018-06-12,14.428777694702148,14.263654708862305
2018-06-13,14.353328704833984,14.213634490966797
2018-06-14,14.362205505371094,14.355352401733398
2018-06-15,14.011582374572754,14.271989822387695
2018-06-18,14.242372512817383,14.310598373413086
2018-06-19,13.993830680847168,14.263410568237305
2018-06-20,13.84292984008789,14.031763076782227
2018-06-21,13.856244087219238,13.941678047180176
2018-06-22,14.282317161560059,14.327756881713867
2018-06-25,14.15804672241211,14.087531089782715
2018-06-26,14.229059219360352,14.169034957885742
2018-06-27,14.424341201782227,14.417841911315918
2018-06-28,14.384397506713867,14.477896690368652
2018-06-29,14.499791145324707,14.38352108001709
2018-07-02,14.388833999633789,14.310598373413086
2018-07-03,14.60630989074707,14.465028762817383
2018-07-04,14.779401779174805,14.520792961120605
2018-07-05,14.908112525939941,14.803916931152344
2018-07-06,15.014630317687988,14.722414016723633
2018-07-09,15.258733749389648,14.816789627075195
2018-07-10,15.325305938720703,14.829655647277832
2018-07-11,15.098956108093262,14.593720436096191
2018-07-12,14.961369514465332,14.550822257995605
2018-07-13,14.983559608459473,14.572272300720215
2018-07-16,14.983559608459473,14.41355037689209
2018-07-17,14.96580982208252,14.430708885192871
2018-07-18,14.934741020202637,14.37065315246582
2018-07-19,15.03238296508789,14.542243957519531
2018-07-20,15.054574012756348,14.460738182067871
2018-07-23,15.059012413024902,14.465028762817383
2018-07-24,15.1344633102417,14.456448554992676
2018-07-25,15.214350700378418,14.38352108001709
2018-07-26,15.471771240234375,14.332046508789062
2018-07-27,15.538344383239746,14.404972076416016
2018-07-30,15.440701484680176,14.499345779418945
2018-07-31,15.613795280456543,14.56369400024414
2018-08-01,15.742504119873047,14.503636360168457
2018-08-02,15.742504119873047,14.486477851867676
2018-08-03,15.46289348602295,14.576560974121094
2018-08-06,15.640424728393555,14.567980766296387
2018-08-07,15.902280807495117,14.64948844909668
2018-08-08,15.884529113769531,14.645196914672852
2018-08-09,15.738064765930176,14.58942985534668
2018-08-10,15.738064765930176,14.456448554992676
2018-08-13,15.67593002319336,14.336334228515625
2018-08-14,15.698121070861816,14.19906234741211
2018-08-15,15.311993598937988,13.885910987854004
2018-08-16,15.396320343017578,13.937390327453613
2018-08-17,15.422948837280273,13.907360076904297
2018-08-20,15.400758743286133,13.984576225280762
2018-08-21,15.493961334228516,14.091819763183594
2018-08-22,15.706997871398926,14.169034957885742
2018-08-23,15.573851585388184,14.08324146270752
2018-08-24,15.658175468444824,14.15616512298584
2018-08-27,15.862337112426758,14.19906234741211
2018-08-28,15.835705757141113,14.241962432861328
2018-08-29,15.817954063415527,14.271989822387695
2018-08-30,15.809077262878418,14.302018165588379
2018-08-31,15.55165958404541,14.211934089660645
2018-09-03,15.702559471130371,14.314886093139648
2018-09-04,15.51171588897705,14.499345779418945
2018-09-05,14.94361686706543,14.18619441986084
2018-09-06,14.561928749084473,14.010313987731934
2018-09-07,14.49091625213623,14.036054611206055
2018-09-10,14.592995643615723,14.087531089782715
2018-09-11,14.557488441467285,14.366364479064941
2018-09-12,14.894797325134277,14.69238567352295
2018-09-13,14.779401779174805,14.567980766296387
2018-09-14,14.672883987426758,14.542243957519531
2018-09-17,14.601872444152832,14.525084495544434
2018-09-18,14.74179744720459,14.5851411819458
2018-09-19,14.925436019897461,14.5851411819458
2018-09-20,15.012667655944824,14.486477851867676
2018-09-21,15.081531524658203,14.139006614685059
2018-09-24,15.407496452331543,14.396392822265625
2018-09-25,15.765597343444824,14.610878944396973
2018-09-26,15.563590049743652,14.71383285522461
2018-09-27,15.55440902709961,14.756731986999512
2018-09-28,15.692138671875,14.726703643798828
2018-10-01,15.435041427612305,14.786760330200195
2018-10-02,15.559000968933105,14.756731986999512
2018-10-03,15.568181037902832,14.718123435974121
2018-10-04,15.563590049743652,14.718123435974121
2018-10-05,15.329448699951172,14.606589317321777
2018-10-08,14.989712715148926,14.426422119140625
2018-10-09,15.159581184387207,14.619460105895996
2018-10-10,15.154987335205078,14.64948844909668
2018-10-11,14.55356502532959,14.104690551757812
2018-10-12,14.369922637939453,14.00173568725586
2018-10-15,14.296465873718262,14.05321216583252
2018-10-16,14.291874885559082,14.074662208557129
2018-10-17,14.351558685302734,13.96741771697998
2018-10-18,14.41124153137207,13.937390327453613
2018-10-19,14.36074161529541,13.740059852600098
2018-10-22,14.392878532409668,13.667135238647461
2018-10-23,13.837363243103027,13.298215866088867
2018-10-24,13.920001983642578,13.100889205932617
2018-10-25,13.952139854431152,12.912139892578125
2018-10-26,13.773089408874512,12.959325790405273
2018-10-29,13.745543479919434,13.045120239257812
2018-10-30,13.754724502563477,13.01080322265625
2018-10-31,14.135780334472656,13.57705020904541
2018-11-01,13.759315490722656,13.34969425201416
2018-11-02,13.616994857788086,13.384012222290039
2018-11-05,13.78686237335205,13.474096298217773
2018-11-06,13.773089408874512,13.414039611816406
2018-11-07,13.773089408874512,13.529863357543945
2018-11-08,13.731770515441895,13.57705020904541
2018-11-09,13.566492080688477,13.598499298095703
2018-11-12,13.566492080688477,13.555602073669434
2018-11-13,12.98343276977539,13.439778327941895
2018-11-14,13.291030883789062,13.302507400512695
2018-11-15,13.515992164611816,13.465517044067383
2018-11-16,13.644540786743164,13.43120002746582
2018-11-19,13.364487648010254,13.39259147644043
2018-11-20,13.268075942993164,13.113757133483887
2018-11-21,13.662904739379883,13.298215866088867
2018-11-22,13.497627258300781,13.09230899810791
2018-11-23,13.22675609588623,12.749129295349121
2018-11-26,13.36907958984375,12.997934341430664
2018-11-27,13.22675609588623,12.839213371276855
2018-11-28,13.116572380065918,12.731969833374023
2018-11-29,13.258893013000488,12.989355087280273
2018-11-30,13.327759742736816,13.083728790283203
2018-12-03,13.828182220458984,13.126626968383789
2018-12-04,13.644540786743164,13.126626968383789
2018-12-05,13.557311058044434,12.916430473327637
2018-12-06,13.102798461914062,12.281546592712402
2018-12-07,13.332351684570312,12.684782981872559
2018-12-10,13.125754356384277,12.354472160339355
2018-12-11,13.134936332702637,12.534642219543457
2018-12-12,13.121162414550781,12.667624473571777
2018-12-13,12.960476875305176,12.809185981750488
2018-12-14,13.001795768737793,12.689071655273438
2018-12-17,12.919157028198242,12.620436668395996
2018-12-18,12.675833702087402,12.496033668518066
2018-12-19,12.831929206848145,12.581829071044922
2018-12-20,12.455463409423828,12.281546592712402
2018-12-21,12.354461669921875,12.328734397888184
2018-12-24,12.414145469665527,12.334033012390137
2018-12-27,12.377415657043457,12.13089370727539
2018-12-28,12.547284126281738,12.510675430297852
2018-12-31,12.666650772094727,12.435603141784668
2019-01-02,12.9099760055542,12.57249927520752
2019-01-03,12.822746276855469,12.590163230895996
2019-01-04,13.212984085083008,12.890456199645996
2019-01-07,13.304803848266602,12.784470558166504
2019-01-08,13.249711990356445,12.797718048095703
2019-01-09,13.382850646972656,12.978776931762695
2019-01-10,13.309395790100098,13.049433708190918
2019-01-11,13.451717376708984,13.027352333068848
2019-01-14,13.364487648010254,12.956695556640625
2019-01-15,13.346123695373535,12.930200576782227
2019-01-16,13.03393268585205,12.939031600952148
2019-01-17,13.075252532958984,13.031768798828125
2019-01-18,13.185437202453613,13.24815559387207
2019-01-21,13.199211120605469,13.071514129638672
2019-01-22,12.98802375793457,13.09800910949707
2019-01-23,12.763062477111816,13.049433708190918
2019-01-24,12.827337265014648,13.292316436767578
2019-01-25,12.80897331237793,13.2878999710083
2019-01-28,12.43250846862793,13.04501724243164
2019-01-29,12.496782302856445,13.256988525390625
2019-01-30,12.391189575195312,13.358556747436523
2019-01-31,12.52892017364502,13.5396146774292
2019-02-01,12.551875114440918,13.48662281036377
2019-02-04,12.726334571838379,13.4512939453125
2019-02-05,13.153300285339355,13.605855941772461
2019-02-06,13.075252532958984,13.574942588806152
2019-02-07,12.643695831298828,13.270236015319824
2019-02-08,12.294778823852539,13.124505996704102
2019-02-11,12.473828315734863,13.146586418151855
2019-02-12,12.671242713928223,13.256988525390625
2019-02-13,12.763062477111816,13.323227882385254
2019-02-14,12.854884147644043,13.243739128112793
2019-02-15,13.208393096923828,13.398301124572754
2019-02-18,13.153300285339355,13.420381546020508
2019-02-19,13.231348037719727,13.345309257507324
2019-02-20,13.437944412231445,13.42921257019043
2019-02-21,13.529764175415039,13.415966033935547
2019-02-22,13.474672317504883,13.385052680969238
2019-02-25,13.396624565124512,13.265819549560547
2019-02-26,13.534355163574219,13.3629732131958
2019-02-27,13.392034530639648,13.380637168884277
2019-02-28,13.249711990356445,13.358556747436523
2019-03-01,13.323168754577637,13.349724769592285
2019-03-04,13.520583152770996,13.33647632598877
2019-03-05,13.571084022521973,13.323227882385254
2019-03-06,13.69963264465332,13.33647632598877
2019-03-07,13.580265998840332,13.305563926696777
2019-03-08,13.22675609588623,13.031768798828125
2019-03-11,13.03852367401123,13.120089530944824
2019-03-12,12.932930946350098,13.0626802444458
2019-03-13,13.359896659851074,13.234907150268555
2019-03-14,13.488445281982422,13.256988525390625
2019-03-15,13.139528274536133,13.24815559387207
2019-03-18,13.373668670654297,13.56611156463623
2019-03-19,13.515992164611816,13.703008651733398
2019-03-20,13.231348037719727,13.667680740356445
2019-03-21,13.070661544799805,13.658848762512207
2019-03-22,12.70337963104248,13.433629989624023
2019-03-25,12.721742630004883,13.332061767578125
2019-03-26,12.923748970031738,13.380637168884277
2019-03-27,13.020160675048828,13.482206344604492
2019-03-28,12.974249839782715,13.371805191040039
2019-03-29,13.111980438232422,13.477790832519531
2019-04-01,13.281848907470703,13.583775520324707
2019-04-02,13.277257919311523,13.579360008239746
2019-04-03,13.17166519165039,13.632351875305176
2019-04-04,13.056888580322266,13.495454788208008
2019-04-05,12.992613792419434,13.548447608947754
2019-04-08,13.180845260620117,13.49103832244873
2019-04-09,13.199211120605469,13.292316436767578
2019-04-10,13.41498851776123,13.508703231811523
2019-04-11,13.346123695373535,13.358556747436523
2019-04-12,13.456307411193848,13.314396858215332
2019-04-15,13.295621871948242,13.243739128112793
2019-04-16,13.22216510772705,13.128922462463379
2019-04-17,13.2864408493042,13.279067993164062
2019-04-18,13.231348037719727,13.305563926696777
2019-04-23,13.740951538085938,13.41154956817627
2019-04-24,13.800636291503906,13.075929641723633
2019-04-25,13.79145336151123,13.151002883911133
2019-04-26,13.759315490722656,13.022937774658203
2019-04-29,13.763907432556152,13.022937774658203
2019-04-30,13.745543479919434,13.3629732131958
2019-05-02,13.713406562805176,13.093594551086426
2019-05-03,13.727178573608398,13.036186218261719
2019-05-06,13.50680923461914,12.92578411102295
2019-05-07,13.353883743286133,12.691733360290527
2019-05-08,13.306831359863281,12.735893249511719
2019-05-09,13.033918380737305,12.603411674499512
2019-05-10,13.07626724243164,12.616660118103027
2019-05-13,12.902167320251465,12.550419807434082
2019-05-14,13.10920524597168,12.735893249511719
2019-05-15,13.175080299377441,12.806550025939941
2019-05-16,13.297419548034668,12.96994400024414
2019-05-17,13.368000984191895,13.0626802444458
2019-05-20,13.42446517944336,13.142170906066895
2019-05-21,13.551509857177734,13.301148414611816
2019-05-22,13.537394523620605,13.212827682495117
2019-05-23,13.142142295837402,12.749141693115234
2019-05-24,13.165668487548828,12.819799423217773
2019-05-27,13.259777069091797,12.916952133178711
2019-05-28,13.043329238891602,12.96994400024414
2019-05-29,12.920989036560059,12.709397315979004
2019-05-30,12.81747055053711,12.877206802368164
2019-05-31,12.685718536376953,12.771222114562988
2019-06-03,12.58220100402832,12.793301582336426
2019-06-04,12.591612815856934,12.921367645263672
2019-06-05,12.591612815856934,12.83746337890625
2019-06-06,12.549263000488281,12.886038780212402
2019-06-07,12.840997695922852,12.947864532470703
2019-06-10,12.892756462097168,12.921367645263672
2019-06-11,12.982159614562988,12.956695556640625
2019-06-12,12.525736808776855,12.691733360290527
2019-06-13,12.478682518005371,12.713813781738281
2019-06-14,12.375164031982422,12.629908561706543
2019-06-17,12.111662864685059,12.48342227935791
2019-06-18,12.332816123962402,12.70772933959961
2019-06-19,12.28105640411377,12.53835391998291
2019-06-20,12.37986946105957,12.69857406616211
2019-06-21,12.638666152954102,12.886260032653809
2019-06-24,12.544557571411133,12.73519515991211
2019-06-25,12.403397560119629,12.607020378112793
2019-06-26,12.699835777282715,12.72146224975586
2019-06-27,12.65278148651123,12.55208683013916
2019-06-28,12.728068351745605,12.620753288269043
2019-07-01,12.958632469177246,12.904570579528809
2019-07-02,12.812764167785645,12.762661933898926
2019-07-03,12.497504234313965,12.611597061157227
2019-07-04,12.544557571411133,12.607020378112793
2019-07-05,12.516325950622559,12.579553604125977
2019-07-08,12.591612815856934,12.593286514282227
2019-07-09,12.690424919128418,12.53835391998291
2019-07-10,12.704541206359863,12.625329971313477
2019-07-11,13.052740097045898,12.67568588256836
2019-07-12,13.128026008605957,12.771817207336426
2019-07-15,13.217428207397461,12.74435043334961
2019-07-16,13.17978572845459,12.616174697875977
2019-07-17,13.193902015686035,12.355245590209961
2019-07-18,13.11861515045166,12.153825759887695
2019-07-19,13.128026008605957,12.181292533874512
2019-07-22,13.1515531539917,12.172137260437012
2019-07-23,13.212722778320312,12.341511726379395
2019-07-24,13.339768409729004,13.083102226257324
2019-07-25,13.3491792678833,13.311986923217773
2019-07-26,13.245660781860352,13.353187561035156
2019-07-29,13.316241264343262,13.33945369720459
2019-07-30,13.184491157531738,13.15634536743164
2019-07-31,13.255071640014648,13.170079231262207
2019-08-01,13.189196586608887,13.064790725708008
2019-08-02,12.657487869262695,12.648218154907227
2019-08-05,12.521031379699707,12.433066368103027
2019-08-06,12.313994407653809,12.272846221923828
2019-08-07,12.191654205322266,12.048538208007812
2019-08-08,12.46927261352539,12.112626075744629
2019-08-09,12.295171737670898,12.011917114257812
2019-08-12,12.074019432067871,11.86085319519043
2019-08-13,12.201065063476562,11.984451293945312
2019-08-14,11.928153038024902,11.627388954162598
2019-08-15,11.763463973999023,11.425969123840332
2019-08-16,11.782285690307617,11.421392440795898
2019-08-19,11.951679229736328,11.73725414276123
2019-08-20,11.857572555541992,11.494636535644531
2019-08-21,12.059903144836426,11.71894359588623
2019-08-22,12.003438949584961,11.705209732055664
2019-08-23,11.871687889099121,11.490057945251465
2019-08-26,11.80581283569336,11.531257629394531
2019-08-27,11.791696548461914,11.490057945251465
2019-08-28,11.965795516967773,11.792186737060547
2019-08-29,12.059903144836426,11.96156120300293
2019-08-30,12.290467262268066,12.103471755981445
2019-09-02,12.23870849609375,12.240802764892578
2019-09-03,12.012850761413574,12.185870170593262
2019-09-04,12.14930534362793,12.414755821228027
2019-09-05,12.497504234313965,12.611597061157227
2019-09-06,12.532450675964355,12.465109825134277
2019-09-09,12.604753494262695,12.70772933959961
2019-09-10,12.889143943786621,12.959503173828125
2019-09-11,12.715617179870605,12.831327438354492
2019-09-12,12.508350372314453,12.66653060913086
2019-09-13,12.691516876220703,12.803861618041992
2019-09-16,13.106051445007324,12.941192626953125
2019-09-17,13.139792442321777,12.831327438354492
2019-09-18,13.212095260620117,12.877104759216309
2019-09-19,13.327778816223145,13.055635452270508
2019-09-20,13.424182891845703,13.009859085083008
2019-09-23,13.255476951599121,13.096835136413574
2019-09-24,13.183174133300781,12.968658447265625
2019-09-25,13.072310447692871,12.895415306091309
2019-09-26,13.05302906036377,12.959503173828125
2019-09-27,13.178354263305664,13.096835136413574
2019-09-30,13.327778816223145,13.128878593444824
2019-10-01,13.23619556427002,13.096835136413574
2019-10-02,12.95180606842041,12.790128707885742
2019-10-03,12.778279304504395,12.57497501373291
2019-10-04,12.889143943786621,12.620753288269043
2019-10-07,13.178354263305664,12.904570579528809
2019-10-08,13.000007629394531,12.762661933898926
2019-10-09,12.995186805725098,12.899993896484375
2019-10-10,12.975906372070312,13.101412773132324
2019-10-11,13.139792442321777,13.32572078704834
2019-10-14,13.077130317687988,13.298254013061523
2019-10-15,13.159072875976562,13.472207069396973
2019-10-16,13.06266975402832,13.490518569946289
2019-10-17,13.06266975402832,13.435585975646973
2019-10-18,13.043389320373535,13.275365829467773
2019-10-21,13.02410888671875,13.33945369720459
2019-10-22,13.207274436950684,13.366920471191406
2019-10-23,13.366340637207031,13.527139663696289
2019-10-24,13.616990089416504,13.664471626281738
2019-10-25,13.747135162353516,13.723981857299805
2019-10-28,14.065265655517578,13.838423728942871
2019-10-29,14.026704788208008,13.778914451599121
2019-10-30,14.031524658203125,13.678203582763672
2019-10-31,13.766414642333984,13.458474159240723
2019-11-01,13.790515899658203,13.865891456604004
2019-11-04,14.099007606506348,14.163442611694336
2019-11-05,14.248432159423828,14.11308765411377
2019-11-06,14.26771354675293,13.852157592773438
2019-11-07,14.41713809967041,13.865891456604004
2019-11-08,14.402677536010742,13.769759178161621
2019-11-11,14.364116668701172,13.760603904724121
2019-11-12,14.508722305297852,13.751447677612305
2019-11-13,14.518362998962402,13.476785659790039
2019-11-14,14.576204299926758,13.362342834472656
2019-11-15,14.638867378234863,13.449318885803223
2019-11-18,14.662967681884766,13.394386291503906
2019-11-19,14.701528549194336,13.380653381347656
2019-11-20,14.576204299926758,13.31656551361084
2019-11-21,14.542463302612305,13.225010871887207
2019-11-22,14.662967681884766,13.366920471191406
2019-11-25,14.484621047973633,13.440163612365723
2019-11-26,14.402677536010742,13.35776424407959
2019-11-27,14.335195541381836,13.275365829467773
2019-11-28,14.29663372039795,13.18838882446289
2019-11-29,14.243612289428711,13.083102226257324
2019-12-02,14.127927780151367,12.950348854064941
2019-12-03,13.896559715270996,12.904570579528809
2019-12-04,13.944761276245117,13.13803482055664
2019-12-05,13.968862533569336,13.128878593444824
2019-12-06,14.084546089172363,13.398963928222656
2019-12-09,13.988142967224121,13.238743782043457
2019-12-10,13.703753471374512,13.13803482055664
2019-12-11,13.761594772338867,13.13803482055664
2019-12-12,13.93030071258545,13.160922050476074
2019-12-13,14.089366912841797,13.115145683288574
2019-12-16,14.171309471130371,13.18381118774414
2019-12-17,14.393037796020508,13.168718338012695
2019-12-18,14.41713809967041,13.18758487701416
2019-12-19,14.503901481628418,13.18758487701416
2019-12-20,14.624405860900879,13.286633491516113
2019-12-23,14.68224811553955,13.347949028015137
2019-12-24,14.672608375549316,13.352664947509766
2019-12-27,14.658146858215332,13.39511489868164
2019-12-30,14.600305557250977,13.324365615844727
2019-12-31,14.364116668701172,13.140419006347656
2020-01-02,14.441239356994629,13.267766952514648
2020-01-03,14.788291931152344,13.432847023010254
2020-01-06,15.19318675994873,13.536612510681152
2020-01-07,15.091962814331055,13.42341423034668
2020-01-08,15.038941383361816,13.546045303344727
2020-01-09,14.8461332321167,13.366815567016602
2020-01-10,15.091962814331055,13.508313179016113
2020-01-13,15.005199432373047,13.4375638961792
2020-01-14,14.860594749450684,13.428131103515625
2020-01-15,14.571383476257324,13.300783157348633
2020-01-16,14.600305557250977,13.343233108520508
2020-01-17,14.479801177978516,13.244183540344238
2020-01-20,14.547283172607422,13.130986213684082
2020-01-21,14.31591510772705,12.9942045211792
2020-01-22,14.04116439819336,12.829124450683594
2020-01-23,13.592888832092285,12.385765075683594
2020-01-24,13.607349395751953,12.357465744018555
2020-01-27,13.28439712524414,11.932971954345703
2020-01-28,13.361519813537598,12.046170234680176
2020-01-29,13.366340637207031,12.069753646850586
2020-01-30,13.159072875976562,11.866939544677734
2020-01-31,13.149433135986328,11.758458137512207
2020-02-03,12.860222816467285,11.588661193847656
2020-02-04,13.192814826965332,11.866939544677734
2020-02-05,13.433823585510254,12.069753646850586
2020-02-06,13.269937515258789,12.098052978515625
2020-02-07,13.260296821594238,12.032020568847656
2020-02-10,13.072310447692871,11.876373291015625
2020-02-11,13.212095260620117,12.022586822509766
2020-02-12,13.496485710144043,12.046170234680176
2020-02-13,13.496485710144043,11.947121620178223
2020-02-14,13.467564582824707,11.932971954345703
2020-02-17,13.616990089416504,11.815056800842285
2020-02-18,13.60252857208252,11.64526081085205
2020-02-19,14.060445785522461,11.64997673034668
2020-02-20,14.02188491821289,11.59809398651123
2020-02-21,13.780876159667969,11.277365684509277
2020-02-24,13.24583625793457,10.6736421585083
2020-02-25,13.115691184997559,10.343481063842773
2020-02-26,13.216915130615234,10.249149322509766
2020-02-27,12.556550979614258,9.91427230834961
2020-02-28,11.925108909606934,9.555810928344727
2020-03-02,12.199858665466309,9.635993003845215
2020-03-03,12.392664909362793,9.763340950012207
2020-03-04,12.291441917419434,9.706741333007812
2020-03-05,11.934749603271484,9.518077850341797
2020-03-06,11.067117691040039,9.055852890014648
2020-03-09,9.23930835723877,7.686154365539551
2020-03-10,9.167969703674316,7.810672283172607
2020-03-11,9.05999755859375,7.846518516540527
2020-03-12,8.146092414855957,6.791889190673828
2020-03-13,8.2617769241333,7.114503860473633
2020-03-16,7.964854717254639,6.390036106109619
2020-03-17,8.510498046875,6.384376049041748
2020-03-18,8.194294929504395,5.793859004974365
2020-03-19,8.194294929504395,5.688207626342773
2020-03-20,7.947502136230469,5.818385124206543
2020-03-23,8.001487731933594,5.859890937805176
2020-03-24,9.05614185333252,6.778682708740234
2020-03-25,9.275941848754883,6.956026554107666
2020-03-26,9.447540283203125,7.2163825035095215
2020-03-27,9.3935546875,6.929614067077637
2020-03-30,9.621066093444824,7.161669731140137
2020-03-31,10.021141052246094,7.859724998474121
2020-04-01,9.842794418334961,7.640875816345215
2020-04-02,10.107903480529785,8.101214408874512
2020-04-03,9.987399101257324,7.784259796142578
2020-04-06,9.563223838806152,7.725773811340332
2020-04-07,9.664446830749512,7.984242916107178
2020-04-08,9.61142635345459,7.888025283813477
2020-04-09,9.900636672973633,7.816332817077637
2020-04-14,9.794591903686523,7.588049411773682
2020-04-15,9.299077987670898,7.014512062072754
2020-04-16,8.928889274597168,6.916407108306885
2020-04-17,9.27979850769043,7.344673156738281
2020-04-20,9.254733085632324,7.295621395111084
2020-04-21,8.73801040649414,6.8654680252075195
2020-04-22,8.936601638793945,6.974893093109131
2020-04-23,9.086990356445312,7.395612716674805
2020-04-24,9.075422286987305,7.303167819976807
2020-04-27,9.121696472167969,7.369199752807617
2020-04-28,9.495741844177246,7.463531970977783
2020-04-29,10.064521789550781,8.020089149475098
2020-04-30,10.136824607849121,7.842745780944824
2020-05-04,9.669267654418945,7.231475353240967
2020-05-05,10.035600662231445,8.186113357543945
2020-05-06,9.804232597351074,8.0238618850708
2020-05-07,10.006680488586426,8.276671409606934
2020-05-08,9.890995979309082,8.144606590270996
2020-05-11,9.770491600036621,8.02197551727295
2020-05-12,9.64998722076416,7.884251117706299
2020-05-13,9.368489265441895,7.612575531005859
2020-05-14,9.233524322509766,7.7106804847717285
2020-05-15,9.578648567199707,7.644648551940918
2020-05-18,10.286250114440918,8.150267601013184
2020-05-19,10.4399995803833,8.06159496307373
2020-05-20,10.71500015258789,8.242712020874023
2020-05-21,10.4399995803833,7.967263698577881
2020-05-22,10.449999809265137,7.82199239730835
2020-05-25,10.449999809265137,7.92198371887207
2020-05-26,10.404999732971191,8.1276273727417
2020-05-27,10.895000457763672,8.37289047241211
2020-05-28,11.020000457763672,8.367230415344238
2020-05-29,10.71500015258789,7.895571231842041
2020-06-01,11.210000038146973,8.1276273727417
2020-06-02,11.699999809265137,8.467222213745117
2020-06-03,11.75,8.608719825744629
2020-06-04,11.649999618530273,8.53325366973877
2020-06-05,11.984999656677246,8.989819526672363
2020-06-08,11.869999885559082,9.174710273742676
2020-06-09,11.484999656677246,8.712484359741211
2020-06-10,11.25,8.637019157409668
2020-06-11,10.75,8.09555435180664
2020-06-12,10.800000190734863,8.19554615020752
2020-06-15,10.649999618530273,8.187999725341797
2020-06-16,10.9399995803833,8.420000076293945
2020-06-17,10.96500015258789,8.229999542236328
2020-06-18,10.994999885559082,8.206000328063965
2020-06-19,10.9399995803833,8.29800033569336
2020-06-22,10.734999656677246,8.131999969482422
2020-06-23,10.875,8.300000190734863
2020-06-24,10.579999923706055,7.868000030517578
2020-06-25,10.654999732971191,8.0
2020-06-26,10.399999618530273,7.769999980926514
2020-06-29,10.430000305175781,7.866000175476074
2020-06-30,10.295000076293945,7.785999774932861
2020-07-01,10.289999961853027,7.886000156402588
2020-07-02,10.524999618530273,8.03600025177002
2020-07-03,10.385000228881836,7.815999984741211
2020-07-06,10.550000190734863,7.973999977111816
2020-07-07,10.619999885559082,7.869999885559082
2020-07-08,10.6850004196167,7.739999771118164
2020-07-09,10.420000076293945,7.5320000648498535
2020-07-10,10.46500015258789,7.624000072479248
2020-07-13,10.505000114440918,7.783999919891357
2020-07-14,10.579999923706055,7.986000061035156
2020-07-15,10.449999809265137,7.906000137329102
2020-07-16,10.449999809265137,8.013999938964844
2020-07-17,10.399999618530273,7.874000072479248
2020-07-21,10.619999885559082,7.927999973297119
2020-07-22,10.420000076293945,7.670000076293945
2020-07-23,10.350000381469727,7.579999923706055
2020-07-24,10.350000381469727,7.389999866485596
2020-07-27,10.125,7.1620001792907715
2020-07-28,9.588000297546387,7.061999797821045
2020-07-29,9.402000427246094,7.035999774932861
2020-07-30,9.088000297546387,6.788000106811523
2020-07-31,8.899999618530273,6.579999923706055
2020-08-03,9.12399959564209,6.693999767303467
2020-08-04,9.27400016784668,6.915999889373779
2020-08-05,9.38599967956543,7.058000087738037
2020-08-06,9.3100004196167,6.800000190734863
2020-08-07,9.152000427246094,6.676000118255615
2020-08-10,9.336000442504883,6.802000045776367
2020-08-11,9.612000465393066,7.124000072479248
2020-08-12,9.805999755859375,7.197999954223633
2020-08-13,9.673999786376953,7.053999900817871
2020-08-14,9.527999877929688,6.98799991607666
2020-08-17,9.447999954223633,6.8420000076293945
2020-08-18,9.425999641418457,6.75600004196167
2020-08-19,9.326000213623047,6.820000171661377
2020-08-20,9.12600040435791,6.691999912261963
2020-08-21,8.961999893188477,6.616000175476074
2020-08-24,9.368000030517578,6.934000015258789
2020-08-25,9.180000305175781,6.791999816894531
2020-08-26,9.21399974822998,6.857999801635742
2020-08-27,9.105999946594238,6.881999969482422
2020-08-28,9.140000343322754,6.9019999504089355
2020-08-31,8.972000122070312,6.622000217437744
2020-09-01,8.968000411987305,6.604000091552734
2020-09-02,8.87600040435791,6.432000160217285
2020-09-03,8.894000053405762,6.4120001792907715
2020-09-04,8.88599967956543,6.447999954223633
2020-09-07,9.105999946594238,6.636000156402588
2020-09-08,8.807999610900879,6.334000110626221
2020-09-09,9.057999610900879,6.389999866485596
2020-09-10,9.031999588012695,6.460000038146973
2020-09-11,8.947999954223633,6.394000053405762
2020-09-14,8.843999862670898,6.265999794006348
2020-09-15,8.982000350952148,6.452000141143799
2020-09-16,9.097999572753906,6.547999858856201
2020-09-17,9.03600025177002,6.521999835968018
2020-09-21,8.432000160217285,6.111999988555908
2020-09-22,8.552000045776367,6.208000183105469
2020-09-23,8.279999732971191,6.056000232696533
2020-09-24,7.98199987411499,5.889999866485596
2020-09-25,7.806000232696533,5.754000186920166
2020-09-28,8.119999885559082,5.881999969482422
2020-09-29,7.757999897003174,5.670000076293945
2020-09-30,7.9120001792907715,5.7220001220703125
2020-10-01,7.789999961853027,5.51200008392334
2020-10-02,7.802000045776367,5.51800012588501
2020-10-05,8.236000061035156,5.7220001220703125
2020-10-06,8.434000015258789,6.004000186920166
2020-10-07,8.270000457763672,6.0320000648498535
2020-10-08,8.491999626159668,6.242000102996826
2020-10-09,8.42199993133545,6.309999942779541
2020-10-12,8.277999877929688,6.202000141143799
2020-10-13,8.234000205993652,6.142000198364258
2020-10-14,8.317999839782715,6.131999969482422
2020-10-15,8.071999549865723,5.918000221252441
2020-10-16,8.17199993133545,6.001999855041504
2020-10-19,8.182000160217285,5.926000118255615
2020-10-20,8.092000007629395,5.854000091552734
2020-10-21,7.861999988555908,5.665999889373779
2020-10-22,8.010000228881836,5.6620001792907715
2020-10-23,8.144000053405762,5.823999881744385
2020-10-26,7.745999813079834,5.642000198364258
2020-10-27,7.400000095367432,5.460000038146973
2020-10-28,6.861999988555908,5.271999835968018
2020-10-29,6.820000171661377,5.22599983215332
2020-10-30,6.953999996185303,5.340000152587891
2020-11-02,7.296000003814697,5.671999931335449
2020-11-03,7.3480000495910645,5.785999774932861
2020-11-04,7.25,5.900000095367432
2020-11-05,7.1579999923706055,5.783999919891357
2020-11-06,7.035999774932861,5.771999835968018
2020-11-09,8.260000228881836,6.823999881744385
2020-11-10,8.87399959564209,7.645999908447266
2020-11-11,8.814000129699707,7.676000118255615
2020-11-12,8.640000343322754,7.355999946594238
2020-11-13,8.649999618530273,7.26200008392334
2020-11-16,9.13599967956543,7.9120001792907715
2020-11-17,9.017999649047852,7.843999862670898
2020-11-18,8.989999771118164,7.938000202178955
2020-11-19,8.819999694824219,7.745999813079834
2020-11-20,8.85200023651123,7.723999977111816
2020-11-23,9.196000099182129,8.329999923706055
2020-11-24,9.815999984741211,8.85200023651123
2020-11-25,9.718000411987305,8.739999771118164
2020-11-26,9.5,8.435999870300293
2020-11-27,9.557999610900879,8.486000061035156
2020-11-30,9.043999671936035,8.057999610900879
2020-12-01,9.064000129699707,8.220000267028809
2020-12-02,9.04800033569336,8.25
2020-12-03,8.857999801635742,8.131999969482422
2020-12-04,9.333999633789062,8.562000274658203
2020-12-07,9.149999618530273,8.479999542236328
2020-12-08,9.215999603271484,8.60200023651123
2020-12-09,9.161999702453613,8.857999801635742
2020-12-10,9.097999572753906,8.767999649047852
