Date,HEIA.AS,ABI.BR
2014-12-31,52.89530563354492,74.92770385742188
2015-01-02,51.79163360595703,73.96177673339844
2015-01-05,50.99304962158203,72.3093032836914
2015-01-06,50.9751091003418,71.59083557128906
2015-01-07,51.56731414794922,73.33112335205078
2015-01-08,52.96709060668945,76.9633560180664
2015-01-09,51.57628631591797,75.49449157714844
2015-01-12,52.87736511230469,76.8036880493164
2015-01-13,53.71183776855469,77.78558349609375
2015-01-14,54.4835090637207,76.6919174194336
2015-01-15,54.887290954589844,79.03092956542969
2015-01-16,56.25117492675781,80.42793273925781
2015-01-19,57.28306579589844,80.70733642578125
2015-01-20,56.6998176574707,80.34811401367188
2015-01-21,56.51138687133789,81.50562286376953
2015-01-22,56.24220275878906,82.74298858642578
2015-01-23,58.46748733520508,85.49708557128906
2015-01-26,58.91613006591797,85.49708557128906
2015-01-27,58.655921936035156,84.69880676269531
2015-01-28,59.068668365478516,85.6966552734375
2015-01-29,59.94801712036133,86.4949722290039
2015-01-30,59.47244644165039,86.29537200927734
2015-02-02,60.05568313598633,86.29537200927734
2015-02-03,59.35580062866211,86.89409637451172
2015-02-04,59.24812698364258,87.21341705322266
2015-02-05,59.39169692993164,86.81429290771484
2015-02-06,59.01483154296875,85.73657989501953
2015-02-09,57.579166412353516,84.73871612548828
2015-02-10,57.96500015258789,85.57691192626953
2015-02-11,59.57114791870117,85.896240234375
2015-02-12,59.61601638793945,86.0958023071289
2015-02-13,58.969970703125,84.93828582763672
2015-02-16,58.297000885009766,84.73871612548828
2015-02-17,59.49039840698242,86.01598358154297
2015-02-18,58.87126922607422,85.33744812011719
2015-02-19,60.26206970214844,86.61470031738281
2015-02-20,60.3159065246582,86.1756362915039
2015-02-23,60.80940628051758,87.97179412841797
2015-02-24,61.26702880859375,88.65035247802734
2015-02-25,61.03373718261719,87.97179412841797
2015-02-26,62.559139251708984,90.68598175048828
2015-02-27,62.66679763793945,90.76580810546875
2015-03-02,62.69373321533203,90.84565734863281
2015-03-03,63.00777053833008,90.08724975585938
2015-03-04,63.725608825683594,91.28471374511719
2015-03-05,65.0536117553711,92.48214721679688
2015-03-06,65.49327850341797,92.36239624023438
2015-03-09,65.21511840820312,91.40444946289062
2015-03-10,64.90106964111328,89.00956726074219
2015-03-11,66.27392578125,92.20275115966797
2015-03-12,66.01370239257812,91.76368713378906
2015-03-13,66.09445190429688,91.88343048095703
2015-03-16,67.13531494140625,92.04308319091797
2015-03-17,65.92398071289062,91.24479675292969
2015-03-18,66.02266693115234,90.84565734863281
2015-03-19,65.06258392333984,91.08513641357422
2015-03-20,65.4215087890625,90.88555908203125
2015-03-23,65.1971664428711,90.56623840332031
2015-03-24,65.04462432861328,89.92760467529297
2015-03-25,63.41156768798828,89.16922760009766
2015-03-26,63.92301559448242,89.04949188232422
2015-03-27,64.02171325683594,89.40872192382812
2015-03-30,64.86516571044922,91.3645248413086
2015-03-31,63.73458480834961,90.84565734863281
2015-04-01,64.2908935546875,91.40444946289062
2015-04-02,65.02667999267578,92.36239624023438
2015-04-07,65.79833984375,93.63967895507812
2015-04-08,65.70863342285156,92.44223022460938
2015-04-09,66.43543243408203,93.79933166503906
2015-04-10,67.0186767578125,94.2383804321289
2015-04-13,67.37757873535156,94.59761810302734
2015-04-14,67.13531494140625,93.79933166503906
2015-04-15,66.98278045654297,93.55984497070312
2015-04-16,66.87510681152344,92.28258514404297
2015-04-17,65.6727294921875,91.20487213134766
2015-04-20,66.2021255493164,91.5241928100586
2015-04-21,67.96981811523438,91.60403442382812
2015-04-22,65.92398071289062,90.92546844482422
2015-04-23,66.0765151977539,90.28685760498047
2015-04-24,65.55608367919922,90.68598175048828
2015-04-27,66.15435791015625,92.12291717529297
2015-04-28,64.7946548461914,90.28685760498047
2015-04-29,63.31709289550781,86.85418701171875
2015-04-30,63.7794075012207,86.93400573730469
2015-05-04,64.78558349609375,86.60873413085938
2015-05-05,63.489322662353516,85.22624969482422
2015-05-06,63.28083419799805,86.16144561767578
2015-05-07,63.65248489379883,86.40543365478516
2015-05-08,64.7946548461914,89.1297378540039
2015-05-11,64.63147735595703,89.00774383544922
2015-05-12,63.52558898925781,87.38128662109375
2015-05-13,63.17207336425781,86.48674011230469
2015-05-14,64.11479949951172,87.82857513427734
2015-05-15,64.22357940673828,87.38128662109375
2015-05-18,64.55897521972656,87.86923217773438
2015-05-19,66.04558563232422,90.4308853149414
2015-05-20,65.69206237792969,90.67485809326172
2015-05-21,65.55609130859375,90.878173828125
2015-05-22,65.71924591064453,90.55287170410156
2015-05-25,65.82803344726562,90.63421630859375
2015-05-26,65.48357391357422,89.90229797363281
2015-05-27,65.54701232910156,91.32545471191406
2015-05-28,65.79175567626953,91.28477478027344
2015-05-29,64.66773986816406,89.00774383544922
2015-06-01,63.761268615722656,89.00774383544922
2015-06-02,62.709754943847656,88.51980590820312
2015-06-03,62.36531066894531,88.804443359375
2015-06-04,62.40155792236328,87.74725341796875
2015-06-05,60.95120620727539,87.1373291015625
2015-06-08,60.91494369506836,87.58460998535156
2015-06-09,61.123435974121094,87.17797088623047
2015-06-10,61.404441833496094,88.23517608642578
2015-06-11,62.5556640625,89.08907318115234
2015-06-12,61.44069290161133,87.86923217773438
2015-06-15,61.304725646972656,86.97467041015625
2015-06-16,61.99365234375,87.74725341796875
2015-06-17,61.38631820678711,87.38128662109375
2015-06-18,61.2956657409668,87.1373291015625
2015-06-19,61.44976806640625,88.15386199951172
2015-06-22,62.87293243408203,90.06493377685547
2015-06-23,63.7794075012207,91.52876281738281
2015-06-24,63.57090377807617,92.30132293701172
2015-06-25,63.598106384277344,91.772705078125
2015-06-26,63.78847122192383,91.56940460205078
2015-06-29,62.066158294677734,88.76378631591797
2015-06-30,61.703575134277344,87.42196655273438
2015-07-01,62.193077087402344,89.90229797363281
2015-07-02,61.903011322021484,89.08907318115234
2015-07-03,61.721702575683594,88.03187561035156
2015-07-06,61.27753448486328,86.89335632324219
2015-07-07,60.88774871826172,86.28343963623047
2015-07-08,60.96935272216797,87.50328063964844
2015-07-09,62.42876434326172,89.7396469116211
2015-07-10,64.57708740234375,92.17932891845703
2015-07-13,65.03939819335938,93.56183624267578
2015-07-14,65.6829833984375,93.76512908935547
2015-07-15,65.66486358642578,94.61901092529297
2015-07-16,66.51695251464844,96.04216003417969
2015-07-17,66.54414367675781,96.2048110961914
2015-07-20,67.0064468383789,96.61144256591797
2015-07-21,66.87953186035156,95.02565002441406
2015-07-22,66.59852600097656,94.98497009277344
2015-07-23,65.6739273071289,94.1310806274414
2015-07-24,65.61953735351562,92.8299331665039
2015-07-27,64.12385559082031,90.02428436279297
2015-07-28,64.51364135742188,91.32545471191406
2015-07-29,64.9487533569336,92.26065063476562
2015-07-30,64.36862182617188,88.76378631591797
2015-07-31,65.03032684326172,88.11322021484375
2015-08-03,68.64716339111328,90.18692779541016
2015-08-04,69.10038757324219,89.08907318115234
2015-08-05,70.38594818115234,90.91883087158203
2015-08-06,70.34036254882812,90.79685974121094
2015-08-07,69.62007904052734,89.61766815185547
2015-08-10,70.03035736083984,90.34957885742188
2015-08-11,69.38302612304688,88.76378631591797
2015-08-12,68.380126953125,85.87681579589844
2015-08-13,69.0821533203125,86.7713851928711
2015-08-14,69.20980834960938,85.34822845458984
2015-08-17,68.93628692626953,84.77896881103516
2015-08-18,69.10038757324219,85.51087951660156
2015-08-19,68.29806518554688,84.20970153808594
2015-08-20,66.91222381591797,81.48538208007812
2015-08-21,64.08586120605469,78.4520492553711
2015-08-24,61.87032699584961,74.23140716552734
2015-08-25,63.59351348876953,77.3460693359375
2015-08-26,62.7182502746582,76.2807388305664
2015-08-27,63.876136779785156,78.87493896484375
2015-08-28,64.00379180908203,79.5255126953125
2015-08-31,64.27729797363281,79.25714874267578
2015-09-01,62.90970993041992,77.0858383178711
2015-09-02,63.2744026184082,77.93159484863281
2015-09-03,64.37760925292969,79.07010650634766
2015-09-04,62.317081451416016,77.57376861572266
2015-09-07,63.055599212646484,77.8340072631836
2015-09-08,62.82767105102539,77.752685546875
2015-09-09,64.13142395019531,79.59059143066406
2015-09-10,63.456756591796875,77.74454498291016
2015-09-11,62.6270637512207,76.82560729980469
2015-09-14,62.5997200012207,76.59790802001953
2015-09-15,63.5114631652832,76.80934143066406
2015-09-16,65.59932708740234,81.72936248779297
2015-09-17,67.66896057128906,81.85135650634766
2015-09-18,66.53842163085938,79.94026947021484
2015-09-21,67.17665100097656,80.1923599243164
2015-09-22,65.59021759033203,77.90721130371094
2015-09-23,66.10078430175781,78.80987548828125
2015-09-24,63.59351348876953,76.85000610351562
2015-09-25,65.27111053466797,79.06197357177734
2015-09-28,65.01581573486328,78.26500701904297
2015-09-29,63.38380813598633,76.07743072509766
2015-09-30,65.86372375488281,77.1915512084961
2015-10-01,65.52639770507812,76.6792221069336
2015-10-02,66.31959533691406,77.84212493896484
2015-10-05,68.60806274414062,80.00531768798828
2015-10-06,68.13396453857422,79.7450942993164
2015-10-07,67.39544677734375,80.22488403320312
2015-10-08,66.4107666015625,79.28968811035156
2015-10-09,66.78458404541016,79.94026947021484
2015-10-12,67.14016723632812,79.98092651367188
2015-10-13,68.64453125,81.32274627685547
2015-10-14,68.16131591796875,81.85135650634766
2015-10-15,70.26741790771484,82.25796508789062
2015-10-16,70.48621368408203,82.46126556396484
2015-10-19,71.63501739501953,83.31514739990234
2015-10-20,71.96322631835938,83.27449798583984
2015-10-21,71.34326171875,82.33928680419922
2015-10-22,72.21852111816406,84.98226165771484
2015-10-23,72.93879699707031,87.1373291015625
2015-10-26,73.08467864990234,86.6493911743164
2015-10-27,73.08467864990234,86.3240966796875
2015-10-28,75.99310302734375,87.50328063964844
2015-10-29,75.56460571289062,87.38128662109375
2015-10-30,75.78341674804688,88.39781951904297
2015-11-02,74.8990249633789,88.35716247558594
2015-11-03,75.02667236328125,88.2758560180664
2015-11-04,75.22724914550781,89.04841613769531
2015-11-05,76.58573150634766,89.61766815185547
2015-11-06,76.11163330078125,90.95948791503906
2015-11-09,74.9172592163086,90.22758483886719
2015-11-10,75.90194702148438,90.4308853149414
2015-11-11,77.23306274414062,92.38263702392578
2015-11-12,76.9139633178711,92.71258544921875
2015-11-13,74.94461059570312,92.58885955810547
2015-11-16,75.43693542480469,94.03233337402344
2015-11-17,77.50657653808594,97.2079849243164
2015-11-18,77.27865600585938,97.12550354003906
2015-11-19,77.7071762084961,95.97071075439453
2015-11-20,77.62510681152344,97.41419982910156
2015-11-23,77.6159896850586,98.19779968261719
2015-11-24,75.69222259521484,98.98141479492188
2015-11-25,77.39718627929688,100.38363647460938
2015-11-26,77.35157775878906,101.66215515136719
2015-11-27,77.47012329101562,101.16725158691406
2015-11-30,76.73162841796875,100.58984375
2015-12-01,76.7954330444336,99.6825180053711
2015-12-02,77.2421875,100.17743682861328
2015-12-03,73.8961181640625,96.58934783935547
2015-12-04,73.07554626464844,96.01197052001953
2015-12-07,74.65284729003906,98.0740737915039
2015-12-08,73.64994812011719,96.71307373046875
2015-12-09,73.49495697021484,95.97071075439453
2015-12-10,73.36732482910156,95.72327423095703
2015-12-11,72.07264709472656,92.71258544921875
2015-12-14,70.6321029663086,91.06289672851562
2015-12-15,71.99971771240234,92.71258544921875
2015-12-16,72.0179443359375,93.28997802734375
2015-12-17,72.59234619140625,95.76451110839844
2015-12-18,71.3797378540039,94.65097045898438
2015-12-21,70.30387878417969,93.20748901367188
2015-12-22,70.65033721923828,92.7950668334961
2015-12-23,71.8994140625,94.81593322753906
2015-12-24,72.37351989746094,94.81593322753906
2015-12-28,71.48912811279297,94.52723693847656
2015-12-29,73.23966217041016,96.2594223022461
2015-12-30,72.73821258544922,95.51705169677734
2016-01-04,70.9238510131836,92.75382232666016
2016-01-05,71.58031463623047,94.03233337402344
2016-01-06,71.1882553100586,92.7950668334961
2016-01-07,69.492431640625,91.22785949707031
2016-01-08,68.53511810302734,88.71208190917969
2016-01-11,69.27362060546875,90.48548126220703
2016-01-12,70.18535614013672,89.82562255859375
2016-01-13,70.34036254882812,90.19680786132812
2016-01-14,68.4986343383789,87.63978576660156
2016-01-15,68.16131591796875,87.84600830078125
2016-01-18,68.33452606201172,88.62959289550781
2016-01-19,69.1368637084961,90.6092300415039
2016-01-20,67.63249969482422,86.85618591308594
2016-01-21,69.22803497314453,88.67084503173828
2016-01-22,70.07594299316406,91.92897033691406
2016-01-25,70.70503997802734,92.83631896972656
2016-01-26,70.47710418701172,93.16625213623047
2016-01-27,71.48001861572266,94.03233337402344
2016-01-28,70.79621887207031,92.38263702392578
2016-01-29,72.95703887939453,95.55830383300781
2016-02-01,73.34909057617188,95.80575561523438
2016-02-02,72.90232849121094,95.4758071899414
2016-02-03,72.92057037353516,92.63009643554688
2016-02-04,70.2035903930664,90.65045928955078
2016-02-05,68.79952239990234,88.50587463378906
2016-02-08,68.19778442382812,84.91779327392578
2016-02-09,68.54422760009766,85.12400817871094
2016-02-10,66.43814086914062,85.78388214111328
2016-02-11,64.80612182617188,82.97940063476562
2016-02-12,65.15258026123047,84.38165283203125
2016-02-15,66.9760513305664,86.60873413085938
2016-02-16,66.84840393066406,86.11382293701172
2016-02-17,67.64161682128906,87.39232635498047
2016-02-18,67.33162689208984,87.02115631103516
2016-02-19,67.27690887451172,86.44376373291016
2016-02-22,68.07012939453125,87.68104553222656
2016-02-23,67.92424774169922,87.39232635498047
2016-02-24,66.89398956298828,85.57767486572266
2016-02-25,67.83307647705078,84.13420104980469
2016-02-26,67.7966079711914,84.21668243408203
2016-02-29,67.61427307128906,85.45394897460938
2016-03-01,69.80242919921875,86.2787857055664
2016-03-02,69.15509796142578,86.03134155273438
2016-03-03,68.29806518554688,85.4126968383789
2016-03-04,69.18244171142578,87.39232635498047
2016-03-07,69.04569244384766,87.10364532470703
2016-03-08,69.18244171142578,86.03134155273438
2016-03-09,70.45887756347656,87.10364532470703
2016-03-10,69.6474380493164,85.66015625
2016-03-11,71.14269256591797,86.93869018554688
2016-03-14,70.6685791015625,87.30985260009766
2016-03-15,70.76886749267578,86.64996337890625
2016-03-16,70.27652740478516,85.99008178710938
2016-03-17,70.25829315185547,85.99008178710938
2016-03-18,72.05441284179688,88.38214874267578
2016-03-21,71.63501739501953,88.71208190917969
2016-03-22,71.19738006591797,89.66065979003906
2016-03-23,72.70173645019531,90.27928161621094
2016-03-24,71.88118743896484,89.16575622558594
2016-03-29,72.32794189453125,90.6092300415039
2016-03-30,73.64082336425781,91.80525970458984
2016-03-31,72.61969757080078,90.11432647705078
2016-04-01,71.85383605957031,90.0318374633789
2016-04-04,72.23677062988281,91.3515853881836
2016-04-05,72.02706146240234,89.9081039428711
2016-04-06,72.11824035644531,89.33072662353516
2016-04-07,71.88118743896484,88.34090423583984
2016-04-08,72.0452880859375,88.13468170166016
2016-04-11,71.49824523925781,87.47482299804688
2016-04-12,71.8994140625,87.59854125976562
2016-04-13,72.92057037353516,89.4957046508789
2016-04-14,73.62258911132812,90.85667419433594
2016-04-15,74.2516860961914,92.46512603759766
2016-04-18,74.53433990478516,92.75382232666016
2016-04-19,75.81988525390625,95.22834777832031
2016-04-20,75.89280700683594,95.76451110839844
2016-04-21,74.93550109863281,94.44476318359375
2016-04-22,74.61637878417969,93.4961929321289
2016-04-25,74.7822494506836,94.27980041503906
2016-04-26,74.65322875976562,93.41370391845703
2016-04-27,75.32588958740234,93.33123016357422
2016-04-28,75.69444274902344,92.87754821777344
2016-04-29,75.41802215576172,90.77814483642578
2016-05-02,75.60231018066406,91.61791229248047
2016-05-03,75.23373413085938,90.82014465332031
2016-05-04,74.63481140136719,89.39253234863281
2016-05-05,75.1968765258789,91.575927734375
2016-05-06,75.4825210571289,91.74386596679688
2016-05-09,76.35787200927734,93.04550170898438
2016-05-10,76.66193389892578,94.09522247314453
2016-05-11,76.22886657714844,93.38140869140625
2016-05-12,76.08143615722656,93.04550170898438
2016-05-13,75.90637969970703,93.59133911132812
2016-05-16,76.10907745361328,92.9615249633789
2016-05-17,75.53779602050781,92.07978057861328
2016-05-18,75.75894165039062,91.65990447998047
2016-05-19,74.59796142578125,90.90410614013672
2016-05-20,75.59309387207031,91.78585815429688
2016-05-23,75.0310287475586,91.19803619384766
2016-05-24,76.55137634277344,93.7593002319336
2016-05-25,76.75406646728516,95.39684295654297
2016-05-26,77.3161392211914,95.73274230957031
2016-05-27,77.27008056640625,95.69074249267578
2016-05-30,77.33456420898438,96.11063385009766
2016-05-31,76.91072082519531,95.60678100585938
2016-06-01,77.03971099853516,96.06864929199219
2016-06-02,77.03971099853516,96.15262603759766
2016-06-03,77.02127838134766,94.97695922851562
2016-06-06,77.2977066040039,96.06864929199219
2016-06-07,77.41749572753906,97.03437805175781
2016-06-08,76.78172302246094,96.530517578125
2016-06-09,76.01693725585938,95.94267272949219
2016-06-10,74.5334701538086,93.96924591064453
2016-06-13,73.13290405273438,92.12175750732422
2016-06-14,72.42341613769531,91.24002075195312
2016-06-15,72.35892486572266,93.17147064208984
2016-06-16,72.20227813720703,93.17147064208984
2016-06-17,72.183837890625,92.37369537353516
2016-06-20,74.21096801757812,94.68304443359375
2016-06-21,74.45053100585938,95.69074249267578
2016-06-22,74.4228744506836,96.06864929199219
2016-06-23,74.88359832763672,95.81671142578125
2016-06-24,73.43695068359375,92.6676025390625
2016-06-27,72.66297912597656,91.95382690429688
2016-06-28,73.48304748535156,92.58363342285156
2016-06-29,74.91123962402344,96.06864929199219
2016-06-30,76.26571655273438,98.75587463378906
2016-07-01,77.13184356689453,99.30172729492188
2016-07-04,76.91992950439453,98.46196746826172
2016-07-05,76.8277816772461,97.28630828857422
2016-07-06,75.59309387207031,96.65647888183594
2016-07-07,75.75894165039062,97.07636260986328
2016-07-08,76.2841567993164,97.41227722167969
2016-07-11,76.73563385009766,97.28630828857422
2016-07-12,76.45000457763672,97.37027740478516
2016-07-13,76.45922088623047,96.86640930175781
2016-07-14,76.5329360961914,95.73274230957031
2016-07-15,76.41313934326172,95.2708740234375
2016-07-18,76.38551330566406,95.10292053222656
2016-07-19,76.1182861328125,95.2708740234375
2016-07-20,76.41313934326172,94.85099792480469
2016-07-21,76.47765350341797,95.56478881835938
2016-07-22,77.528076171875,96.06864929199219
2016-07-25,77.41749572753906,96.40454864501953
2016-07-26,77.79528045654297,97.20233917236328
2016-07-27,77.21478271484375,94.97695922851562
2016-07-28,77.38985443115234,92.58363342285156
2016-07-29,77.80449676513672,96.82443237304688
2016-08-01,74.93887329101562,95.06092071533203
2016-08-02,74.2478256225586,93.29742431640625
2016-08-03,74.275634765625,93.12947845458984
2016-08-04,74.2385482788086,93.71732330322266
2016-08-05,74.6744155883789,94.05322265625
2016-08-08,74.3776626586914,93.12947845458984
2016-08-09,74.3498306274414,93.12947845458984
2016-08-10,74.74861145019531,92.79356384277344
2016-08-11,75.01757049560547,93.7593002319336
2016-08-12,74.5724105834961,94.68304443359375
2016-08-15,75.20304107666016,94.85099792480469
2016-08-16,74.11798858642578,93.59133911132812
2016-08-17,73.8768539428711,93.63333892822266
2016-08-18,73.1998519897461,93.8012924194336
2016-08-19,73.42243194580078,93.8012924194336
2016-08-22,73.73775482177734,93.17147064208984
2016-08-23,73.38533020019531,94.2631607055664
2016-08-24,72.9865493774414,94.01123046875
2016-08-25,73.1905746459961,93.88526153564453
2016-08-26,73.42243194580078,94.55707550048828
2016-08-29,73.75629425048828,94.55707550048828
2016-08-30,74.79499816894531,94.64105224609375
2016-08-31,74.28491973876953,93.25545501708984
2016-09-01,73.1905746459961,93.29742431640625
2016-09-02,75.3328857421875,95.2708740234375
2016-09-05,75.19376373291016,95.31285858154297
2016-09-06,74.83209228515625,95.1868896484375
2016-09-07,74.86917877197266,95.60678100585938
2016-09-08,74.43330383300781,94.47309875488281
2016-09-09,72.79179382324219,93.25545501708984
2016-09-12,72.66195678710938,92.6676025390625
2016-09-13,72.31883239746094,91.74386596679688
2016-09-14,72.41156005859375,91.491943359375
2016-09-15,72.26317596435547,93.12947845458984
2016-09-16,71.74383544921875,93.12947845458984
2016-09-19,72.25390625,94.2211685180664
2016-09-20,72.39300537109375,94.89298248291016
2016-09-21,72.3281021118164,95.10292053222656
2016-09-22,73.79338836669922,97.58020782470703
2016-09-23,73.40389251708984,97.58020782470703
2016-09-26,72.2353515625,97.53824615478516
2016-09-27,73.07002258300781,98.54593658447266
2016-09-28,73.22766876220703,99.76358795166016
2016-09-29,72.08698272705078,97.95811462402344
2016-09-30,72.62487030029297,97.91613006591797
2016-10-03,74.52603912353516,96.82443237304688
2016-10-04,74.79499816894531,97.49623107910156
2016-10-05,73.32041931152344,96.86640930175781
2016-10-06,72.74543762207031,95.73274230957031
2016-10-07,71.62328338623047,95.10292053222656
2016-10-10,72.27245330810547,95.10292053222656
2016-10-11,73.01438903808594,97.28630828857422
2016-10-12,71.88294982910156,96.57249450683594
2016-10-13,71.64180755615234,96.06864929199219
2016-10-14,72.68051147460938,98.41998291015625
2016-10-17,72.35592651367188,97.87413787841797
2016-10-18,72.9865493774414,97.74817657470703
2016-10-19,73.01438903808594,98.58792877197266
2016-10-20,73.41316223144531,98.16804504394531
2016-10-21,73.8768539428711,98.25202178955078
2016-10-24,73.42243194580078,96.36256408691406
2016-10-25,73.26477813720703,95.5228042602539
2016-10-26,70.64022827148438,93.59133911132812
2016-10-27,70.73295593261719,94.13719177246094
2016-10-28,70.4732894897461,90.06434631347656
2016-10-31,69.6015396118164,87.79700469970703
2016-11-01,69.21202850341797,87.7550277709961
2016-11-02,68.95234680175781,86.70530700683594
2016-11-03,67.90438079833984,85.23573303222656
2016-11-04,67.5612564086914,85.36170959472656
2016-11-07,67.57980346679688,85.5716323852539
2016-11-08,68.33100128173828,86.91525268554688
2016-11-09,66.84715270996094,86.24343872070312
2016-11-10,66.0403060913086,82.7920150756836
2016-11-11,65.7899169921875,83.15311431884766
2016-11-14,64.22261047363281,81.6163558959961
2016-11-15,65.27983856201172,81.66759490966797
2016-11-16,65.68789672851562,82.5982437133789
2016-11-17,65.7435302734375,82.89708709716797
2016-11-18,65.93829345703125,81.47975158691406
2016-11-21,65.68789672851562,82.2652587890625
2016-11-22,65.79918670654297,82.3933334350586
2016-11-23,65.50241088867188,82.78609466552734
2016-11-24,65.79918670654297,82.427490234375
2016-11-25,66.7265853881836,83.93021392822266
2016-11-28,66.28143310546875,84.29734802246094
2016-11-29,65.95685577392578,84.44249725341797
2016-11-30,65.58589172363281,83.70821380615234
2016-12-01,63.23955154418945,80.05387878417969
2016-12-02,63.10972213745117,80.7540054321289
2016-12-05,63.0355224609375,82.1371841430664
2016-12-06,63.60124588012695,82.7092514038086
2016-12-07,63.74034881591797,82.9227066040039
2016-12-08,63.84235763549805,82.77755737304688
2016-12-09,64.92742156982422,83.5289077758789
2016-12-12,64.96451568603516,83.1617660522461
2016-12-13,65.7249984741211,84.59618377685547
2016-12-14,65.71572875976562,83.66551971435547
2016-12-15,65.23345947265625,83.0763931274414
2016-12-16,65.5209732055664,84.42540740966797
2016-12-19,66.06813049316406,84.35713195800781
2016-12-20,66.4205322265625,85.15116119384766
2016-12-21,66.10523223876953,84.73279571533203
2016-12-22,65.85482788085938,84.35713195800781
2016-12-23,65.91975402832031,84.59618377685547
2016-12-27,66.1608657836914,84.94625854492188
2016-12-28,65.89192199707031,85.30484771728516
2016-12-29,66.114501953125,85.42438507080078
2016-12-30,66.08668518066406,85.8512954711914
2017-01-02,66.12378692626953,86.32088470458984
2017-01-03,66.0495834350586,85.55245971679688
2017-01-04,66.14232635498047,85.76590728759766
2017-01-05,66.10523223876953,86.27821350097656
2017-01-06,65.85482788085938,85.80860900878906
2017-01-09,66.08668518066406,85.42438507080078
2017-01-10,65.82701873779297,85.55245971679688
2017-01-11,65.53951263427734,85.12554168701172
2017-01-12,64.99234771728516,84.53640747070312
2017-01-13,65.26129913330078,85.0487060546875
2017-01-16,65.38185119628906,84.43395233154297
2017-01-17,64.58428955078125,84.39126586914062
2017-01-18,65.38185119628906,84.57910919189453
2017-01-19,65.53023529052734,84.39979553222656
2017-01-20,66.0310287475586,84.31442260742188
2017-01-23,65.88265228271484,84.14366149902344
2017-01-24,65.7342758178711,84.21195220947266
2017-01-25,65.46531677246094,84.59618377685547
2017-01-26,65.61370086669922,83.98998260498047
2017-01-27,65.1314697265625,84.05828094482422
2017-01-30,64.55646514892578,83.58869171142578
2017-01-31,64.20405578613281,82.09449005126953
2017-02-01,64.85323333740234,82.52141571044922
2017-02-02,65.3911361694336,82.94831085205078
2017-02-03,66.7265853881836,83.6826171875
2017-02-06,66.114501953125,83.23860931396484
2017-02-07,67.487060546875,84.08387756347656
2017-02-08,68.30316925048828,84.55348205566406
2017-02-09,68.34954071044922,85.36460876464844
2017-02-10,68.32171630859375,85.33900451660156
2017-02-13,68.31244659423828,85.97935485839844
2017-02-14,67.65397644042969,86.49166107177734
2017-02-15,70.1394271850586,86.66242218017578
2017-02-16,70.5289306640625,86.7905044555664
2017-02-17,71.31723022460938,87.13201904296875
2017-02-20,71.31723022460938,87.47354125976562
2017-02-21,72.3095474243164,88.4554443359375
2017-02-22,72.18898010253906,88.24198150634766
2017-02-23,72.13334655761719,88.02852630615234
2017-02-24,72.06842041015625,87.81507110595703
2017-02-27,72.27245330810547,87.90045166015625
2017-02-28,72.24462890625,88.1565933227539
2017-03-01,72.74543762207031,88.71158599853516
2017-03-02,72.70832824707031,86.49166107177734
2017-03-03,72.5321273803711,87.38816833496094
2017-03-06,72.43010711669922,86.61973571777344
2017-03-07,71.98495483398438,86.66242218017578
2017-03-08,72.03132629394531,85.76590728759766
2017-03-09,72.38374328613281,85.72322082519531
2017-03-10,72.33737182617188,85.97935485839844
2017-03-13,72.28173828125,86.15013885498047
2017-03-14,72.6434097290039,86.23550415039062
2017-03-15,72.6156005859375,86.19282531738281
2017-03-16,73.14421081542969,87.8577651977539
2017-03-17,74.07160949707031,89.3946304321289
2017-03-20,73.85832214355469,88.92504119873047
2017-03-21,74.03451538085938,88.54081726074219
2017-03-22,73.61717987060547,87.77238464355469
2017-03-23,73.23695373535156,88.1139144897461
2017-03-24,72.6156005859375,87.43087005615234
2017-03-27,73.51517486572266,87.43087005615234
2017-03-28,73.22766876220703,87.90045166015625
2017-03-29,73.44098663330078,87.81507110595703
2017-03-30,73.68209838867188,87.98584747314453
2017-03-31,74.00669860839844,87.8577651977539
2017-04-03,74.11798858642578,88.24198150634766
2017-04-04,74.19217681884766,88.62620544433594
2017-04-05,74.3498306274414,88.62620544433594
2017-04-06,74.42401123046875,88.54081726074219
2017-04-07,74.30347442626953,88.62620544433594
2017-04-10,74.95264434814453,89.13848114013672
2017-04-11,75.16595458984375,88.19930267333984
2017-04-12,75.58329010009766,88.4127426147461
2017-04-13,75.2586898803711,88.1565933227539
2017-04-18,74.6744155883789,88.07122039794922
2017-04-19,75.53689575195312,87.8577651977539
2017-04-20,75.657470703125,86.49166107177734
2017-04-21,75.9820556640625,86.70511627197266
2017-04-24,77.14366912841797,88.66889190673828
2017-04-25,77.0031509399414,89.223876953125
2017-04-26,77.537109375,88.58351135253906
2017-04-27,77.28418731689453,87.94314575195312
2017-04-28,76.67528533935547,88.28467559814453
2017-05-02,78.07107543945312,89.4165267944336
2017-05-03,77.79942321777344,90.28718566894531
2017-05-04,79.03597259521484,94.98873901367188
2017-05-05,79.07342529296875,95.1628646850586
2017-05-08,79.42939758300781,94.90167236328125
2017-05-09,79.96337127685547,95.1628646850586
2017-05-10,79.50434875488281,95.0758056640625
2017-05-11,79.87904357910156,94.94520568847656
2017-05-12,80.33808898925781,95.2063980102539
2017-05-15,80.14136505126953,94.7275390625
2017-05-16,80.95635223388672,94.46634674072266
2017-05-17,80.81583404541016,93.81334686279297
2017-05-18,80.45048522949219,90.89663696289062
2017-05-19,80.79710388183594,92.02849578857422
2017-05-22,81.31233215332031,91.68023681640625
2017-05-23,81.49967956542969,91.9414291381836
2017-05-24,81.68704223632812,91.89791107177734
2017-05-25,82.08048248291016,91.89791107177734
2017-05-26,81.78071594238281,91.89791107177734
2017-05-29,81.52777862548828,91.46257781982422
2017-05-30,81.3779067993164,90.67898559570312
2017-05-31,82.12732696533203,90.41778564453125
2017-06-01,82.3427963256836,90.67898559570312
2017-06-02,82.54888153076172,91.33198547363281
2017-06-05,82.36153411865234,91.1578369140625
2017-06-06,82.62381744384766,91.24491882324219
2017-06-07,82.81117248535156,90.59192657470703
2017-06-08,81.7994613647461,88.50234985351562
2017-06-09,81.75260162353516,88.41527557373047
2017-06-12,81.12496185302734,87.89288330078125
2017-06-13,80.97509765625,88.1976089477539
2017-06-14,81.31233215332031,88.11054229736328
2017-06-15,81.31233215332031,88.41527557373047
2017-06-16,82.0242691040039,88.45880889892578
2017-06-19,82.33341217041016,88.93766021728516
2017-06-20,82.7737045288086,89.50359344482422
2017-06-21,82.32404327392578,89.06826782226562
2017-06-22,82.31468200683594,88.98119354248047
2017-06-23,80.79710388183594,87.89288330078125
2017-06-26,81.66830444335938,88.85060119628906
2017-06-27,81.54652404785156,87.8058090209961
2017-06-28,80.4598617553711,87.28341674804688
2017-06-29,79.35446166992188,84.9500503540039
2017-06-30,79.74791717529297,84.20128631591797
2017-07-03,80.64722442626953,84.71498107910156
2017-07-04,80.20692443847656,84.77593231201172
2017-07-05,80.30998229980469,84.54084777832031
2017-07-06,79.4481430053711,83.60052490234375
2017-07-07,79.37320709228516,84.76722717285156
2017-07-10,79.81349182128906,85.58563995361328
2017-07-11,79.39193725585938,84.01844787597656
2017-07-12,80.2912368774414,85.75105285644531
2017-07-13,80.51606750488281,86.29086303710938
2017-07-14,81.20928955078125,86.44757843017578
2017-07-17,81.49967956542969,86.86550903320312
2017-07-18,81.39664459228516,86.1950912475586
2017-07-19,82.26785278320312,86.5868911743164
2017-07-20,82.44583129882812,86.49983215332031
2017-07-21,82.3053207397461,85.759765625
2017-07-24,81.57462310791016,85.063232421875
2017-07-25,81.71515655517578,84.9848861694336
2017-07-26,82.72686004638672,86.36051940917969
2017-07-27,83.56059265136719,91.41903686523438
2017-07-28,82.76433563232422,89.98245239257812
2017-07-31,82.59571075439453,88.63294982910156
2017-08-01,81.70578002929688,88.02346801757812
2017-08-02,82.016845703125,87.23988342285156
2017-08-03,82.3561782836914,88.15406799316406
2017-08-04,83.16683197021484,88.93766021728516
2017-08-07,83.03485870361328,88.50234985351562
2017-08-08,83.19511413574219,88.41527557373047
2017-08-09,82.32789611816406,87.03092193603516
2017-08-10,82.13938903808594,86.5694808959961
2017-08-11,81.6680679321289,85.49856567382812
2017-08-14,82.15823364257812,86.32569122314453
2017-08-15,82.38446044921875,86.5694808959961
2017-08-16,82.8369140625,87.23988342285156
2017-08-17,82.67666625976562,87.4575424194336
2017-08-18,81.86602020263672,86.2647476196289
2017-08-21,81.5549545288086,86.1863784790039
2017-08-22,82.18650817871094,86.65654754638672
2017-08-23,82.21478271484375,85.65528106689453
2017-08-24,81.97914123535156,85.75105285644531
2017-08-25,81.89430236816406,85.52468872070312
2017-08-28,81.44184875488281,84.36670684814453
2017-08-29,81.15906524658203,84.549560546875
2017-08-30,81.96028900146484,86.22120666503906
2017-08-31,83.07257843017578,86.64783477783203
2017-09-01,82.95945739746094,86.96998596191406
2017-09-04,82.5258560180664,86.43887329101562
2017-09-05,82.20536804199219,86.9090347290039
2017-09-06,82.3561782836914,87.10928344726562
2017-09-07,82.40331268310547,87.71874237060547
2017-09-08,82.88404846191406,88.06700897216797
2017-09-11,83.63813781738281,88.28466796875
2017-09-12,83.40249633789062,88.54586791992188
2017-09-13,83.56273651123047,89.11180114746094
2017-09-14,83.440185546875,89.15534210205078
2017-09-15,82.61068725585938,88.11054229736328
2017-09-18,82.56356048583984,87.63167572021484
2017-09-19,79.45293426513672,87.4575424194336
2017-09-20,79.65087890625,85.85554504394531
2017-09-21,79.0099105834961,85.36798095703125
2017-09-22,78.89678955078125,84.89781951904297
2017-09-25,79.01932525634766,85.96001434326172
2017-09-26,78.94392395019531,86.47370910644531
2017-09-27,78.15213012695312,86.97868347167969
2017-09-28,78.30294799804688,87.84934997558594
2017-09-29,78.84966278076172,88.1976089477539
2017-10-02,79.53776550292969,88.1976089477539
2017-10-03,79.36809539794922,88.63294982910156
2017-10-04,79.46235656738281,89.46006774902344
2017-10-05,79.83940887451172,90.89663696289062
2017-10-06,79.65087890625,90.20012664794922
2017-10-09,80.30128479003906,90.98371887207031
2017-10-10,80.50865936279297,91.0707778930664
2017-10-11,80.92340850830078,91.20137786865234
2017-10-12,80.66889953613281,91.1578369140625
2017-10-13,80.83857727050781,92.42029571533203
2017-10-16,80.98938751220703,92.50735473632812
2017-10-17,80.7820053100586,92.85562133789062
2017-10-18,81.47013092041016,93.33448028564453
2017-10-19,81.32872772216797,92.5509033203125
2017-10-20,81.27217102050781,92.7685546875
2017-10-23,80.90455627441406,92.98621368408203
2017-10-24,80.09391021728516,91.9414291381836
2017-10-25,77.38860321044922,89.72126770019531
2017-10-26,77.64311981201172,89.11180114746094
2017-10-27,78.54802703857422,90.06952667236328
2017-10-30,78.42547607421875,90.24365234375
2017-10-31,78.85909271240234,91.46257781982422
2017-11-01,79.10416412353516,91.76730346679688
2017-11-02,79.02873992919922,90.33071899414062
2017-11-03,79.93366241455078,91.59317016601562
2017-11-06,79.62259674072266,91.63670349121094
2017-11-07,79.06645202636719,89.63418579101562
2017-11-08,80.00907135009766,88.76354217529297
2017-11-09,80.41439819335938,88.37174224853516
2017-11-10,79.93366241455078,87.41401672363281
2017-11-13,79.99964904785156,87.50108337402344
2017-11-14,79.85826110839844,86.39515686035156
2017-11-15,79.19842529296875,85.1565170288086
2017-11-16,79.09474182128906,86.50132751464844
2017-11-17,79.02873992919922,86.16511535644531
2017-11-20,79.21727752685547,86.78443908691406
2017-11-21,79.66973876953125,86.90830993652344
2017-11-22,79.99964904785156,86.51901245117188
2017-11-23,80.45209503173828,87.10293579101562
2017-11-24,80.51808166503906,87.04985809326172
2017-11-27,79.82054138183594,86.90830993652344
2017-11-28,80.69718170166016,87.59840393066406
2017-11-29,80.58406066894531,86.57209777832031
2017-11-30,80.6783218383789,85.55464935302734
2017-12-01,80.0279312133789,85.2803726196289
2017-12-04,80.74431610107422,86.28898620605469
2017-12-05,81.18733215332031,85.85546112060547
2017-12-06,81.37586212158203,84.61681365966797
2017-12-07,81.18733215332031,83.82939910888672
2017-12-08,80.66889953613281,83.54627227783203
2017-12-11,80.19760131835938,83.44010925292969
2017-12-12,81.40414428710938,84.02404022216797
2017-12-13,80.91397857666016,83.05081939697266
2017-12-14,81.05537414550781,82.9004135131836
2017-12-15,81.43241882324219,83.1216049194336
2017-12-18,82.67666625976562,84.0594253540039
2017-12-19,83.48731994628906,83.74977111816406
2017-12-20,82.38446044921875,83.36933135986328
2017-12-21,82.49757385253906,83.35163116455078
2017-12-22,82.66724395751953,83.156982421875
2017-12-27,82.81805419921875,83.21007537841797
2017-12-28,82.25249481201172,82.44034576416016
2017-12-29,81.9414291381836,82.3961181640625
2018-01-02,81.2533187866211,82.51114654541016
2018-01-03,81.87545776367188,83.00658416748047
2018-01-04,82.21478271484375,83.4666519165039
2018-01-05,83.27052307128906,84.25408172607422
2018-01-08,83.19511413574219,83.97096252441406
2018-01-09,84.62787628173828,84.69644927978516
2018-01-10,82.98772430419922,84.28945922851562
2018-01-11,82.7992172241211,84.13905334472656
2018-01-12,82.87461853027344,83.82939910888672
2018-01-15,82.5352783203125,84.35138702392578
2018-01-16,82.02626037597656,83.89132690429688
2018-01-17,82.47872924804688,83.65245056152344
2018-01-18,83.0442886352539,83.28085327148438
2018-01-19,83.64756774902344,83.48433685302734
2018-01-22,83.81723022460938,83.28970336914062
2018-01-23,84.68443298339844,82.46688842773438
2018-01-24,84.19427490234375,81.42289733886719
2018-01-25,84.2508316040039,80.96282958984375
2018-01-26,85.19345092773438,81.88296508789062
2018-01-29,84.7787094116211,80.86550903320312
2018-01-30,84.70329284667969,80.8389663696289
2018-01-31,85.36312103271484,80.6354751586914
2018-02-01,85.7967300415039,80.86550903320312
2018-02-02,85.1180419921875,79.35260009765625
2018-02-05,83.21395874023438,78.08741760253906
2018-02-06,80.70660400390625,76.31793212890625
2018-02-07,80.91397857666016,77.87507629394531
2018-02-08,79.46235656738281,75.67206573486328
2018-02-09,79.02873992919922,74.24763488769531
2018-02-12,77.42630004882812,74.8846435546875
2018-02-13,78.0484390258789,74.06182861328125
2018-02-14,79.2549819946289,73.9556655883789
2018-02-15,79.72628784179688,73.61061096191406
2018-02-16,81.02709197998047,75.38895416259766
2018-02-19,80.46153259277344,75.46857452392578
2018-02-20,80.12218475341797,75.55706024169922
2018-02-21,80.12218475341797,75.7959213256836
2018-02-22,79.70743560791016,75.85786437988281
2018-02-23,80.2164535522461,76.62759399414062
2018-02-26,81.15906524658203,77.76006317138672
2018-02-27,80.61233520507812,77.05226135253906
2018-02-28,80.6312026977539,77.39730834960938
2018-03-01,80.57464599609375,79.12256622314453
2018-03-02,79.46235656738281,78.52978515625
2018-03-05,80.42381286621094,79.77727508544922
2018-03-06,79.78284454345703,80.16656494140625
2018-03-07,80.40496826171875,80.06924438476562
2018-03-08,82.55413818359375,82.67923736572266
2018-03-09,82.51643371582031,82.51997375488281
2018-03-12,82.68608856201172,83.0773696899414
2018-03-13,81.5549545288086,82.1749267578125
2018-03-14,81.87545776367188,81.07785034179688
2018-03-15,82.4410171508789,81.21942138671875
2018-03-16,81.40414428710938,81.20171356201172
2018-03-19,80.61233520507812,80.7327880859375
2018-03-20,81.17791748046875,81.20171356201172
2018-03-21,80.42381286621094,79.86573791503906
2018-03-22,80.6877670288086,78.82174682617188
2018-03-23,79.9525146484375,77.22036743164062
2018-03-26,80.29185485839844,75.98173522949219
2018-03-27,80.254150390625,76.90185546875
2018-03-28,81.8565902709961,78.7332763671875
2018-03-29,82.29020690917969,78.98985290527344
2018-04-03,81.61151885986328,77.86622619628906
2018-04-04,82.6295394897461,77.90162658691406
2018-04-05,84.213134765625,79.80381774902344
2018-04-06,85.02377319335938,78.92791748046875
2018-04-09,84.92950439453125,78.69788360595703
2018-04-10,84.9106674194336,78.158203125
2018-04-11,84.7787094116211,76.44180297851562
2018-04-12,83.8360824584961,76.07905578613281
2018-04-13,83.98690795898438,75.41548919677734
2018-04-16,83.55330657958984,74.91118621826172
2018-04-17,84.5147705078125,76.17637634277344
2018-04-18,83.27052307128906,76.35331726074219
2018-04-19,83.45904541015625,75.38009643554688
2018-04-20,83.47789001464844,75.63667297363281
2018-04-23,82.5538558959961,74.84925842285156
2018-04-24,81.98228454589844,74.73424530029297
2018-04-25,81.88701629638672,75.12353515625
2018-04-26,82.87774658203125,75.89324951171875
2018-04-27,83.27783966064453,74.48650360107422
2018-04-30,83.16354370117188,74.96683502197266
2018-05-02,82.82058715820312,72.64678192138672
2018-05-03,82.3061752319336,73.09085083007812
2018-05-04,82.49669647216797,74.01524353027344
2018-05-07,82.744384765625,74.38682556152344
2018-05-08,83.56363677978516,74.96683502197266
2018-05-09,83.62078094482422,74.96683502197266
2018-05-10,83.46836853027344,72.37488555908203
2018-05-11,83.29690551757812,72.32052612304688
2018-05-14,83.33501434326172,72.55615234375
2018-05-15,83.0492172241211,71.76769256591797
2018-05-16,82.53479766845703,72.33863830566406
2018-05-17,81.772705078125,72.80989837646484
2018-05-18,81.75365447998047,72.52896118164062
2018-05-21,81.772705078125,72.68302917480469
2018-05-22,81.69649505615234,72.96398162841797
2018-05-23,82.15374755859375,72.9730453491211
2018-05-24,82.34428405761719,73.77055358886719
2018-05-25,83.48741912841797,73.8702392578125
2018-05-28,84.0399398803711,74.30525207519531
2018-05-29,82.85869598388672,72.6014633178711
2018-05-30,82.43954467773438,72.99116516113281
2018-05-31,81.58218383789062,72.70115661621094
2018-06-01,81.41071319580078,72.71928405761719
2018-06-04,83.71604919433594,74.60431671142578
2018-06-05,83.01110076904297,73.8974380493164
2018-06-06,81.42976379394531,72.95491027832031
2018-06-07,80.93440246582031,72.36583709716797
2018-06-08,81.37261199951172,72.59239959716797
2018-06-11,82.51575469970703,74.35057067871094
2018-06-12,83.2587890625,75.31121826171875
2018-06-13,83.81130981445312,75.63748168945312
2018-06-14,83.84941101074219,76.15406036376953
2018-06-15,84.40193939208984,76.66156005859375
2018-06-18,82.59195709228516,75.20246887207031
2018-06-19,81.62029266357422,75.23870849609375
2018-06-20,81.9632339477539,75.46528625488281
2018-06-21,81.39166259765625,76.02716827392578
2018-06-22,82.47765350341797,77.22345733642578
2018-06-25,81.69649505615234,75.75529479980469
2018-06-26,81.54408264160156,75.90029907226562
2018-06-27,81.44882202148438,77.08750915527344
2018-06-28,81.42976379394531,77.45001983642578
2018-06-29,81.94418334960938,78.3925552368164
2018-07-02,81.54408264160156,78.38348388671875
2018-07-03,83.01110076904297,79.10851287841797
2018-07-04,83.29690551757812,79.02693939208984
2018-07-05,83.0492172241211,79.0088119506836
2018-07-06,83.46836853027344,80.47696685791016
2018-07-09,83.71604919433594,80.3954086303711
2018-07-10,83.58267974853516,80.20509338378906
2018-07-11,84.15424346923828,80.02383422851562
2018-07-12,85.31645202636719,80.43165588378906
2018-07-13,86.04043579101562,80.57666778564453
2018-07-16,86.68821716308594,80.22322082519531
2018-07-17,86.26907348632812,79.8697738647461
2018-07-18,87.46936798095703,80.02383422851562
2018-07-19,87.5265121459961,80.41353607177734
2018-07-20,89.10786437988281,81.14762115478516
2018-07-23,87.6598892211914,81.26541900634766
2018-07-24,87.08831024169922,81.45573425292969
2018-07-25,87.94567108154297,82.49795532226562
2018-07-26,87.31694793701172,79.1447525024414
2018-07-27,87.98377227783203,79.1175765991211
2018-07-30,83.35405731201172,78.20222473144531
2018-07-31,82.43954467773438,78.47410583496094
2018-08-01,83.25482940673828,78.43785858154297
2018-08-02,83.29318237304688,77.7672119140625
2018-08-03,85.21149444580078,78.62818145751953
2018-08-06,85.0196762084961,78.60099029541016
2018-08-07,84.59764099121094,78.80941772460938
2018-08-08,84.55928802490234,77.89409637451172
2018-08-09,84.40581512451172,78.24754333496094
2018-08-10,83.71521759033203,76.85188293457031
2018-08-13,83.52339172363281,76.50749969482422
2018-08-14,83.65767669677734,77.74002838134766
2018-08-15,82.90953063964844,78.11161041259766
2018-08-16,83.35074615478516,78.57379913330078
2018-08-17,82.48749542236328,78.81848907470703
2018-08-20,83.10134887695312,78.8819351196289
2018-08-21,82.5450439453125,78.93630981445312
2018-08-22,82.52587127685547,77.21439361572266
2018-08-23,82.52587127685547,77.0240707397461
2018-08-24,82.2956771850586,76.78844451904297
2018-08-27,82.3915786743164,76.73406219482422
2018-08-28,82.02710723876953,76.21749877929688
2018-08-29,82.37239837646484,76.12686920166016
2018-08-30,82.23812103271484,74.56807708740234
2018-08-31,81.66262817382812,73.17242431640625
2018-09-03,81.98873901367188,72.62864685058594
2018-09-04,82.14219665527344,72.32957458496094
2018-09-05,79.97450256347656,70.8704833984375
2018-09-06,79.37983703613281,70.19078063964844
2018-09-07,79.955322265625,70.2632827758789
2018-09-10,79.91695404052734,70.13639831542969
2018-09-11,78.76597595214844,69.08512115478516
2018-09-12,78.88106536865234,68.65011596679688
2018-09-13,78.6700439453125,69.14857482910156
2018-09-14,79.14962768554688,69.35700988769531
2018-09-17,78.74678039550781,69.4748306274414
2018-09-18,78.51659393310547,70.19078063964844
2018-09-19,77.74925994873047,69.70140075683594
2018-09-20,78.07538604736328,70.70735168457031
2018-09-21,78.90025329589844,70.75267028808594
2018-09-24,78.5357666015625,69.97327423095703
2018-09-25,78.28639221191406,69.76483154296875
2018-09-26,78.38230895996094,69.51107788085938
2018-09-27,78.32476043701172,68.78606414794922
2018-09-28,77.4615249633789,68.16978454589844
2018-10-01,77.92190551757812,67.89791107177734
2018-10-02,77.44232177734375,67.23634338378906
2018-10-03,77.90272521972656,69.42951202392578
2018-10-04,76.00359344482422,68.42354583740234
2018-10-05,75.61994171142578,68.36917877197266
2018-10-08,74.81424713134766,68.4779281616211
2018-10-09,75.10199737548828,68.3963623046875
2018-10-10,73.91262817382812,67.61698150634766
2018-10-11,72.49308776855469,66.6291275024414
2018-10-12,72.89592742919922,66.15786743164062
2018-10-15,72.87674713134766,66.04911804199219
2018-10-16,74.44976043701172,66.98258209228516
2018-10-17,73.62489318847656,65.96755981445312
2018-10-18,75.2938232421875,66.15786743164062
2018-10-19,76.54073333740234,66.32100677490234
2018-10-22,76.34889221191406,66.27568054199219
2018-10-23,75.21708679199219,64.62627410888672
2018-10-24,74.77587890625,65.57786560058594
2018-10-25,74.77587890625,58.77174758911133
2018-10-26,74.56486511230469,59.759586334228516
2018-10-29,75.9076919555664,60.26709747314453
2018-10-30,75.19790649414062,59.09800720214844
2018-10-31,76.34889221191406,59.03457260131836
2018-11-01,76.69418334960938,60.928688049316406
2018-11-02,76.15706634521484,60.43929672241211
2018-11-05,76.57908630371094,60.47554397583008
2018-11-06,75.85013580322266,59.823028564453125
2018-11-07,76.15706634521484,60.55710983276367
2018-11-08,75.77339935302734,59.46052169799805
2018-11-09,76.25298309326172,59.52396011352539
2018-11-12,76.42562103271484,58.898624420166016
2018-11-13,76.73255920410156,59.30645751953125
2018-11-14,76.80928802490234,60.16741180419922
2018-11-15,76.59827423095703,61.62651443481445
2018-11-16,76.79010772705078,62.07963943481445
2018-11-19,77.09703063964844,61.952762603759766
2018-11-20,76.65583038330078,60.683982849121094
2018-11-21,77.44232177734375,60.919620513916016
2018-11-22,77.0011215209961,60.46648025512695
2018-11-23,77.4615249633789,60.9739875793457
2018-11-26,78.05619049072266,60.992122650146484
2018-11-27,78.30557250976562,61.76254653930664
2018-11-28,77.13540649414062,61.62497329711914
2018-11-29,76.46399688720703,61.799224853515625
2018-11-30,77.5190658569336,62.03769302368164
2018-12-03,76.15706634521484,61.4415283203125
2018-12-04,77.84518432617188,60.89122772216797
2018-12-05,77.49988555908203,60.15748596191406
2018-12-06,74.9293441772461,57.36928176879883
2018-12-07,75.35137176513672,57.47016906738281
2018-12-10,74.46894836425781,56.80063247680664
2018-12-11,75.98442077636719,57.717803955078125
2018-12-12,77.23131561279297,58.33230972290039
2018-12-13,77.63416290283203,57.974609375
2018-12-14,77.03948974609375,57.11247253417969
2018-12-17,75.77339935302734,56.01185989379883
2018-12-18,75.2746353149414,55.910972595214844
2018-12-19,76.8284683227539,56.2686653137207
2018-12-20,76.46399688720703,54.727813720703125
2018-12-21,74.6607666015625,54.64527130126953
2018-12-24,73.26041412353516,53.61803436279297
2018-12-27,72.72328186035156,52.59996795654297
2018-12-28,73.39469146728516,52.737545013427734
2018-12-31,74.04690551757812,52.920982360839844
2019-01-02,73.64408111572266,52.71003341674805
2019-01-03,72.89592742919922,53.352054595947266
2019-01-04,74.56486511230469,55.525760650634766
2019-01-07,72.66573333740234,55.287288665771484
2019-01-08,73.16448974609375,56.37873077392578
2019-01-09,72.97267150878906,55.745880126953125
2019-01-10,73.97018432617188,56.14944076538086
2019-01-11,74.33466339111328,58.23142623901367
2019-01-14,72.01351165771484,57.94709777832031
2019-01-15,73.3563232421875,58.27728271484375
2019-01-16,72.05187225341797,56.70891571044922
2019-01-17,72.41635131835938,57.442657470703125
2019-01-18,72.7041015625,59.387062072753906
2019-01-21,72.85755920410156,59.09356689453125
2019-01-22,72.89592742919922,58.83675765991211
2019-01-23,73.08775329589844,59.23114776611328
2019-01-24,73.27958679199219,60.25837707519531
2019-01-25,72.64654541015625,60.11163330078125
2019-01-28,72.56982421875,58.699180603027344
2019-01-29,73.8934555053711,59.22196960449219
2019-01-30,74.73751831054688,59.790618896484375
2019-01-31,75.17871856689453,61.09300231933594
2019-02-01,75.96522521972656,61.24892807006836
2019-02-04,76.38725280761719,61.98267364501953
2019-02-05,77.48069763183594,63.4042854309082
2019-02-06,77.11622619628906,63.42263412475586
2019-02-07,76.42562103271484,61.79006576538086
2019-02-08,77.13540649414062,61.14803695678711
2019-02-11,77.94109344482422,62.12942123413086
2019-02-12,78.0370101928711,61.93680191040039
2019-02-13,82.71769714355469,63.28506088256836
2019-02-14,83.65767669677734,61.349815368652344
2019-02-15,84.04132843017578,62.780601501464844
2019-02-18,84.13725280761719,62.95487976074219
2019-02-19,84.19479370117188,62.147762298583984
2019-02-20,84.32907104492188,63.11078643798828
2019-02-21,84.52091217041016,62.58799743652344
2019-02-22,84.42498779296875,60.32257843017578
2019-02-25,84.29071044921875,60.698631286621094
2019-02-26,84.48255157470703,60.698631286621094
2019-02-27,84.17561340332031,60.40512466430664
2019-02-28,84.98130798339844,62.872337341308594
2019-03-01,86.20902252197266,66.77032470703125
2019-03-04,85.51844024658203,65.71556091308594
2019-03-05,85.94046020507812,66.6602554321289
2019-03-06,86.38167572021484,66.46764373779297
2019-03-07,86.80370330810547,65.80728149414062
2019-03-08,86.89961242675781,65.55965423583984
2019-03-11,87.20655059814453,65.79811096191406
2019-03-12,87.0914535522461,65.8714828491211
2019-03-13,87.28328704833984,65.23863983154297
2019-03-14,88.2232666015625,64.8259048461914
2019-03-15,89.2975082397461,65.77059173583984
2019-03-18,88.3575439453125,66.36676025390625
2019-03-19,88.45346069335938,68.14608764648438
2019-03-20,88.7795639038086,67.11885070800781
2019-03-21,89.48934173583984,67.40316772460938
2019-03-22,88.95221710205078,65.86231231689453
2019-03-25,88.68364715576172,65.31200408935547
2019-03-26,89.77709197998047,66.54102325439453
2019-03-27,89.60444641113281,67.14635467529297
2019-03-28,90.10320281982422,67.0913314819336
2019-03-29,90.23748779296875,68.5679931640625
2019-04-01,89.52770233154297,68.35702514648438
2019-04-02,90.81298828125,68.7238998413086
2019-04-03,90.77461242675781,68.53128814697266
2019-04-04,91.35010528564453,69.24669647216797
2019-04-05,91.04317474365234,70.53073120117188
2019-04-08,90.98563385009766,70.1913833618164
2019-04-09,90.64033508300781,70.25558471679688
2019-04-10,90.83216094970703,71.09021759033203
2019-04-11,90.48686981201172,71.61300659179688
2019-04-12,90.21829986572266,71.91567993164062
2019-04-15,90.64033508300781,72.11744689941406
2019-04-16,89.89219665527344,72.4476318359375
2019-04-17,90.33340454101562,71.86980438232422
2019-04-18,90.33340454101562,73.22722625732422
2019-04-23,91.63785552978516,73.2088851928711
2019-04-24,91.17745971679688,72.69526672363281
2019-04-25,91.61866760253906,71.22779846191406
2019-04-26,93.35391235351562,71.79644012451172
2019-04-29,93.79476928710938,72.26419067382812
2019-04-30,94.28459930419922,72.69526672363281
2019-05-02,94.34339141845703,72.22750854492188
2019-05-03,94.46094512939453,72.30088806152344
2019-05-06,94.32379150390625,72.04407501220703
2019-05-07,93.7359848022461,70.37186431884766
2019-05-08,94.32379150390625,70.52980041503906
2019-05-09,93.22655487060547,68.9226303100586
2019-05-10,93.9515151977539,68.84831237792969
2019-05-13,92.79549407958984,68.05866241455078
2019-05-14,94.53932189941406,68.90404510498047
2019-05-15,95.00957489013672,69.36854553222656
2019-05-16,96.14600372314453,70.05601501464844
2019-05-17,95.40144348144531,69.02482604980469
2019-05-20,94.95079040527344,67.78925323486328
2019-05-21,94.97039031982422,67.69634246826172
2019-05-22,95.40144348144531,68.21659088134766
2019-05-23,94.65689086914062,68.46741485595703
2019-05-24,95.83250427246094,68.30948638916016
2019-05-27,96.02843475341797,69.0155258178711
2019-05-28,95.38185119628906,68.7089614868164
2019-05-29,94.225830078125,67.42693328857422
2019-05-30,94.93119812011719,68.7461166381836
2019-05-31,92.10971069335938,67.45480346679688
2019-06-03,93.26573181152344,67.835693359375
2019-06-04,93.20695495605469,69.02482604980469
2019-06-05,94.14745330810547,69.0712661743164
2019-06-06,94.32379150390625,68.97836303710938
2019-06-07,95.12712860107422,70.11174774169922
2019-06-10,96.08721923828125,70.32542419433594
2019-06-11,95.79331970214844,70.57624816894531
2019-06-12,96.5966567993164,71.46808624267578
2019-06-13,96.55746459960938,70.92926788330078
2019-06-14,94.46094512939453,70.02812957763672
2019-06-17,94.7940444946289,69.6100845336914
2019-06-18,95.2642822265625,71.89543151855469
2019-06-19,95.77372741699219,72.33206176757812
2019-06-20,96.69462585449219,73.35396575927734
2019-06-21,97.38040161132812,74.12503814697266
2019-06-24,97.73308563232422,73.7534408569336
2019-06-25,97.65470886230469,72.67578887939453
2019-06-26,96.51828002929688,71.8489761352539
2019-06-27,94.89200592041016,71.04075622558594
2019-06-28,96.14600372314453,72.31346893310547
2019-07-01,96.3027572631836,72.7408218383789
2019-07-02,97.24324798583984,74.24581146240234
2019-07-03,98.50704193115234,77.3022232055664
2019-07-04,98.16414642333984,76.84700775146484
2019-07-05,97.69390106201172,76.64263153076172
2019-07-08,98.65398406982422,76.46612548828125
2019-07-09,98.50704193115234,76.07594299316406
2019-07-10,96.988525390625,75.03544616699219
2019-07-11,96.988525390625,74.13433074951172
2019-07-12,97.3020248413086,73.32609558105469
2019-07-15,97.20405578613281,72.87088775634766
2019-07-16,98.01719665527344,73.15886688232422
2019-07-17,98.06617736816406,73.5397720336914
2019-07-18,97.67430114746094,73.59550476074219
2019-07-19,98.06617736816406,77.67382049560547
2019-07-22,98.01719665527344,78.5006332397461
2019-07-23,98.94789123535156,79.61542510986328
2019-07-24,99.58468627929688,80.2007064819336
2019-07-25,100.27046203613281,83.61013793945312
2019-07-26,100.95624542236328,84.00961303710938
2019-07-29,94.55891418457031,84.89215850830078
2019-07-30,95.08794403076172,84.42766571044922
2019-07-31,95.77828216552734,84.60417175292969
2019-08-01,96.78418731689453,86.12773895263672
2019-08-02,95.10767364501953,83.49864959716797
2019-08-05,92.0899429321289,81.42698669433594
2019-08-06,91.85326385498047,80.60946655273438
2019-08-07,92.99723815917969,80.63734436035156
2019-08-08,94.35816955566406,81.35266876220703
2019-08-09,93.45088195800781,81.04609680175781
2019-08-12,93.23391723632812,80.09851837158203
2019-08-13,92.6422119140625,79.64331817626953
2019-08-14,91.478515625,78.221923828125
2019-08-15,91.14320373535156,78.50992584228516
2019-08-16,92.89861297607422,79.55039978027344
2019-08-19,93.35226440429688,80.42366027832031
2019-08-20,93.31282043457031,79.57827758789062
2019-08-21,94.98932647705078,80.48870086669922
2019-08-22,93.88479614257812,80.03348541259766
2019-08-23,93.21419525146484,79.4853744506836
2019-08-26,92.91834259033203,79.05802917480469
2019-08-27,93.56922149658203,79.11377716064453
2019-08-28,94.04259490966797,78.31482696533203
2019-08-29,94.77236938476562,79.99633026123047
2019-08-30,95.42325592041016,80.0799331665039
2019-09-02,96.21219635009766,80.10780334472656
2019-09-03,96.9814224243164,79.83839416503906
2019-09-04,97.31672668457031,79.58756256103516
2019-09-05,96.78418731689453,78.9186782836914
2019-09-06,96.66584014892578,78.5006332397461
2019-09-09,94.47651672363281,79.94986724853516
2019-09-10,94.87098693847656,79.0951919555664
2019-09-11,95.89661407470703,79.34602355957031
2019-09-12,96.66584014892578,81.65923309326172
2019-09-13,95.67965698242188,80.99964904785156
2019-09-16,94.77236938476562,80.80455780029297
2019-09-17,96.23192596435547,81.21331787109375
2019-09-18,96.05441284179688,81.41769409179688
2019-09-19,95.4429702758789,80.26573944091797
2019-09-20,95.67965698242188,81.81716918945312
2019-09-23,95.7979965209961,81.25978088378906
2019-09-24,96.74473571777344,79.28099822998047
2019-09-25,96.8236312866211,80.09851837158203
2019-09-26,97.92816162109375,80.65591430664062
2019-09-27,97.82953643798828,80.86029815673828
2019-09-30,97.79010009765625,81.21331787109375
2019-10-01,95.91634368896484,79.3739013671875
2019-10-02,93.45088195800781,77.20932006835938
2019-10-03,93.74673461914062,77.04209899902344
2019-10-04,94.85126495361328,78.24050903320312
2019-10-07,96.07412719726562,79.32744598388672
2019-10-08,95.06822204589844,77.93394470214844
2019-10-09,95.64021301269531,78.30554962158203
2019-10-10,95.10767364501953,77.65523529052734
2019-10-11,95.4429702758789,77.98040008544922
2019-10-14,96.19247436523438,77.22789764404297
2019-10-15,95.91634368896484,77.95252227783203
2019-10-16,96.40943908691406,77.72027587890625
2019-10-17,97.02086639404297,77.66453552246094
2019-10-18,96.31082153320312,77.6087875366211
2019-10-21,95.42325592041016,77.75743103027344
2019-10-22,95.38380432128906,76.95849609375
2019-10-23,92.38580322265625,76.38250732421875
2019-10-24,93.09585571289062,76.96776580810547
2019-10-25,90.72901153564453,68.44883728027344
2019-10-28,89.15111541748047,67.92860412597656
2019-10-29,89.64421081542969,67.06462097167969
2019-10-30,90.29508972167969,67.3804702758789
2019-10-31,90.19647216796875,66.9252700805664
2019-11-01,90.35426330566406,66.25639343261719
2019-11-04,89.2497329711914,65.98698425292969
2019-11-05,88.5791244506836,66.45148468017578
2019-11-06,89.48641204833984,66.6744384765625
2019-11-07,89.64421081542969,65.88479614257812
2019-11-08,89.74282836914062,66.05200958251953
2019-11-11,90.19647216796875,66.14490509033203
2019-11-12,90.33453369140625,66.78591918945312
2019-11-13,91.12348937988281,67.1389389038086
2019-11-14,91.32071685791016,66.86954498291016
2019-11-15,91.6165771484375,67.0274658203125
2019-11-18,92.32662963867188,67.35261535644531
2019-11-19,92.48442077636719,67.37140655517578
2019-11-20,91.87298583984375,66.8453598022461
2019-11-21,91.34044647216797,66.59172821044922
2019-11-22,91.45878601074219,67.09898376464844
2019-11-25,92.50414276123047,67.58745574951172
2019-11-26,93.15502166748047,67.14595794677734
2019-11-27,93.15502166748047,67.21171569824219
2019-11-28,92.97750854492188,67.35261535644531
2019-11-29,92.74082946777344,67.5123062133789
2019-12-02,92.24773406982422,67.00505828857422
2019-12-03,92.50414276123047,66.7232437133789
2019-12-04,92.89861297607422,67.10838317871094
2019-12-05,92.6422119140625,66.29113006591797
2019-12-06,94.35816955566406,67.4465560913086
2019-12-09,94.18065643310547,67.00505828857422
2019-12-10,93.68756866455078,66.39445495605469
2019-12-11,93.90452575683594,66.70445251464844
2019-12-12,92.16883850097656,65.84962463378906
2019-12-13,91.97160339355469,65.95295715332031
2019-12-16,93.35226440429688,67.41836547851562
2019-12-17,93.27336883544922,66.91111755371094
2019-12-18,93.6678466796875,67.72836303710938
2019-12-19,93.21419525146484,67.79411315917969
2019-12-20,94.6540298461914,69.56951904296875
2019-12-23,95.12739562988281,69.74799346923828
2019-12-24,94.61457824707031,69.60709381103516
2019-12-27,95.26545715332031,69.96405792236328
2019-12-30,94.456787109375,69.25952911376953
2019-12-31,93.6086654663086,68.30137634277344
2020-01-02,94.4962387084961,69.97344970703125
2020-01-03,94.67375183105469,69.88890075683594
2020-01-06,96.17274475097656,69.76677703857422
2020-01-07,96.13330841064453,69.56951904296875
2020-01-08,96.6855697631836,69.00589752197266
2020-01-09,97.09976196289062,68.8368148803711
2020-01-10,96.62639617919922,69.16558837890625
2020-01-13,96.80390930175781,68.25440979003906
2020-01-14,97.6323013305664,67.66259765625
2020-01-15,99.11157989501953,67.52169036865234
2020-01-16,99.99915313720703,67.4465560913086
2020-01-17,102.21806335449219,67.6719970703125
2020-01-20,101.37980651855469,67.08959197998047
2020-01-21,98.48042297363281,66.90171813964844
2020-01-22,99.11157989501953,66.46021270751953
2020-01-23,98.55931854248047,65.74629211425781
2020-01-24,99.11157989501953,66.42263793945312
2020-01-27,97.04059600830078,64.3184585571289
2020-01-28,96.90252685546875,65.0887451171875
2020-01-29,97.65202331542969,65.0699462890625
2020-01-30,97.158935546875,64.34663391113281
2020-01-31,96.96170043945312,64.27149200439453
2020-02-03,96.92224884033203,64.10240173339844
2020-02-04,97.41534423828125,65.05116271972656
2020-02-05,97.41534423828125,65.52085876464844
2020-02-06,97.7112045288086,65.65235900878906
2020-02-07,96.21219635009766,64.34663391113281
2020-02-10,96.05441284179688,64.093017578125
2020-02-11,96.40943908691406,63.61393737792969
2020-02-12,101.42911529541016,63.89574432373047
2020-02-13,101.37980651855469,63.90514373779297
2020-02-14,102.41529846191406,63.642112731933594
2020-02-17,101.97151947021484,63.341514587402344
2020-02-18,102.26737213134766,63.73604965209961
2020-02-19,103.5000991821289,64.0648193359375
2020-02-20,102.563232421875,63.388492584228516
2020-02-21,102.41529846191406,62.13913345336914
2020-02-24,98.96365356445312,60.19464111328125
2020-02-25,97.04059600830078,58.46620559692383
2020-02-26,96.31082153320312,58.13742446899414
2020-02-27,92.01105499267578,51.75912094116211
2020-02-28,88.97360229492188,47.65408706665039
2020-03-02,89.80199432373047,48.847084045410156
2020-03-03,90.2753677368164,48.15195083618164
2020-03-04,91.49822998046875,48.114376068115234
2020-03-05,91.4193344116211,47.156227111816406
2020-03-06,88.46078491210938,44.96280288696289
2020-03-09,83.21427917480469,40.11566925048828
2020-03-10,80.1965560913086,40.40217208862305
2020-03-11,79.62456512451172,41.59986877441406
2020-03-12,72.24790954589844,34.69082260131836
2020-03-13,75.1275634765625,36.54607391357422
2020-03-16,73.98358917236328,32.45512771606445
2020-03-17,73.49049377441406,31.91969108581543
2020-03-18,71.61675262451172,29.092195510864258
2020-03-19,73.80607604980469,32.844966888427734
2020-03-20,73.98358917236328,37.574684143066406
2020-03-23,69.94023132324219,36.66349411010742
2020-03-24,70.45304870605469,37.9504280090332
2020-03-25,71.99150085449219,39.25614929199219
2020-03-26,72.91851043701172,39.82916259765625
2020-03-27,71.14337921142578,36.38637924194336
2020-03-30,72.01121520996094,36.54607391357422
2020-03-31,75.10784149169922,38.01618576049805
2020-04-01,72.40569305419922,37.38210678100586
2020-04-02,71.61675262451172,37.73906707763672
2020-04-03,69.80216217041016,37.424381256103516
2020-04-06,71.69564056396484,39.27493667602539
2020-04-07,72.58320617675781,40.862464904785156
2020-04-08,71.91259765625,41.073822021484375
2020-04-09,74.06248474121094,40.975189208984375
2020-04-14,73.84552001953125,40.96579360961914
2020-04-15,74.67391967773438,39.35947799682617
2020-04-16,75.66010284423828,39.53795623779297
2020-04-17,77.3563461303711,39.265541076660156
2020-04-20,77.7902603149414,38.7488899230957
2020-04-21,76.29126739501953,35.94487762451172
2020-04-22,73.9638671875,36.226688385009766
2020-04-23,75.26563262939453,36.94530487060547
2020-04-24,74.23999786376953,35.80867004394531
2020-04-27,76.5199966430664,37.8142204284668
2020-04-28,77.80000305175781,39.970062255859375
2020-04-29,77.95999908447266,42.32318115234375
2020-04-30,77.62000274658203,39.34069061279297
2020-05-04,73.62000274658203,36.13275146484375
2020-05-05,73.81999969482422,37.159881591796875
2020-05-06,73.54000091552734,38.57577896118164
2020-05-07,74.0199966430664,39.10055160522461
2020-05-08,75.0,39.570865631103516
2020-05-11,75.58000183105469,39.31343460083008
2020-05-12,75.62000274658203,38.45201110839844
2020-05-13,74.55999755859375,36.635108947753906
2020-05-14,71.63999938964844,35.44694137573242
2020-05-15,72.5,36.635108947753906
2020-05-18,76.0,38.7639045715332
2020-05-19,75.9000015258789,37.55593490600586
2020-05-20,76.5999984741211,38.00149917602539
2020-05-21,76.5999984741211,36.961856842041016
2020-05-22,76.33999633789062,37.110374450683594
2020-05-25,77.81999969482422,38.01634979248047
2020-05-26,79.19999694824219,40.075836181640625
2020-05-27,83.45999908447266,41.96699905395508
2020-05-28,84.05999755859375,42.94723892211914
2020-05-29,82.4800033569336,41.49668502807617
2020-06-01,83.95999908447266,43.457157135009766
2020-06-02,84.0999984741211,44.249267578125
2020-06-03,86.05999755859375,47.665245056152344
2020-06-04,86.0,48.284080505371094
2020-06-05,86.5999984741211,50.66536331176758
2020-06-08,86.77999877929688,50.20000076293945
2020-06-09,85.83999633789062,48.880001068115234
2020-06-10,85.0,47.46500015258789
2020-06-11,81.04000091552734,43.849998474121094
2020-06-12,81.45999908447266,45.20000076293945
2020-06-15,81.16000366210938,44.21500015258789
2020-06-16,84.0199966430664,46.64500045776367
2020-06-17,84.4000015258789,46.13999938964844
2020-06-18,84.16000366210938,46.095001220703125
2020-06-19,86.5999984741211,45.814998626708984
2020-06-22,84.80000305175781,44.95000076293945
2020-06-23,86.0,46.29499816894531
2020-06-24,83.19999694824219,43.95000076293945
2020-06-25,83.12000274658203,44.11000061035156
2020-06-26,83.55999755859375,43.34000015258789
2020-06-29,82.0999984741211,43.599998474121094
2020-06-30,82.05999755859375,43.8650016784668
2020-07-01,81.55999755859375,43.43000030517578
2020-07-02,82.5,44.814998626708984
2020-07-03,82.55999755859375,44.875
2020-07-06,83.63999938964844,46.505001068115234
2020-07-07,83.58000183105469,46.599998474121094
2020-07-08,83.66000366210938,46.209999084472656
2020-07-09,83.0,45.26499938964844
2020-07-10,84.5,47.18000030517578
2020-07-13,85.0,47.04499816894531
2020-07-14,84.54000091552734,46.290000915527344
2020-07-15,86.62000274658203,47.47999954223633
2020-07-16,84.91999816894531,47.36000061035156
2020-07-17,83.83999633789062,46.97999954223633
2020-07-21,84.95999908447266,48.64500045776367
2020-07-22,83.54000091552734,47.040000915527344
2020-07-23,83.94000244140625,47.42499923706055
2020-07-24,82.87999725341797,46.96500015258789
2020-07-27,82.16000366210938,45.869998931884766
2020-07-28,84.0999984741211,47.45000076293945
2020-07-29,85.5,47.790000915527344
2020-07-30,83.68000030517578,48.45000076293945
2020-07-31,82.23999786376953,46.119998931884766
2020-08-03,80.55999755859375,46.32500076293945
2020-08-04,79.44000244140625,47.560001373291016
2020-08-05,78.45999908447266,47.16999816894531
2020-08-06,76.72000122070312,46.04499816894531
2020-08-07,76.5,45.70000076293945
2020-08-10,77.31999969482422,46.2400016784668
2020-08-11,78.45999908447266,47.994998931884766
2020-08-12,79.54000091552734,48.23500061035156
2020-08-13,79.33999633789062,47.95000076293945
2020-08-14,77.9000015258789,47.77000045776367
2020-08-17,77.95999908447266,47.400001525878906
2020-08-18,78.0,47.834999084472656
2020-08-19,78.58000183105469,48.880001068115234
2020-08-20,77.66000366210938,47.70000076293945
2020-08-21,77.08000183105469,47.029998779296875
2020-08-24,79.12000274658203,48.60499954223633
2020-08-25,78.37999725341797,48.83000183105469
2020-08-26,78.63999938964844,49.93000030517578
2020-08-27,79.04000091552734,50.20000076293945
2020-08-28,78.41999816894531,49.599998474121094
2020-08-31,77.55999755859375,48.80500030517578
2020-09-01,75.87999725341797,48.42499923706055
2020-09-02,77.27999877929688,50.029998779296875
2020-09-03,78.23999786376953,50.220001220703125
2020-09-04,76.76000213623047,49.209999084472656
2020-09-07,76.44000244140625,49.345001220703125
2020-09-08,76.31999969482422,47.68000030517578
2020-09-09,76.9800033569336,48.314998626708984
2020-09-10,77.5,48.619998931884766
2020-09-11,77.44000244140625,47.66999816894531
2020-09-14,77.77999877929688,47.650001525878906
2020-09-15,77.9800033569336,47.9900016784668
2020-09-16,77.69999694824219,48.375
2020-09-17,78.36000061035156,49.0099983215332
2020-09-21,76.12000274658203,46.099998474121094
2020-09-22,75.68000030517578,46.19499969482422
2020-09-23,75.69999694824219,45.67499923706055
2020-09-24,75.16000366210938,44.779998779296875
2020-09-25,74.72000122070312,45.060001373291016
2020-09-28,77.23999786376953,46.79499816894531
2020-09-29,76.5199966430664,46.29999923706055
2020-09-30,75.87999725341797,46.224998474121094
2020-10-01,75.5999984741211,45.79999923706055
2020-10-02,76.04000091552734,45.810001373291016
2020-10-05,76.4800033569336,46.790000915527344
2020-10-06,77.0199966430664,48.810001373291016
2020-10-07,79.72000122070312,49.65999984741211
2020-10-08,81.44000244140625,50.33000183105469
2020-10-09,80.91999816894531,50.5
2020-10-12,81.31999969482422,50.88999938964844
2020-10-13,80.77999877929688,49.41999816894531
2020-10-14,79.73999786376953,49.11000061035156
2020-10-15,78.13999938964844,46.775001525878906
2020-10-16,78.9800033569336,47.42499923706055
2020-10-19,78.83999633789062,47.63999938964844
2020-10-20,79.30000305175781,48.33000183105469
2020-10-21,78.16000366210938,46.88999938964844
2020-10-22,79.4800033569336,47.165000915527344
2020-10-23,81.16000366210938,48.5099983215332
2020-10-26,80.9000015258789,47.845001220703125
2020-10-27,80.04000091552734,47.0
2020-10-28,77.5,45.2599983215332
2020-10-29,76.55999755859375,45.4900016784668
2020-10-30,76.19999694824219,44.560001373291016
2020-11-02,76.66000366210938,44.91999816894531
2020-11-03,77.76000213623047,46.5099983215332
2020-11-04,79.26000213623047,46.814998626708984
2020-11-05,82.31999969482422,47.689998626708984
2020-11-06,81.23999786376953,47.65999984741211
2020-11-09,90.27999877929688,53.099998474121094
2020-11-10,93.13999938964844,56.72999954223633
2020-11-11,91.18000030517578,56.84000015258789
2020-11-12,90.54000091552734,56.130001068115234
2020-11-13,90.41999816894531,55.54999923706055
2020-11-16,92.76000213623047,57.25
2020-11-17,92.30000305175781,56.4900016784668
2020-11-18,92.0,56.15999984741211
2020-11-19,90.19999694824219,55.16999816894531
2020-11-20,89.0999984741211,54.84000015258789
2020-11-23,89.41999816894531,55.52000045776367
2020-11-24,89.87999725341797,57.720001220703125
2020-11-25,88.95999908447266,56.959999084472656
2020-11-26,88.45999908447266,57.06999969482422
2020-11-27,89.23999786376953,57.25
2020-11-30,88.5199966430664,55.880001068115234
2020-12-01,89.54000091552734,56.400001525878906
2020-12-02,90.12000274658203,56.119998931884766
2020-12-03,89.9000015258789,56.95000076293945
2020-12-04,91.16000366210938,58.029998779296875
