Date,NFLX,DIS
2014-12-31,48.801429748535156,87.7863540649414
2015-01-02,49.84857177734375,87.37626647949219
2015-01-05,47.31142807006836,86.09940338134766
2015-01-06,46.50143051147461,85.64270782470703
2015-01-07,46.74285888671875,86.51881408691406
2015-01-08,47.779998779296875,87.41353607177734
2015-01-09,47.04142761230469,87.84225463867188
2015-01-12,45.547142028808594,88.0379867553711
2015-01-13,46.255714416503906,88.7183609008789
2015-01-14,46.31999969482422,87.82362365722656
2015-01-15,46.25143051147461,87.93545532226562
2015-01-16,48.191429138183594,88.70903778076172
2015-01-20,49.82857131958008,88.2989501953125
2015-01-21,58.468570709228516,87.7677001953125
2015-01-22,61.20571517944336,88.68107604980469
2015-01-23,62.494285583496094,88.28031158447266
2015-01-26,63.79428482055664,88.5133285522461
2015-01-27,64.88143157958984,87.581298828125
2015-01-28,63.20857238769531,86.36968231201172
2015-01-29,63.400001525878906,86.88228607177734
2015-01-30,63.11428451538086,84.77593994140625
2015-02-02,63.0099983215332,85.67999267578125
2015-02-03,65.27428436279297,87.70246124267578
2015-02-04,64.10143280029297,94.39430236816406
2015-02-05,64.12999725341797,95.6618423461914
2015-02-06,63.47999954223633,95.08401489257812
2015-02-09,63.29571533203125,94.81373596191406
2015-02-10,64.8499984741211,94.99081420898438
2015-02-11,64.98428344726562,94.94419860839844
2015-02-12,65.24714660644531,96.53795623779297
2015-02-13,66.5857162475586,97.08783721923828
2015-02-17,67.13714599609375,97.0412368774414
2015-02-18,67.86571502685547,96.79890441894531
2015-02-19,67.80000305175781,96.82688903808594
2015-02-20,68.31428527832031,97.44200134277344
2015-02-23,67.40571594238281,97.85208129882812
2015-02-24,67.83999633789062,97.5538330078125
2015-02-25,68.33285522460938,98.39266204833984
2015-02-26,69.00428771972656,97.45132446289062
2015-02-27,67.84428405761719,97.00395202636719
2015-03-02,68.60713958740234,98.69090270996094
2015-03-03,67.81571197509766,99.11962127685547
2015-03-04,67.11000061035156,98.39266204833984
2015-03-05,66.80714416503906,97.88935852050781
2015-03-06,64.87428283691406,96.76162719726562
2015-03-09,63.66143035888672,98.1037368774414
2015-03-10,62.15142822265625,96.08126068115234
2015-03-11,62.88428497314453,95.8948745727539
2015-03-12,64.04571533203125,99.88387298583984
2015-03-13,62.628570556640625,99.2035140991211
2015-03-16,60.281429290771484,100.07027435302734
2015-03-17,59.788570404052734,99.68814849853516
2015-03-18,60.44571304321289,100.62947845458984
2015-03-19,60.744285583496094,100.07027435302734
2015-03-20,61.18571472167969,101.0582046508789
2015-03-23,60.71428680419922,100.86249542236328
2015-03-24,62.611427307128906,99.82795715332031
2015-03-25,60.25,97.86141204833984
2015-03-26,59.75143051147461,98.08509063720703
2015-03-27,59.25285720825195,98.30876922607422
2015-03-30,60.36714172363281,98.90526580810547
2015-03-31,59.52714157104492,97.7588882446289
2015-04-01,59.01714324951172,98.271484375
2015-04-02,59.1542854309082,98.79342651367188
2015-04-06,60.33000183105469,98.44857025146484
2015-04-07,60.494285583496094,98.26216888427734
2015-04-08,63.04999923706055,99.12895202636719
2015-04-09,62.78571319580078,99.51107025146484
2015-04-10,64.93856811523438,99.67884826660156
2015-04-13,67.81143188476562,99.26875305175781
2015-04-14,68.38714599609375,99.40856170654297
2015-04-15,67.92285919189453,99.706787109375
2015-04-16,80.29285430908203,100.75065612792969
2015-04-17,81.6500015258789,99.43651580810547
2015-04-20,81.05571746826172,100.86249542236328
2015-04-21,80.06285858154297,100.35919952392578
2015-04-22,79.66857147216797,100.6015396118164
2015-04-23,79.86571502685547,101.58946990966797
2015-04-24,79.77143096923828,102.08342742919922
2015-04-27,80.86856842041016,102.67060852050781
2015-04-28,80.43714141845703,102.44691467285156
2015-04-29,80.40714263916016,102.34439086914062
2015-04-30,79.5,101.3284912109375
2015-05-01,79.57571411132812,103.00611114501953
2015-05-04,79.27143096923828,103.4814453125
2015-05-05,80.79285430908203,103.27639770507812
2015-05-06,80.07714080810547,102.26051330566406
2015-05-07,80.74857330322266,101.83177947998047
2015-05-08,82.0857162475586,102.62400817871094
2015-05-11,84.27857208251953,101.21665954589844
2015-05-12,83.37714385986328,101.81314086914062
2015-05-13,82.87285614013672,101.76654052734375
2015-05-14,83.8357162475586,102.45623016357422
2015-05-15,87.60713958740234,102.80109405517578
2015-05-18,88.26714324951172,102.82904052734375
2015-05-19,88.06857299804688,103.04338836669922
2015-05-20,88.79000091552734,102.70787048339844
2015-05-21,89.00285339355469,102.88495635986328
2015-05-22,88.83856964111328,102.7637939453125
2015-05-26,87.99285888671875,101.99954986572266
2015-05-27,89.85713958740234,102.86631774902344
2015-05-28,89.50714111328125,103.01544952392578
2015-05-29,89.15142822265625,102.86631774902344
2015-06-01,89.00285339355469,103.41619873046875
2015-06-02,89.12999725341797,103.22048950195312
2015-06-03,88.8085708618164,103.6119384765625
2015-06-04,89.34857177734375,102.80109405517578
2015-06-05,90.45999908447266,102.80109405517578
2015-06-08,89.60428619384766,101.85975646972656
2015-06-09,92.44999694824219,101.14210510253906
2015-06-10,95.87142944335938,102.52147674560547
2015-06-11,95.09428405761719,103.09932708740234
2015-06-12,94.41857147216797,102.47488403320312
2015-06-15,93.43142700195312,102.68925476074219
2015-06-16,95.27285766601562,103.50941467285156
2015-06-17,94.27143096923828,103.91018676757812
2015-06-18,94.74285888671875,105.5225601196289
2015-06-19,93.87142944335938,104.9633560180664
2015-06-22,96.4142837524414,105.81149291992188
2015-06-23,97.31285858154297,106.63166046142578
2015-06-24,96.94428253173828,106.03515625
2015-06-25,94.89142608642578,106.66893005371094
2015-06-26,93.08856964111328,107.1722183227539
2015-06-29,92.23143005371094,105.36412048339844
2015-06-30,93.84857177734375,106.38001251220703
2015-07-01,93.63571166992188,107.92676544189453
2015-07-02,94.0442886352539,107.77677917480469
2015-07-06,94.57142639160156,108.46112060546875
2015-07-07,94.0914306640625,109.77352905273438
2015-07-08,93.50714111328125,107.98302459716797
2015-07-09,95.72714233398438,108.36736297607422
2015-07-10,97.22856903076172,109.15481567382812
2015-07-13,101.08714294433594,110.66409301757812
2015-07-14,100.37142944335938,110.47660064697266
2015-07-15,98.12999725341797,110.8984375
2015-07-16,115.80999755859375,111.6202621459961
2015-07-17,114.7699966430664,111.42339324951172
2015-07-20,110.55000305175781,112.09837341308594
2015-07-21,112.51000213623047,111.84524536132812
2015-07-22,111.5,111.86399841308594
2015-07-23,110.0999984741211,111.36717224121094
2015-07-24,109.33999633789062,111.47028350830078
2015-07-27,106.43000030517578,110.8515625
2015-07-28,106.9000015258789,111.04844665527344
2015-07-29,107.08000183105469,112.34209442138672
2015-07-30,111.55999755859375,112.52020263671875
2015-07-31,114.30999755859375,112.49207305908203
2015-08-03,112.55999755859375,113.54199981689453
2015-08-04,121.1500015258789,114.07635498046875
2015-08-05,123.70999908447266,103.61457824707031
2015-08-06,126.44999694824219,101.75846099853516
2015-08-07,123.5199966430664,102.50840759277344
2015-08-10,123.02999877929688,104.05517578125
2015-08-11,122.73999786376953,101.24288177490234
2015-08-12,120.51000213623047,100.29605865478516
2015-08-13,123.7300033569336,100.79290008544922
2015-08-14,123.38999938964844,100.45543670654297
2015-08-17,125.36000061035156,102.22718048095703
2015-08-18,124.05000305175781,100.24919128417969
2015-08-19,122.05999755859375,99.78985595703125
2015-08-20,112.48999786376953,93.76214599609375
2015-08-21,103.95999908447266,92.6559829711914
2015-08-24,96.87999725341797,89.39370727539062
2015-08-25,101.5199966430664,89.89054107666016
2015-08-26,110.12999725341797,93.02157592773438
2015-08-27,117.66000366210938,95.77762603759766
2015-08-28,117.62999725341797,96.0682373046875
2015-08-31,115.02999877929688,95.50577545166016
2015-09-01,105.79000091552734,93.28406524658203
2015-09-02,105.44000244140625,95.51514434814453
2015-09-03,101.05999755859375,95.60889434814453
2015-09-04,98.79000091552734,94.65270233154297
2015-09-08,94.94999694824219,97.50251007080078
2015-09-09,99.18000030517578,95.53390502929688
2015-09-10,99.4800033569336,96.18072509765625
2015-09-11,97.51000213623047,97.94309997558594
2015-09-14,95.69000244140625,97.32439422607422
2015-09-15,99.16000366210938,96.95880889892578
2015-09-16,104.08000183105469,97.45563507080078
2015-09-17,104.20999908447266,97.68061828613281
2015-09-18,102.62000274658203,96.40570831298828
2015-09-21,100.30000305175781,96.9400634765625
2015-09-22,98.47000122070312,96.07762145996094
2015-09-23,98.06999969482422,95.21516418457031
2015-09-24,103.76000213623047,94.3246078491211
2015-09-25,102.23999786376953,94.02464294433594
2015-09-28,99.47000122070312,92.32786560058594
2015-09-29,98.3499984741211,93.19969177246094
2015-09-30,103.26000213623047,95.80575561523438
2015-10-01,105.9800033569336,96.24634552001953
2015-10-02,106.11000061035156,96.55570983886719
2015-10-05,111.25,97.35252380371094
2015-10-06,108.33000183105469,97.27752685546875
2015-10-07,108.0999984741211,96.92129516601562
2015-10-08,114.93000030517578,98.0649642944336
2015-10-09,113.33000183105469,98.95552825927734
2015-10-12,113.44999694824219,99.69611358642578
2015-10-13,109.7300033569336,99.92108917236328
2015-10-14,110.2300033569336,99.11489868164062
2015-10-15,101.08999633789062,101.13975524902344
2015-10-16,98.98999786376953,101.46784973144531
2015-10-19,101.69000244140625,102.62090301513672
2015-10-20,98.98999786376953,102.9677505493164
2015-10-21,97.95999908447266,103.20211029052734
2015-10-22,97.31999969482422,106.16439056396484
2015-10-23,100.04000091552734,106.01441955566406
2015-10-26,103.04000091552734,106.41751098632812
2015-10-27,103.06999969482422,106.65184783935547
2015-10-28,105.80000305175781,107.18620300292969
2015-10-29,105.12000274658203,107.8424072265625
2015-10-30,108.37999725341797,106.62374877929688
2015-11-02,107.63999938964844,107.8424072265625
2015-11-03,109.73999786376953,108.31112670898438
2015-11-04,114.05000305175781,106.16439056396484
2015-11-05,113.5,105.93004608154297
2015-11-06,114.05999755859375,108.4329833984375
2015-11-09,109.86000061035156,109.13606262207031
2015-11-10,112.69999694824219,110.07350158691406
2015-11-11,112.86000061035156,109.22981262207031
2015-11-12,108.91999816894531,108.93920135498047
2015-11-13,103.6500015258789,107.65491485595703
2015-11-16,111.3499984741211,108.66734313964844
2015-11-17,117.0999984741211,108.86421203613281
2015-11-18,120.62999725341797,110.74845123291016
2015-11-19,120.22000122070312,111.28279113769531
2015-11-20,123.83999633789062,112.55770111083984
2015-11-23,125.02999877929688,111.9483642578125
2015-11-24,123.30999755859375,110.5703353881836
2015-11-25,124.16000366210938,111.24530029296875
2015-11-27,125.44000244140625,107.92676544189453
2015-11-30,123.33000183105469,106.37065124511719
2015-12-01,125.37000274658203,108.17050170898438
2015-12-02,128.92999267578125,106.86747741699219
2015-12-03,126.80999755859375,104.88948822021484
2015-12-04,130.92999267578125,107.09245300292969
2015-12-07,125.36000061035156,106.70809936523438
2015-12-08,126.9800033569336,105.44256591796875
2015-12-09,124.19999694824219,104.49577331542969
2015-12-10,122.91000366210938,104.49577331542969
2015-12-11,118.91000366210938,101.92961120605469
2015-12-14,120.66999816894531,103.16551208496094
2015-12-15,118.5999984741211,105.81658935546875
2015-12-16,122.63999938964844,107.35440063476562
2015-12-17,122.51000213623047,105.6750717163086
2015-12-18,118.0199966430664,101.6277084350586
2015-12-21,116.62999725341797,100.56159973144531
2015-12-22,116.23999786376953,100.703125
2015-12-23,118.16000366210938,99.58985900878906
2015-12-24,117.33000183105469,99.8729019165039
2015-12-28,117.11000061035156,101.18427276611328
2015-12-29,119.12000274658203,101.02389526367188
2015-12-30,116.70999908447266,100.32574462890625
2015-12-31,114.37999725341797,99.13700866699219
2016-01-04,109.95999908447266,97.1557846069336
2016-01-05,107.66000366210938,95.19342803955078
2016-01-06,117.68000030517578,94.68395233154297
2016-01-07,114.55999755859375,93.87260437011719
2016-01-08,111.38999938964844,93.6367416381836
2016-01-11,114.97000122070312,94.26883697509766
2016-01-12,116.58000183105469,95.72174835205078
2016-01-13,106.55999755859375,92.91028594970703
2016-01-14,107.05999755859375,93.50465393066406
2016-01-15,104.04000091552734,88.58932495117188
2016-01-19,107.88999938964844,88.65536499023438
2016-01-20,107.73999786376953,87.30622863769531
2016-01-21,102.3499984741211,88.7025146484375
2016-01-22,100.72000122070312,91.41963958740234
2016-01-25,99.12000274658203,89.90070343017578
2016-01-26,97.83000183105469,90.82527160644531
2016-01-27,91.1500015258789,88.98556518554688
2016-01-28,94.41000366210938,88.24024200439453
2016-01-29,91.83999633789062,90.4007339477539
2016-02-01,94.08999633789062,89.76861572265625
2016-02-02,91.48999786376953,87.85343170166016
2016-02-03,90.73999786376953,89.75918579101562
2016-02-04,89.70999908447266,90.03278350830078
2016-02-05,82.79000091552734,88.58932495117188
2016-02-08,83.31999969482422,86.90999603271484
2016-02-09,86.12999725341797,87.09867858886719
2016-02-10,88.44999694824219,83.8249282836914
2016-02-11,86.3499984741211,85.20234680175781
2016-02-12,87.4000015258789,85.99484252929688
2016-02-16,89.05000305175781,87.65531158447266
2016-02-17,94.76000213623047,90.09882354736328
2016-02-18,90.48999786376953,89.7874755859375
2016-02-19,89.2300033569336,89.63653564453125
2016-02-22,91.93000030517578,90.91961669921875
2016-02-23,89.12000274658203,89.98560333251953
2016-02-24,91.61000061035156,90.03278350830078
2016-02-25,94.52999877929688,90.24034118652344
2016-02-26,94.79000091552734,89.91957092285156
2016-02-29,93.41000366210938,90.11769104003906
2016-03-01,98.30000305175781,92.12722778320312
2016-03-02,97.61000061035156,91.51399993896484
2016-03-03,97.93000030517578,93.2310562133789
2016-03-04,101.58000183105469,92.91028594970703
2016-03-07,95.48999786376953,93.7688217163086
2016-03-08,96.2300033569336,92.28761291503906
2016-03-09,98.0,92.13666534423828
2016-03-10,97.36000061035156,91.55171966552734
2016-03-11,97.66000366210938,92.40084075927734
2016-03-14,98.12999725341797,93.22161865234375
2016-03-15,97.86000061035156,92.68385314941406
2016-03-16,99.3499984741211,92.87255096435547
2016-03-17,99.72000122070312,93.96693420410156
2016-03-18,101.12000274658203,93.58955383300781
2016-03-21,101.05999755859375,92.89141082763672
2016-03-22,99.83999633789062,92.06118774414062
2016-03-23,99.58999633789062,91.3536148071289
2016-03-24,98.36000061035156,91.72154998779297
2016-03-28,101.20999908447266,92.54232788085938
2016-03-29,104.12999725341797,92.60838317871094
2016-03-30,102.19000244140625,93.31597137451172
2016-03-31,102.2300033569336,93.69335174560547
2016-04-01,105.69999694824219,93.4669189453125
2016-04-04,104.3499984741211,93.09896850585938
2016-04-05,104.94000244140625,91.51399993896484
2016-04-06,104.83000183105469,91.96684265136719
2016-04-07,104.44999694824219,90.72150421142578
2016-04-08,103.80999755859375,90.966796875
2016-04-11,102.68000030517578,90.82527160644531
2016-04-12,106.9800033569336,91.84420776367188
2016-04-13,109.6500015258789,93.8537368774414
2016-04-14,110.41999816894531,93.05178833007812
2016-04-15,111.51000213623047,93.0140609741211
2016-04-18,108.4000015258789,95.74061584472656
2016-04-19,94.33999633789062,96.83499908447266
2016-04-20,96.7699966430664,97.42937469482422
2016-04-21,94.9800033569336,97.08973693847656
2016-04-22,95.9000015258789,97.9011001586914
2016-04-25,93.55999755859375,98.65585327148438
2016-04-26,92.43000030517578,98.957763671875
2016-04-27,91.04000091552734,99.32569122314453
2016-04-28,90.27999877929688,98.14639282226562
2016-04-29,90.02999877929688,97.4199447631836
2016-05-02,93.11000061035156,98.4577407836914
2016-05-03,91.54000091552734,97.91053009033203
2016-05-04,90.79000091552734,97.80674743652344
2016-05-05,89.37000274658203,98.99549865722656
2016-05-06,90.83999633789062,99.57099151611328
2016-05-09,90.54000091552734,99.3823013305664
2016-05-10,92.88999938964844,100.571044921875
2016-05-11,90.0199966430664,96.50480651855469
2016-05-12,87.73999786376953,95.95759582519531
2016-05-13,87.87999725341797,94.83489990234375
2016-05-16,89.12000274658203,94.68395233154297
2016-05-17,88.62999725341797,94.2877197265625
2016-05-18,90.5,93.40087127685547
2016-05-19,89.55000305175781,92.84425354003906
2016-05-20,92.48999786376953,94.13675689697266
2016-05-23,94.88999938964844,93.57068634033203
2016-05-24,97.88999938964844,93.88204193115234
2016-05-25,100.19999694824219,94.21224212646484
2016-05-26,102.80999755859375,94.16505432128906
2016-05-27,103.30000305175781,94.61791229248047
2016-05-31,102.56999969482422,93.60843658447266
2016-06-01,101.51000213623047,92.9480209350586
2016-06-02,101.25,93.13671112060547
2016-06-03,99.58999633789062,93.1650161743164
2016-06-06,100.73999786376953,93.19332122802734
2016-06-07,99.88999938964844,92.78764343261719
2016-06-08,97.86000061035156,92.49516296386719
2016-06-09,97.08999633789062,92.30647277832031
2016-06-10,93.75,91.83477020263672
2016-06-13,93.8499984741211,92.05174255371094
2016-06-14,94.12000274658203,92.8348159790039
2016-06-15,94.29000091552734,92.712158203125
2016-06-16,95.44000244140625,92.8159408569336
2016-06-17,94.44999694824219,93.40087127685547
2016-06-20,93.80000305175781,93.93862915039062
2016-06-21,90.98999786376953,93.2310562133789
2016-06-22,90.01000213623047,93.2027587890625
2016-06-23,91.66000366210938,93.41973876953125
2016-06-24,88.44000244140625,90.30638122558594
2016-06-27,85.33000183105469,89.04216766357422
2016-06-28,87.97000122070312,90.61771392822266
2016-06-29,91.05999755859375,91.49513244628906
2016-06-30,91.4800033569336,92.28761291503906
2016-07-01,96.66999816894531,92.48572540283203
2016-07-05,97.91000366210938,92.13666534423828
2016-07-06,94.5999984741211,92.88197326660156
2016-07-07,95.0999984741211,93.51869201660156
2016-07-08,97.05999755859375,94.66854095458984
2016-07-11,94.66999816894531,95.01065063476562
2016-07-12,95.97000122070312,95.21971130371094
2016-07-13,96.43000030517578,94.91561126708984
2016-07-14,98.0199966430664,95.00114440917969
2016-07-15,98.38999938964844,94.83959197998047
2016-07-18,98.80999755859375,95.17220306396484
2016-07-19,85.83999633789062,94.5260009765625
2016-07-20,87.91000366210938,93.33811950683594
2016-07-21,85.98999786376953,93.13856506347656
2016-07-22,85.88999938964844,92.85347747802734
2016-07-25,87.66000366210938,92.54937744140625
2016-07-26,91.41000366210938,91.88416290283203
2016-07-27,92.04000091552734,91.54207611083984
2016-07-28,91.6500015258789,91.1429443359375
2016-07-29,91.25,91.18094635009766
2016-08-01,94.37000274658203,90.79134368896484
2016-08-02,93.55999755859375,90.28767395019531
2016-08-03,93.0999984741211,91.3139877319336
2016-08-04,93.44000244140625,90.43022155761719
2016-08-05,97.02999877929688,91.0669174194336
2016-08-08,95.11000061035156,90.99089050292969
2016-08-09,93.98999786376953,91.86515808105469
2016-08-10,93.93000030517578,92.99600982666016
2016-08-11,95.88999938964844,92.91048431396484
2016-08-12,96.58999633789062,92.0267105102539
2016-08-15,95.30999755859375,92.27379608154297
2016-08-16,95.12000274658203,92.06472778320312
2016-08-17,96.37000274658203,92.05523681640625
2016-08-18,96.16000366210938,91.8461685180664
2016-08-19,95.87000274658203,91.59908294677734
2016-08-22,95.26000213623047,91.10492706298828
2016-08-23,95.94000244140625,91.19995880126953
2016-08-24,95.18000030517578,91.05741119384766
2016-08-25,97.31999969482422,90.80084228515625
2016-08-26,97.58000183105469,90.47773742675781
2016-08-29,97.30000305175781,90.15462493896484
2016-08-30,97.44999694824219,90.1451187133789
2016-08-31,97.44999694824219,89.7650146484375
2016-09-01,97.37999725341797,89.57494354248047
2016-09-02,97.37999725341797,89.72698974609375
2016-09-06,100.08999633789062,89.1378173828125
2016-09-07,99.1500015258789,89.05229187011719
2016-09-08,99.66000366210938,89.41339111328125
2016-09-09,96.5,87.82640838623047
2016-09-12,99.05000305175781,88.98577880859375
2016-09-13,96.08999633789062,88.09247589111328
2016-09-14,97.01000213623047,87.67434692382812
2016-09-15,97.33999633789062,87.90242004394531
2016-09-16,99.4800033569336,87.95945739746094
2016-09-19,98.05999755859375,88.02597045898438
2016-09-20,98.25,88.33006286621094
2016-09-21,94.87999725341797,87.79789733886719
2016-09-22,95.83000183105469,88.76720428466797
2016-09-23,95.94000244140625,88.63414764404297
2016-09-26,94.55999755859375,87.38927459716797
2016-09-27,97.06999969482422,87.16119384765625
2016-09-28,97.4800033569336,87.6173324584961
2016-09-29,96.66999816894531,87.23722839355469
2016-09-30,98.55000305175781,88.24453735351562
2016-10-03,102.62999725341797,87.8929214477539
2016-10-04,102.33999633789062,87.98795318603516
2016-10-05,106.27999877929688,87.85491180419922
2016-10-06,105.06999969482422,88.21602630615234
2016-10-07,104.81999969482422,87.8929214477539
2016-10-10,103.33000183105469,87.8929214477539
2016-10-11,100.58999633789062,87.29424285888672
2016-10-12,99.5,86.86661529541016
2016-10-13,100.2300033569336,86.59102630615234
2016-10-14,101.47000122070312,86.76206970214844
2016-10-17,99.80000305175781,86.31543731689453
2016-10-18,118.79000091552734,86.6385269165039
2016-10-19,121.87000274658203,87.36076354980469
2016-10-20,123.3499984741211,87.45579528808594
2016-10-21,127.5,88.40608215332031
2016-10-24,127.33000183105469,88.72918701171875
2016-10-25,126.51000213623047,88.14000701904297
2016-10-26,126.97000122070312,88.84322357177734
2016-10-27,126.47000122070312,89.34687805175781
2016-10-28,126.56999969482422,89.1853256225586
2016-10-31,124.87000274658203,88.08297729492188
2016-11-01,123.30000305175781,87.79789733886719
2016-11-02,122.33999633789062,87.34175872802734
2016-11-03,122.13999938964844,88.72918701171875
2016-11-04,122.02999877929688,87.85491180419922
2016-11-07,124.58000183105469,89.73650360107422
2016-11-08,124.33999633789062,89.6889877319336
2016-11-09,122.19000244140625,89.9360580444336
2016-11-10,115.41999816894531,90.24016571044922
2016-11-11,114.77999877929688,92.82495880126953
2016-11-14,113.37999725341797,93.05303955078125
2016-11-15,113.58999633789062,92.84396362304688
2016-11-16,115.19000244140625,94.19340515136719
2016-11-17,115.02999877929688,94.43096923828125
2016-11-18,115.20999908447266,93.35713195800781
2016-11-21,117.95999908447266,92.77745819091797
2016-11-22,118.04000091552734,92.85347747802734
2016-11-23,117.69000244140625,93.37614440917969
2016-11-25,117.41000366210938,93.90830993652344
2016-11-28,116.93000030517578,94.05084991455078
2016-11-29,117.51000213623047,94.71605682373047
2016-11-30,117.0,94.19340515136719
2016-12-01,117.22000122070312,94.02234649658203
2016-12-02,120.80999755859375,93.60421752929688
2016-12-05,119.16000366210938,94.99163818359375
2016-12-06,124.56999969482422,95.65684509277344
2016-12-07,125.38999938964844,96.92074584960938
2016-12-08,123.23999786376953,98.998779296875
2016-12-09,122.87999725341797,100.41605377197266
2016-12-12,122.83000183105469,99.64996337890625
2016-12-13,123.77999877929688,99.44886016845703
2016-12-14,123.44000244140625,99.64038848876953
2016-12-15,125.0,99.96597290039062
2016-12-16,124.22000122070312,99.50633239746094
2016-12-19,125.44999694824219,100.83740997314453
2016-12-20,125.12000274658203,100.99063110351562
2016-12-21,126.5,101.08638763427734
2016-12-22,125.58000183105469,100.95232391357422
2016-12-23,125.58999633789062,100.69377136230469
2016-12-27,128.35000610351562,100.7129135131836
2016-12-28,125.88999938964844,99.87979125976562
2016-12-29,125.33000183105469,100.1287612915039
2016-12-30,123.80000305175781,99.80319213867188
2017-01-03,127.48999786376953,101.58435821533203
2017-01-04,129.41000366210938,102.88671875
2017-01-05,131.80999755859375,102.82926177978516
2017-01-06,131.07000732421875,104.36145782470703
2017-01-09,130.9499969482422,103.76773071289062
2017-01-10,129.88999938964844,103.78688049316406
2017-01-11,130.5,104.80196380615234
2017-01-12,129.17999267578125,102.972900390625
2017-01-13,133.6999969482422,103.48043823242188
2017-01-17,132.88999938964844,103.39425659179688
2017-01-18,133.25999450683594,103.57621002197266
2017-01-19,138.41000366210938,102.7334976196289
2017-01-20,138.60000610351562,103.09739685058594
2017-01-23,137.38999938964844,102.58026885986328
2017-01-24,140.11000061035156,103.32722473144531
2017-01-25,139.52000427246094,103.46129608154297
2017-01-26,138.9600067138672,103.48043823242188
2017-01-27,142.4499969482422,104.66788482666016
2017-01-30,141.22000122070312,106.23838806152344
2017-01-31,140.7100067138672,105.96067810058594
2017-02-01,140.77999877929688,106.58313751220703
2017-02-02,139.1999969482422,105.9223861694336
2017-02-03,140.25,105.62551879882812
2017-02-06,140.97000122070312,104.92645263671875
2017-02-07,144.0,104.38059997558594
2017-02-08,144.74000549316406,104.38059997558594
2017-02-09,144.13999938964844,104.84983825683594
2017-02-10,144.82000732421875,104.62960052490234
2017-02-13,143.1999969482422,105.00306701660156
2017-02-14,140.82000732421875,105.65424346923828
2017-02-15,142.27000427246094,105.51060485839844
2017-02-16,142.00999450683594,106.01814270019531
2017-02-17,142.22000122070312,105.39567565917969
2017-02-21,142.60000610351562,105.34780883789062
2017-02-22,143.86000061035156,105.45314025878906
2017-02-23,142.77999877929688,105.07967376708984
2017-02-24,143.25,105.64466857910156
2017-02-27,143.41000366210938,105.5584716796875
2017-02-28,142.1300048828125,105.42440795898438
2017-03-01,142.64999389648438,106.33415222167969
2017-03-02,139.52999877929688,105.9032211303711
2017-03-03,139.13999938964844,106.52566528320312
2017-03-06,141.94000244140625,105.9798355102539
2017-03-07,141.42999267578125,106.16177368164062
2017-03-08,140.32000732421875,106.14262390136719
2017-03-09,140.52999877929688,106.32457733154297
2017-03-10,140.88999938964844,106.21923828125
2017-03-13,143.52000427246094,106.79380798339844
2017-03-14,143.19000244140625,107.55032348632812
2017-03-15,145.25,107.12897491455078
2017-03-16,144.38999938964844,106.97575378417969
2017-03-17,145.11000061035156,107.02363586425781
2017-03-20,145.8300018310547,107.9333724975586
2017-03-21,142.4199981689453,107.0140609741211
2017-03-22,142.64999389648438,107.330078125
2017-03-23,141.83999633789062,107.4832992553711
2017-03-24,142.02000427246094,107.38753509521484
2017-03-27,144.05999755859375,107.61735534667969
2017-03-28,145.1699981689453,108.25897216796875
2017-03-29,146.47000122070312,107.7610092163086
2017-03-30,148.05999755859375,108.38345336914062
2017-03-31,147.80999755859375,108.58456420898438
2017-04-03,146.9199981689453,108.40260314941406
2017-04-04,145.5,108.2493896484375
2017-04-05,143.6199951171875,108.21109008789062
2017-04-06,143.74000549316406,108.25897216796875
2017-04-07,143.11000061035156,107.80888366699219
2017-04-10,143.85000610351562,107.66524505615234
2017-04-11,144.35000610351562,108.27812194824219
2017-04-12,143.8300018310547,108.2493896484375
2017-04-13,142.9199981689453,108.40260314941406
2017-04-17,147.25,108.9580307006836
2017-04-18,143.36000061035156,109.35066223144531
2017-04-19,139.75999450683594,108.91015625
2017-04-20,141.17999267578125,109.92523193359375
2017-04-21,142.8699951171875,109.59005737304688
2017-04-24,143.8300018310547,108.88142395019531
2017-04-25,152.16000366210938,110.2987060546875
2017-04-26,150.1699981689453,110.68174743652344
2017-04-27,153.0800018310547,110.93072509765625
2017-04-28,152.1999969482422,110.70089721679688
2017-05-01,155.35000610351562,109.8677749633789
2017-05-02,156.4499969482422,109.52302551269531
2017-05-03,155.58999633789062,106.88957977294922
2017-05-04,157.25,106.4586410522461
2017-05-05,156.60000610351562,107.2438735961914
2017-05-08,156.3800048828125,106.69804382324219
2017-05-09,157.4600067138672,107.32050323486328
2017-05-10,160.27999877929688,105.01264190673828
2017-05-11,158.5399932861328,104.93603515625
2017-05-12,160.80999755859375,105.04136657714844
2017-05-15,160.02000427246094,104.50509643554688
2017-05-16,159.41000366210938,103.4038314819336
2017-05-17,153.1999969482422,101.80460357666016
2017-05-18,155.6999969482422,102.15892791748047
2017-05-19,157.02000427246094,102.96332550048828
2017-05-22,157.16000366210938,103.06867218017578
2017-05-23,157.9499969482422,102.48451232910156
2017-05-24,157.75,103.14527130126953
2017-05-25,163.0500030517578,102.72392272949219
2017-05-26,162.42999267578125,103.81560516357422
2017-05-30,163.22000122070312,103.74857330322266
2017-05-31,163.07000732421875,103.36553192138672
2017-06-01,162.99000549316406,103.62408447265625
2017-06-02,165.17999267578125,102.63773345947266
2017-06-05,165.05999755859375,102.00570678710938
2017-06-06,165.1699981689453,101.02893829345703
2017-06-07,165.61000061035156,101.4311294555664
2017-06-08,165.8800048828125,99.8989486694336
2017-06-09,158.02999877929688,101.14384460449219
2017-06-12,151.44000244140625,102.50366973876953
2017-06-13,152.72000122070312,102.04402160644531
2017-06-14,152.1999969482422,101.64181518554688
2017-06-15,151.75999450683594,101.48860168457031
2017-06-16,152.3800048828125,101.03852081298828
2017-06-19,153.39999389648438,100.90444946289062
2017-06-20,152.0500030517578,99.53504943847656
2017-06-21,155.02999877929688,100.35859680175781
2017-06-22,154.88999938964844,99.80319213867188
2017-06-23,158.02000427246094,99.93724822998047
2017-06-26,157.5,101.09597778320312
2017-06-27,151.02999877929688,100.94275665283203
2017-06-28,153.41000366210938,102.33130645751953
2017-06-29,150.08999633789062,101.23003387451172
2017-06-30,149.41000366210938,101.74715423583984
2017-07-03,146.1699981689453,102.90587615966797
2017-07-05,147.61000061035156,101.1534194946289
2017-07-06,146.25,99.70630645751953
2017-07-07,150.17999267578125,99.67736053466797
2017-07-10,152.6699981689453,99.93785095214844
2017-07-11,154.3300018310547,100.17902374267578
2017-07-12,158.75,100.69999694824219
2017-07-13,158.2100067138672,100.61317443847656
2017-07-14,161.1199951171875,101.38496398925781
2017-07-17,161.6999969482422,101.09553527832031
2017-07-18,183.60000610351562,102.02169036865234
2017-07-19,183.86000061035156,103.05396270751953
2017-07-20,183.60000610351562,103.57494354248047
2017-07-21,188.5399932861328,103.31444549560547
2017-07-24,187.91000366210938,103.22763061523438
2017-07-25,186.97000122070312,102.6680679321289
2017-07-26,189.0800018310547,103.16973876953125
2017-07-27,182.67999267578125,106.12185668945312
2017-07-28,184.0399932861328,106.08326721191406
2017-07-31,181.66000366210938,106.0543212890625
2017-08-01,182.02999877929688,106.71035766601562
2017-08-02,180.74000549316406,104.8387451171875
2017-08-03,179.22999572753906,105.27288818359375
2017-08-04,180.27000427246094,103.89330291748047
2017-08-07,181.3300018310547,102.60053253173828
2017-08-08,178.36000061035156,103.20832824707031
2017-08-09,175.77999877929688,99.20464324951172
2017-08-10,169.13999938964844,97.77681732177734
2017-08-11,171.39999389648438,98.39425659179688
2017-08-14,171.0,97.82505798339844
2017-08-15,168.5,97.9311752319336
2017-08-16,169.97999572753906,98.59684753417969
2017-08-17,166.08999633789062,97.8057632446289
2017-08-18,166.5399932861328,97.14972686767578
2017-08-21,166.75999450683594,97.60315704345703
2017-08-22,169.33999633789062,99.1467514038086
2017-08-23,169.05999755859375,97.9215316772461
2017-08-24,168.1300048828125,97.94082641601562
2017-08-25,165.9499969482422,98.79945373535156
2017-08-28,167.1199951171875,98.94415283203125
2017-08-29,168.80999755859375,98.95380401611328
2017-08-30,174.69000244140625,99.24323272705078
2017-08-31,174.7100067138672,97.63211059570312
2017-09-01,174.74000549316406,97.9215316772461
2017-09-05,174.52000427246094,98.01800537109375
2017-09-06,179.25,97.9215316772461
2017-09-07,179.0,93.63806915283203
2017-09-08,176.4199981689453,93.64771270751953
2017-09-11,181.74000549316406,93.66700744628906
2017-09-12,185.14999389648438,94.43880462646484
2017-09-13,183.63999938964844,95.33601379394531
2017-09-14,182.6300048828125,94.44845581054688
2017-09-15,182.35000610351562,95.04659271240234
2017-09-18,184.6199951171875,94.64139556884766
2017-09-19,185.67999267578125,94.95976257324219
2017-09-20,185.50999450683594,95.71226501464844
2017-09-21,188.77999877929688,95.40354919433594
2017-09-22,187.35000610351562,95.12377166748047
2017-09-25,178.5500030517578,96.05957794189453
2017-09-26,179.3800048828125,95.1527099609375
2017-09-27,181.97000122070312,95.7412109375
2017-09-28,180.6999969482422,94.5931625366211
2017-09-29,181.35000610351562,95.09483337402344
2017-10-02,177.00999450683594,96.33935546875
2017-10-03,179.19000244140625,97.23656463623047
2017-10-04,184.4499969482422,97.0050277709961
2017-10-05,194.38999938964844,96.58053588867188
2017-10-06,198.02000427246094,96.54193878173828
2017-10-09,196.8699951171875,96.05957794189453
2017-10-10,195.0800018310547,96.06922912597656
2017-10-11,194.9499969482422,95.0755386352539
2017-10-12,195.86000061035156,93.51264953613281
2017-10-13,199.49000549316406,93.94678497314453
2017-10-16,202.67999267578125,94.67033386230469
2017-10-17,199.47999572753906,94.89224243164062
2017-10-18,195.5399932861328,94.78611755371094
2017-10-19,195.1300048828125,95.51933288574219
2017-10-20,194.16000366210938,95.89557647705078
2017-10-23,192.47000122070312,95.22024536132812
2017-10-24,196.02000427246094,94.82469940185547
2017-10-25,193.77000427246094,94.35197448730469
2017-10-26,195.2100067138672,95.0851821899414
2017-10-27,199.5399932861328,94.84400177001953
2017-10-30,198.3699951171875,94.58351135253906
2017-10-31,196.42999267578125,94.36162567138672
2017-11-01,198.0,95.53860473632812
2017-11-02,199.32000732421875,94.8825912475586
2017-11-03,200.00999450683594,95.16236877441406
2017-11-06,200.1300048828125,97.09185028076172
2017-11-07,195.88999938964844,98.02765655517578
2017-11-08,196.44000244140625,97.61280822753906
2017-11-09,193.89999389648438,99.05992126464844
2017-11-10,192.02000427246094,101.08589172363281
2017-11-13,195.0800018310547,101.04730224609375
2017-11-14,195.7100067138672,99.53265380859375
2017-11-15,192.1199951171875,100.03431701660156
2017-11-16,195.50999450683594,99.94749450683594
2017-11-17,193.1999969482422,99.79312896728516
2017-11-20,194.10000610351562,99.12745666503906
2017-11-21,196.22999572753906,99.36864471435547
2017-11-22,196.32000732421875,99.11781311035156
2017-11-24,195.75,99.02133178710938
2017-11-27,195.0500030517578,99.16604614257812
2017-11-28,199.17999267578125,99.76419830322266
2017-11-29,188.14999389648438,101.52967071533203
2017-11-30,187.5800018310547,101.12447357177734
2017-12-01,186.82000732421875,101.53932189941406
2017-12-04,184.0399932861328,106.33409118652344
2017-12-05,184.2100067138672,103.43985748291016
2017-12-06,185.3000030517578,101.74191284179688
2017-12-07,185.1999969482422,101.5489730834961
2017-12-08,188.5399932861328,101.36419677734375
2017-12-11,186.22000122070312,103.89270782470703
2017-12-12,185.72999572753906,104.47620391845703
2017-12-13,187.86000061035156,104.65126037597656
2017-12-14,189.55999755859375,107.52987670898438
2017-12-15,190.1199951171875,108.21062469482422
2017-12-18,190.4199981689453,107.97722625732422
2017-12-19,187.02000427246094,108.73577880859375
2017-12-20,188.82000732421875,106.674072265625
2017-12-21,188.6199951171875,106.55736541748047
2017-12-22,189.94000244140625,105.68211364746094
2017-12-26,187.75999450683594,105.1472396850586
2017-12-27,186.24000549316406,104.68043518066406
2017-12-28,192.7100067138672,104.8068618774414
2017-12-29,191.9600067138672,104.55400848388672
2018-01-02,201.07000732421875,108.72606658935547
2018-01-03,205.0500030517578,109.19285583496094
2018-01-04,205.6300048828125,109.14424133300781
2018-01-05,209.99000549316406,108.5510025024414
2018-01-08,212.0500030517578,106.9949951171875
2018-01-09,209.30999755859375,106.91719055175781
2018-01-10,212.52000427246094,106.46011352539062
2018-01-11,217.24000549316406,107.93832397460938
2018-01-12,221.22999572753906,109.37763214111328
2018-01-16,221.52999877929688,107.64657592773438
2018-01-17,217.5,108.8913803100586
2018-01-18,220.3300018310547,107.38400268554688
2018-01-19,220.4600067138672,107.54931640625
2018-01-22,227.5800018310547,108.04529571533203
2018-01-23,250.2899932861328,107.37428283691406
2018-01-24,261.29998779296875,107.4617919921875
2018-01-25,269.70001220703125,107.51042175292969
2018-01-26,274.6000061035156,109.10533142089844
2018-01-29,284.5899963378906,108.47320556640625
2018-01-30,278.79998779296875,107.08251953125
2018-01-31,270.29998779296875,105.68211364746094
2018-02-01,265.07000732421875,107.45207214355469
2018-02-02,267.42999267578125,105.71128845214844
2018-02-05,254.25999450683594,101.82125854492188
2018-02-06,265.7200012207031,103.2508544921875
2018-02-07,264.55999755859375,101.87962341308594
2018-02-08,250.10000610351562,98.5633773803711
2018-02-09,249.47000122070312,100.25553131103516
2018-02-12,257.95001220703125,100.54728698730469
2018-02-13,258.2699890136719,101.25721740722656
2018-02-14,266.0,101.72401428222656
2018-02-15,280.2699890136719,102.28807067871094
2018-02-16,278.5199890136719,103.6009521484375
2018-02-20,278.54998779296875,103.06607818603516
2018-02-21,281.0400085449219,102.16165161132812
2018-02-22,278.1400146484375,102.34642028808594
2018-02-23,285.92999267578125,104.30115509033203
2018-02-26,294.1600036621094,106.790771484375
2018-02-27,290.6099853515625,101.9865951538086
2018-02-28,291.3800048828125,100.32361602783203
2018-03-01,290.3900146484375,99.74983215332031
2018-03-02,301.04998779296875,100.15828704833984
2018-03-05,315.0,100.56674194335938
2018-03-06,325.2200012207031,102.05467987060547
2018-03-07,321.1600036621094,100.74179077148438
2018-03-08,317.0,101.16968536376953
2018-03-09,331.44000244140625,101.85044860839844
2018-03-12,321.29998779296875,102.2783432006836
2018-03-13,315.8800048828125,100.87793731689453
2018-03-14,321.54998779296875,101.04326629638672
2018-03-15,321.0899963378906,100.40140533447266
2018-03-16,318.45001220703125,100.04158782958984
2018-03-19,313.4800109863281,98.68980407714844
2018-03-20,317.5,98.5633773803711
2018-03-21,316.4800109863281,99.02045440673828
2018-03-22,306.70001220703125,97.83399963378906
2018-03-23,300.94000244140625,95.83064270019531
2018-03-26,320.3500061035156,97.88262176513672
2018-03-27,300.69000244140625,96.62808990478516
2018-03-28,285.7699890136719,95.83064270019531
2018-03-29,295.3500061035156,97.67839813232422
2018-04-02,280.2900085449219,95.94734191894531
2018-04-03,283.6700134277344,96.68643951416016
2018-04-04,288.94000244140625,98.17437744140625
2018-04-05,293.9700012207031,99.30248260498047
2018-04-06,288.8500061035156,97.59087371826172
2018-04-09,289.92999267578125,96.95874786376953
2018-04-10,298.07000732421875,98.58283233642578
2018-04-11,303.6700134277344,98.02850341796875
2018-04-12,309.25,97.62976837158203
2018-04-13,311.6499938964844,97.59087371826172
2018-04-16,307.7799987792969,97.48389434814453
2018-04-17,336.05999755859375,99.36082458496094
2018-04-18,334.5199890136719,98.4272232055664
2018-04-19,332.70001220703125,98.11602020263672
2018-04-20,327.7699890136719,97.48389434814453
2018-04-23,318.69000244140625,97.39636993408203
2018-04-24,307.0199890136719,96.725341796875
2018-04-25,305.760009765625,98.3688735961914
2018-04-26,313.9800109863281,97.09489440917969
2018-04-27,311.760009765625,96.50166320800781
2018-04-30,312.4599914550781,97.57142639160156
2018-05-01,313.29998779296875,97.30884552001953
2018-05-02,313.3599853515625,96.88094329833984
2018-05-03,311.69000244140625,96.04459381103516
2018-05-04,320.0899963378906,98.3688735961914
2018-05-07,326.260009765625,99.66230773925781
2018-05-08,326.8900146484375,98.99127960205078
2018-05-09,330.29998779296875,97.22132110595703
2018-05-10,329.6000061035156,98.88430786132812
2018-05-11,326.4599914550781,99.26358032226562
2018-05-14,328.5299987792969,99.6234130859375
2018-05-15,326.1300048828125,100.09020233154297
2018-05-16,328.19000244140625,102.15192413330078
2018-05-17,325.2200012207031,101.4711685180664
2018-05-18,324.17999267578125,101.07244110107422
2018-05-21,331.82000732421875,101.19886016845703
2018-05-22,331.6199951171875,101.20858764648438
2018-05-23,344.7200012207031,100.06104278564453
2018-05-24,349.2900085449219,99.30248260498047
2018-05-25,351.2900085449219,99.38999938964844
2018-05-29,349.7300109863281,96.94902038574219
2018-05-30,353.5400085449219,97.23104858398438
2018-05-31,351.6000061035156,96.73506927490234
2018-06-01,359.92999267578125,96.62808990478516
2018-06-04,361.80999755859375,97.48389434814453
2018-06-05,365.79998779296875,97.19214630126953
2018-06-06,367.45001220703125,99.10797882080078
2018-06-07,361.3999938964844,99.65258026123047
2018-06-08,360.57000732421875,101.1210708618164
2018-06-11,361.45001220703125,101.48089599609375
2018-06-12,363.8299865722656,101.4614486694336
2018-06-13,379.92999267578125,103.38700103759766
2018-06-14,392.8699951171875,105.75991821289062
2018-06-15,391.9800109863281,105.85717010498047
2018-06-18,390.3999938964844,104.11637878417969
2018-06-19,404.9800109863281,103.18277740478516
2018-06-20,416.760009765625,104.20390319824219
2018-06-21,415.44000244140625,102.97854614257812
2018-06-22,411.0899963378906,103.41616821289062
2018-06-25,384.4800109863281,101.57814025878906
2018-06-26,399.3900146484375,101.39336395263672
2018-06-27,390.3900146484375,101.10161590576172
2018-06-28,395.4200134277344,101.88935089111328
2018-06-29,391.42999267578125,101.9282455444336
2018-07-02,398.17999267578125,102.43394470214844
2018-07-03,390.5199890136719,101.1794204711914
2018-07-05,398.3900146484375,102.44367218017578
2018-07-06,408.25,102.71817016601562
2018-07-09,418.9700012207031,103.93376159667969
2018-07-10,415.6300048828125,103.94356536865234
2018-07-11,418.6499938964844,105.91401672363281
2018-07-12,413.5,106.11988830566406
2018-07-13,395.79998779296875,107.83544921875
2018-07-16,400.4800109863281,108.03150177001953
2018-07-17,379.4800109863281,108.12954711914062
2018-07-18,375.1300048828125,108.51187133789062
2018-07-19,364.2300109863281,109.92353820800781
2018-07-20,361.04998779296875,109.28633117675781
2018-07-23,362.6600036621094,108.90399169921875
2018-07-24,357.32000732421875,108.52166748046875
2018-07-25,362.8699951171875,108.99222564697266
2018-07-26,363.0899963378906,111.27637481689453
2018-07-27,355.2099914550781,110.40389251708984
2018-07-30,334.9599914550781,110.4136962890625
2018-07-31,337.45001220703125,111.32539367675781
2018-08-01,338.3800048828125,110.74700927734375
2018-08-02,344.5,110.53132629394531
2018-08-03,343.0899963378906,111.84496307373047
2018-08-06,350.9200134277344,113.65856170654297
2018-08-07,351.8299865722656,114.266357421875
2018-08-08,347.6099853515625,111.73712921142578
2018-08-09,349.3599853515625,111.9135971069336
2018-08-10,345.8699951171875,110.46271514892578
2018-08-13,341.30999755859375,109.91373443603516
2018-08-14,337.489990234375,110.53132629394531
2018-08-15,326.3999938964844,110.62936401367188
2018-08-16,322.44000244140625,110.26664733886719
2018-08-17,316.7799987792969,110.26664733886719
2018-08-20,327.7300109863281,109.7862777709961
2018-08-21,338.0199890136719,110.17841339111328
2018-08-22,344.44000244140625,109.73727416992188
2018-08-23,339.1700134277344,109.79608917236328
2018-08-24,358.82000732421875,109.72747802734375
2018-08-27,364.5799865722656,110.11959838867188
2018-08-28,368.489990234375,110.36467742919922
2018-08-29,368.0400085449219,110.23722839355469
2018-08-30,370.9800109863281,109.71766662597656
2018-08-31,367.67999267578125,109.81568908691406
2018-09-04,363.6000061035156,108.66871643066406
2018-09-05,341.17999267578125,107.7080078125
2018-09-06,346.4599914550781,108.09033203125
2018-09-07,348.67999267578125,108.78636169433594
2018-09-10,348.4100036621094,108.50206756591797
2018-09-11,355.92999267578125,107.44331359863281
2018-09-12,369.95001220703125,107.30606842041016
2018-09-13,368.1499938964844,108.49226379394531
2018-09-14,364.55999755859375,107.11001586914062
2018-09-17,350.3500061035156,107.20803833007812
2018-09-18,367.6499938964844,107.37469482421875
2018-09-19,366.9599914550781,107.62957763671875
2018-09-20,365.3599853515625,109.42356872558594
2018-09-21,361.19000244140625,108.22757720947266
2018-09-24,369.6099853515625,110.55093383789062
2018-09-25,369.42999267578125,111.39401245117188
2018-09-26,377.8800048828125,112.94292449951172
2018-09-27,380.7099914550781,113.75659942626953
2018-09-28,374.1300048828125,114.63888549804688
2018-10-01,381.42999267578125,113.9526596069336
2018-10-02,377.1400146484375,115.34471130371094
2018-10-03,377.04998779296875,114.6094741821289
2018-10-04,363.6499938964844,113.84481811523438
2018-10-05,351.3500061035156,112.52139282226562
2018-10-08,349.1000061035156,113.73698425292969
2018-10-09,355.7099914550781,114.5898666381836
2018-10-10,325.8900146484375,110.63917541503906
2018-10-11,321.1000061035156,108.96282196044922
2018-10-12,339.55999755859375,110.39408874511719
2018-10-15,333.1300048828125,111.20775604248047
2018-10-16,346.3999938964844,113.90364074707031
2018-10-17,364.70001220703125,114.82514190673828
2018-10-18,346.7099914550781,113.89383697509766
2018-10-19,332.6700134277344,116.56031799316406
2018-10-22,329.5400085449219,115.94271087646484
2018-10-23,333.1600036621094,115.53097534179688
2018-10-24,301.8299865722656,109.41376495361328
2018-10-25,312.8699951171875,111.9135971069336
2018-10-26,299.8299865722656,110.96267700195312
2018-10-29,284.8399963378906,110.81562805175781
2018-10-30,285.80999755859375,112.50178527832031
2018-10-31,301.7799987792969,112.57040405273438
2018-11-01,317.3800048828125,113.8154067993164
2018-11-02,309.1000061035156,112.91352081298828
2018-11-05,315.44000244140625,113.1781997680664
2018-11-06,310.8399963378906,114.41341400146484
2018-11-07,327.5,114.74671936035156
2018-11-08,317.9200134277344,113.7173843383789
2018-11-09,303.4700012207031,115.67802429199219
2018-11-12,294.07000732421875,114.40360260009766
2018-11-13,294.3999938964844,114.55065155029297
2018-11-14,286.7300109863281,114.81534576416016
2018-11-15,290.05999755859375,114.8055419921875
2018-11-16,286.2099914550781,113.90364074707031
2018-11-19,270.6000061035156,113.14878845214844
2018-11-20,266.9800109863281,109.66865539550781
2018-11-21,262.1300048828125,110.80582427978516
2018-11-23,258.82000732421875,109.87451934814453
2018-11-26,261.42999267578125,110.33527374267578
2018-11-27,266.6300048828125,111.65870666503906
2018-11-28,282.6499938964844,113.8154067993164
2018-11-29,288.75,114.31537628173828
2018-11-30,286.1300048828125,113.21741485595703
2018-12-03,290.29998779296875,113.46248626708984
2018-12-04,275.3299865722656,110.64897918701172
2018-12-06,282.8800048828125,112.08024597167969
2018-12-07,265.1400146484375,110.62799835205078
2018-12-10,269.70001220703125,110.50943756103516
2018-12-11,265.32000732421875,110.61811828613281
2018-12-12,274.8800048828125,110.85521697998047
2018-12-13,276.0199890136719,112.02096557617188
2018-12-14,266.8399963378906,110.8453369140625
2018-12-17,262.79998779296875,109.28441619873047
2018-12-18,270.94000244140625,108.12853240966797
2018-12-19,266.7699890136719,107.90132141113281
2018-12-20,260.5799865722656,105.70812225341797
2018-12-21,246.38999938964844,102.9616928100586
2018-12-24,233.8800048828125,99.13841247558594
2018-12-26,253.6699981689453,104.55225372314453
2018-12-27,255.57000732421875,105.2339096069336
2018-12-28,256.0799865722656,106.00450134277344
2018-12-31,267.6600036621094,108.32612609863281
2019-01-02,267.6600036621094,107.65434265136719
2019-01-03,271.20001220703125,105.04621124267578
2019-01-04,297.57000732421875,108.28660583496094
2019-01-07,315.3399963378906,109.22513580322266
2019-01-08,320.2699890136719,110.07475280761719
2019-01-09,319.9599914550781,111.30966186523438
2019-01-10,324.6600036621094,111.43809509277344
2019-01-11,337.5899963378906,111.28990936279297
2019-01-14,332.94000244140625,111.06268310546875
2019-01-15,354.6400146484375,110.41065216064453
2019-01-16,351.3900146484375,109.57091522216797
2019-01-17,353.19000244140625,109.66970825195312
2019-01-18,339.1000061035156,109.69934844970703
2019-01-22,325.1600036621094,109.26465606689453
2019-01-23,321.989990234375,109.77838134765625
2019-01-24,326.6700134277344,109.21526336669922
2019-01-25,338.04998779296875,109.74873352050781
2019-01-28,335.6600036621094,109.47211456298828
2019-01-29,328.8999938964844,109.56103515625
2019-01-30,340.6600036621094,108.80033111572266
2019-01-31,339.5,110.17354583740234
2019-02-01,339.8500061035156,109.95620727539062
2019-02-04,351.3399963378906,110.4501724243164
2019-02-05,355.80999755859375,111.29978942871094
2019-02-06,352.19000244140625,110.06488037109375
2019-02-07,344.7099914550781,109.61042022705078
2019-02-08,347.57000732421875,110.1636734008789
2019-02-11,345.7300109863281,108.11866760253906
2019-02-12,359.9700012207031,107.88155364990234
2019-02-13,351.7699890136719,108.86947631835938
2019-02-14,359.07000732421875,109.32392883300781
2019-02-15,356.8699951171875,111.23062133789062
2019-02-19,361.9200134277344,112.13951873779297
2019-02-20,359.9100036621094,112.30746459960938
2019-02-21,356.9700012207031,112.91010284423828
2019-02-22,363.0199890136719,113.85851287841797
2019-02-25,363.9100036621094,112.21855163574219
2019-02-26,364.9700012207031,112.129638671875
2019-02-27,362.8699951171875,111.4183349609375
2019-02-28,358.1000061035156,111.47760772705078
2019-03-01,357.32000732421875,112.63348388671875
2019-03-04,351.0400085449219,112.94962310791016
2019-03-05,354.29998779296875,112.62360382080078
2019-03-06,359.6099853515625,113.46334075927734
2019-03-07,352.6000061035156,112.63348388671875
2019-03-08,349.6000061035156,112.43589782714844
2019-03-11,358.8599853515625,113.36454772949219
2019-03-12,356.2699890136719,113.34479522705078
2019-03-13,361.2099914550781,112.71250915527344
2019-03-14,358.82000732421875,113.09781646728516
2019-03-15,361.4599914550781,113.57201385498047
2019-03-18,363.44000244140625,111.75423431396484
2019-03-19,358.7799987792969,108.6718978881836
2019-03-20,375.2200012207031,108.66201782226562
2019-03-21,377.8699951171875,107.34808349609375
2019-03-22,361.010009765625,106.92327880859375
2019-03-25,366.2300109863281,106.48858642578125
2019-03-26,359.9700012207031,108.81021118164062
2019-03-27,353.3699951171875,108.94851684570312
2019-03-28,354.6099853515625,109.37332916259766
2019-03-29,356.55999755859375,109.68946075439453
2019-04-01,366.9599914550781,111.15159606933594
2019-04-02,367.7200012207031,110.60823822021484
2019-04-03,369.75,111.16146850585938
2019-04-04,367.8800048828125,113.36454772949219
2019-04-05,365.489990234375,113.61152648925781
2019-04-08,361.4100036621094,113.57201385498047
2019-04-09,364.7099914550781,115.4490737915039
2019-04-10,363.9200134277344,115.7454605102539
2019-04-11,367.6499938964844,115.19221496582031
2019-04-12,351.1400146484375,128.4897003173828
2019-04-15,348.8699951171875,130.44578552246094
2019-04-16,359.4599914550781,128.3316192626953
2019-04-17,354.739990234375,130.1593017578125
2019-04-18,360.3500061035156,130.85084533691406
2019-04-22,377.3399963378906,130.0901336669922
2019-04-23,381.8900146484375,131.74986267089844
2019-04-24,374.2300109863281,133.46885681152344
2019-04-25,368.3299865722656,135.5830078125
2019-04-26,374.8500061035156,138.2306671142578
2019-04-29,371.8299865722656,137.61814880371094
2019-04-30,370.5400085449219,135.31626892089844
2019-05-01,378.80999755859375,134.7333984375
2019-05-02,379.05999755859375,132.52044677734375
2019-05-03,385.0299987792969,132.70814514160156
2019-05-06,378.6700134277344,133.37005615234375
2019-05-07,370.4599914550781,131.82888793945312
2019-05-08,364.3699951171875,133.3601837158203
2019-05-09,362.75,131.97708129882812
2019-05-10,361.0400085449219,132.42164611816406
2019-05-13,345.260009765625,129.75424194335938
2019-05-14,345.6099853515625,131.59178161621094
2019-05-15,354.989990234375,133.0539093017578
2019-05-16,359.30999755859375,133.864013671875
2019-05-17,354.45001220703125,133.40957641601562
2019-05-20,348.1099853515625,132.29322814941406
2019-05-21,354.2699890136719,132.47103881835938
2019-05-22,359.7300109863281,132.23394775390625
2019-05-23,352.2099914550781,131.12747192382812
2019-05-24,354.3900146484375,131.1867218017578
2019-05-28,355.05999755859375,131.01878356933594
2019-05-29,349.19000244140625,129.9814910888672
2019-05-30,351.8500061035156,130.60385131835938
2019-05-31,343.2799987792969,130.44578552246094
2019-06-03,336.6300048828125,130.87062072753906
2019-06-04,353.3999938964844,133.19224548339844
2019-06-05,355.7300109863281,134.29872131347656
2019-06-06,357.1300048828125,135.5533905029297
2019-06-07,360.8699951171875,136.37335205078125
2019-06-10,352.010009765625,135.41506958007812
2019-06-11,351.2699890136719,133.4490966796875
2019-06-12,345.55999755859375,134.0813751220703
2019-06-13,343.42999267578125,140.0286865234375
2019-06-14,339.7300109863281,139.9397735595703
2019-06-17,350.6199951171875,139.26797485351562
2019-06-18,357.1199951171875,137.55886840820312
2019-06-19,363.5199890136719,139.2185821533203
2019-06-20,365.2099914550781,140.3052978515625
2019-06-21,369.2099914550781,138.53689575195312
2019-06-24,371.0400085449219,137.5391082763672
2019-06-25,360.29998779296875,138.2504119873047
2019-06-26,362.20001220703125,138.70484924316406
2019-06-27,370.0199890136719,137.61814880371094
2019-06-28,367.32000732421875,137.9540252685547
2019-07-01,374.6000061035156,139.9397735595703
2019-07-02,375.42999267578125,140.80914306640625
2019-07-03,381.7200012207031,141.2537078857422
2019-07-05,380.54998779296875,141.60162353515625
2019-07-08,376.1600036621094,140.18014526367188
2019-07-09,379.92999267578125,140.76663208007812
2019-07-10,381.0,142.6851348876953
2019-07-11,379.5,142.70501708984375
2019-07-12,373.25,144.0171661376953
2019-07-15,366.6000061035156,144.19607543945312
2019-07-16,365.989990234375,143.44061279296875
2019-07-17,362.44000244140625,141.72091674804688
2019-07-18,325.2099914550781,140.78651428222656
2019-07-19,315.1000061035156,139.01712036132812
2019-07-22,310.6199951171875,140.00120544433594
2019-07-23,307.29998779296875,140.41871643066406
2019-07-24,317.94000244140625,140.4485321044922
2019-07-25,326.4599914550781,142.3571014404297
2019-07-26,335.7799987792969,143.78851318359375
2019-07-29,332.70001220703125,145.51815795898438
2019-07-30,325.92999267578125,144.0668487548828
2019-07-31,322.989990234375,142.15829467773438
2019-08-01,319.5,141.0052032470703
2019-08-02,318.8299865722656,140.8660430908203
2019-08-05,307.6300048828125,137.47634887695312
2019-08-06,310.1000061035156,141.0250701904297
2019-08-07,304.2900085449219,134.0568389892578
2019-08-08,315.8999938964844,137.06878662109375
2019-08-09,308.92999267578125,137.69503784179688
2019-08-12,310.8299865722656,134.9415283203125
2019-08-13,312.2799987792969,136.1940155029297
2019-08-14,299.1099853515625,132.05880737304688
2019-08-15,295.760009765625,132.61546325683594
2019-08-16,302.79998779296875,134.39480590820312
2019-08-19,309.3800048828125,134.48426818847656
2019-08-20,298.989990234375,134.32522583007812
2019-08-21,297.80999755859375,134.9514617919922
2019-08-22,296.92999267578125,135.26956176757812
2019-08-23,291.44000244140625,130.88583374023438
2019-08-26,294.9800109863281,133.80831909179688
2019-08-27,291.0299987792969,133.6890411376953
2019-08-28,291.7699890136719,135.7367706298828
2019-08-29,296.7799987792969,137.01907348632812
2019-08-30,293.75,136.44253540039062
2019-09-03,289.2900085449219,135.49819946289062
2019-09-04,291.5199890136719,137.06878662109375
2019-09-05,293.25,138.01312255859375
2019-09-06,290.1700134277344,138.71890258789062
2019-09-09,294.3399963378906,138.00318908691406
2019-09-10,287.989990234375,134.98129272460938
2019-09-11,288.2699890136719,135.37890625
2019-09-12,288.8599853515625,136.6811065673828
2019-09-13,294.1499938964844,137.19801330566406
2019-09-16,294.2900085449219,134.99124145507812
2019-09-17,298.6000061035156,135.49819946289062
2019-09-18,291.55999755859375,135.9852752685547
2019-09-19,286.6000061035156,132.50611877441406
2019-09-20,270.75,131.4822540283203
2019-09-23,265.9200134277344,131.67112731933594
2019-09-24,254.58999633789062,131.1840362548828
2019-09-25,264.75,132.29736328125
2019-09-26,263.30999755859375,130.48822021484375
2019-09-27,263.0799865722656,129.18601989746094
2019-09-30,267.6199951171875,129.5438690185547
2019-10-01,269.5799865722656,128.77845764160156
2019-10-02,268.0299987792969,128.3708953857422
2019-10-03,268.1499938964844,127.38678741455078
2019-10-04,272.7900085449219,129.49417114257812
2019-10-07,274.4599914550781,130.1204071044922
2019-10-08,270.7200012207031,127.70488739013672
2019-10-09,267.5299987792969,128.5597686767578
2019-10-10,280.4800109863281,128.5697021484375
2019-10-11,282.92999267578125,129.24566650390625
2019-10-14,285.5299987792969,128.92755126953125
2019-10-15,284.25,128.98719787597656
2019-10-16,286.2799987792969,130.08065795898438
2019-10-17,293.3500061035156,131.58164978027344
2019-10-18,275.29998779296875,130.1104736328125
2019-10-21,278.04998779296875,129.48422241210938
2019-10-22,266.69000244140625,131.61148071289062
2019-10-23,271.2699890136719,130.3490447998047
2019-10-24,271.5,129.48422241210938
2019-10-25,276.82000732421875,130.1204071044922
2019-10-28,281.8599853515625,129.75262451171875
2019-10-29,281.2099914550781,128.7088623046875
2019-10-30,291.45001220703125,128.8281707763672
2019-10-31,287.4100036621094,129.14625549316406
2019-11-01,286.80999755859375,131.9593963623047
2019-11-04,292.8599853515625,132.12838745117188
2019-11-05,288.0299987792969,130.66712951660156
2019-11-06,288.5899963378906,130.48822021484375
2019-11-07,289.57000732421875,132.16815185546875
2019-11-08,291.57000732421875,137.1383819580078
2019-11-11,294.17999267578125,135.92564392089844
2019-11-12,292.010009765625,137.7546844482422
2019-11-13,283.1099853515625,147.83428955078125
2019-11-14,289.6199951171875,146.2736358642578
2019-11-15,295.0299987792969,143.80841064453125
2019-11-18,302.57000732421875,146.77066040039062
2019-11-19,302.6000061035156,147.49632263183594
2019-11-20,305.1600036621094,146.05494689941406
2019-11-21,311.69000244140625,146.02511596679688
2019-11-22,310.4800109863281,147.40684509277344
2019-11-25,315.54998779296875,148.7985076904297
2019-11-26,312.489990234375,150.7368927001953
2019-11-27,315.92999267578125,150.57785034179688
2019-11-29,314.6600036621094,150.67726135253906
2019-12-02,309.989990234375,149.72296142578125
2019-12-03,306.1600036621094,147.69512939453125
2019-12-04,304.32000732421875,147.39691162109375
2019-12-05,302.8599853515625,146.56190490722656
2019-12-06,307.3500061035156,146.78060913085938
2019-12-09,302.5,145.33924865722656
2019-12-10,293.1199951171875,145.22988891601562
2019-12-11,298.92999267578125,146.7110137939453
2019-12-12,298.44000244140625,146.8800048828125
2019-12-13,298.5,146.3800048828125
2019-12-16,304.2099914550781,148.4600067138672
2019-12-17,315.4800109863281,147.72999572753906
2019-12-18,320.79998779296875,146.25999450683594
2019-12-19,332.2200012207031,146.14999389648438
2019-12-20,336.8999938964844,146.8800048828125
2019-12-23,333.1000061035156,144.67999267578125
2019-12-24,333.20001220703125,145.2899932861328
2019-12-26,332.6300048828125,145.6999969482422
2019-12-27,329.0899963378906,145.75
2019-12-30,323.30999755859375,143.77000427246094
2019-12-31,323.57000732421875,144.6300048828125
2020-01-02,329.80999755859375,148.1999969482422
2020-01-03,325.8999938964844,146.5
2020-01-06,335.8299865722656,145.64999389648438
2020-01-07,330.75,145.6999969482422
2020-01-08,339.260009765625,145.39999389648438
2020-01-09,335.6600036621094,144.8300018310547
2020-01-10,329.04998779296875,144.6199951171875
2020-01-13,338.9200134277344,143.8800048828125
2020-01-14,338.69000244140625,145.1999969482422
2020-01-15,339.07000732421875,144.32000732421875
2020-01-16,338.6199951171875,145.1199951171875
2020-01-17,339.6700134277344,144.3300018310547
2020-01-21,338.1099853515625,143.55999755859375
2020-01-22,326.0,144.00999450683594
2020-01-23,349.6000061035156,142.1999969482422
2020-01-24,353.1600036621094,140.0800018310547
2020-01-27,342.8800048828125,135.89999389648438
2020-01-28,348.5199890136719,138.3699951171875
2020-01-29,343.1600036621094,136.05999755859375
2020-01-30,347.739990234375,137.80999755859375
2020-01-31,345.0899963378906,138.30999755859375
2020-02-03,358.0,141.32000732421875
2020-02-04,369.010009765625,144.72999572753906
2020-02-05,369.6700134277344,141.3699951171875
2020-02-06,366.95001220703125,142.6999969482422
2020-02-07,366.7699890136719,141.02000427246094
2020-02-10,371.07000732421875,142.58999633789062
2020-02-11,373.69000244140625,141.00999450683594
2020-02-12,380.010009765625,141.85000610351562
2020-02-13,381.3999938964844,140.89999389648438
2020-02-14,380.3999938964844,139.5399932861328
2020-02-18,387.7799987792969,139.13999938964844
2020-02-19,386.19000244140625,141.3000030517578
2020-02-20,386.0,140.3699951171875
2020-02-21,380.07000732421875,138.97000122070312
2020-02-24,368.70001220703125,133.00999450683594
2020-02-25,360.0899963378906,128.19000244140625
2020-02-26,379.239990234375,123.36000061035156
2020-02-27,371.7099914550781,118.04000091552734
2020-02-28,369.0299987792969,117.6500015258789
2020-03-02,381.04998779296875,119.9800033569336
2020-03-03,368.7699890136719,116.44999694824219
2020-03-04,383.7900085449219,119.18000030517578
2020-03-05,372.7799987792969,113.9800033569336
2020-03-06,368.9700012207031,115.2699966430664
2020-03-09,346.489990234375,104.3499984741211
2020-03-10,364.1300048828125,111.45999908447266
2020-03-11,349.9200134277344,105.51000213623047
2020-03-12,315.25,91.80999755859375
2020-03-13,336.29998779296875,102.5199966430664
2020-03-16,298.8399963378906,95.01000213623047
2020-03-17,319.75,93.52999877929688
2020-03-18,315.4700012207031,88.80000305175781
2020-03-19,332.0299987792969,94.93000030517578
2020-03-20,332.8299865722656,85.9800033569336
2020-03-23,360.2699890136719,85.76000213623047
2020-03-24,357.32000732421875,98.12000274658203
2020-03-25,342.3900146484375,100.7300033569336
2020-03-26,362.989990234375,105.36000061035156
2020-03-27,357.1199951171875,96.4000015258789
2020-03-30,370.9599914550781,99.80000305175781
2020-03-31,375.5,96.5999984741211
2020-04-01,364.0799865722656,94.91999816894531
2020-04-02,370.0799865722656,96.97000122070312
2020-04-03,361.760009765625,93.87999725341797
2020-04-06,379.9599914550781,99.58000183105469
2020-04-07,372.2799987792969,101.23999786376953
2020-04-08,371.1199951171875,101.06999969482422
2020-04-09,370.7200012207031,104.5
2020-04-13,396.7200012207031,103.5
2020-04-14,413.54998779296875,106.02999877929688
2020-04-15,426.75,103.37000274658203
2020-04-16,439.1700134277344,102.0199966430664
2020-04-17,422.9599914550781,106.62999725341797
2020-04-20,437.489990234375,102.26000213623047
2020-04-21,433.8299865722656,100.54000091552734
2020-04-22,421.4200134277344,100.98999786376953
2020-04-23,426.70001220703125,101.0
2020-04-24,424.989990234375,101.19000244140625
2020-04-27,421.3800048828125,106.05999755859375
2020-04-28,403.8299865722656,106.20999908447266
2020-04-29,411.8900146484375,112.25
2020-04-30,419.8500061035156,108.1500015258789
2020-05-01,415.2699890136719,105.5
2020-05-04,428.1499938964844,103.18000030517578
2020-05-05,424.67999267578125,101.05999755859375
2020-05-06,434.260009765625,100.87999725341797
2020-05-07,436.5299987792969,105.56999969482422
2020-05-08,435.54998779296875,109.16000366210938
2020-05-11,440.5199890136719,107.7699966430664
2020-05-12,431.82000732421875,104.55999755859375
2020-05-13,438.2699890136719,102.91999816894531
2020-05-14,441.95001220703125,105.91000366210938
2020-05-15,454.19000244140625,109.05000305175781
2020-05-18,452.5799865722656,116.8499984741211
2020-05-19,451.0400085449219,114.37000274658203
2020-05-20,447.6700134277344,119.91999816894531
2020-05-21,436.25,117.83000183105469
2020-05-22,429.32000732421875,118.0199966430664
2020-05-26,414.7699890136719,120.94999694824219
2020-05-27,419.8900146484375,121.52999877929688
2020-05-28,413.44000244140625,116.75
2020-05-29,419.7300109863281,117.30000305175781
2020-06-01,425.9200134277344,118.7699966430664
2020-06-02,427.30999755859375,118.75
2020-06-03,421.9700012207031,122.18000030517578
2020-06-04,414.3299865722656,123.69000244140625
2020-06-05,419.6000061035156,124.81999969482422
2020-06-08,419.489990234375,127.27999877929688
2020-06-09,434.04998779296875,123.88999938964844
2020-06-10,434.4800109863281,122.18000030517578
2020-06-11,425.55999755859375,112.63999938964844
2020-06-12,418.07000732421875,115.48999786376953
2020-06-15,425.5,117.08000183105469
2020-06-16,436.1300048828125,118.44000244140625
2020-06-17,447.7699890136719,117.6500015258789
2020-06-18,449.8699951171875,118.37000274658203
2020-06-19,453.7200012207031,114.3499984741211
2020-06-22,468.0400085449219,115.91999816894531
2020-06-23,466.260009765625,116.58999633789062
2020-06-24,457.8500061035156,112.06999969482422
2020-06-25,465.9100036621094,111.36000061035156
2020-06-26,443.3999938964844,109.0999984741211
2020-06-29,447.239990234375,111.5199966430664
2020-06-30,455.0400085449219,111.51000213623047
2020-07-01,485.6400146484375,113.01000213623047
2020-07-02,476.8900146484375,112.18000030517578
2020-07-06,493.80999755859375,114.43000030517578
2020-07-07,493.1600036621094,113.62999725341797
2020-07-08,502.7799987792969,116.66000366210938
2020-07-09,507.760009765625,116.80999755859375
2020-07-10,548.72998046875,119.33999633789062
2020-07-13,525.5,116.22000122070312
2020-07-14,524.8800048828125,118.66000366210938
2020-07-15,523.260009765625,120.9000015258789
2020-07-16,527.3900146484375,119.43000030517578
2020-07-17,492.989990234375,118.6500015258789
2020-07-20,502.4100036621094,117.79000091552734
2020-07-21,490.1000061035156,118.62000274658203
2020-07-22,489.82000732421875,119.02999877929688
2020-07-23,477.5799865722656,118.12000274658203
2020-07-24,480.45001220703125,117.61000061035156
2020-07-27,495.6499938964844,116.30999755859375
2020-07-28,488.510009765625,116.18000030517578
2020-07-29,484.4800109863281,115.61000061035156
2020-07-30,485.79998779296875,115.66000366210938
2020-07-31,488.8800048828125,116.94000244140625
2020-08-03,498.6199951171875,116.3499984741211
2020-08-04,509.6400146484375,117.29000091552734
2020-08-05,502.1099853515625,127.61000061035156
2020-08-06,509.0799865722656,130.82000732421875
2020-08-07,494.7300109863281,129.92999267578125
2020-08-10,483.3800048828125,128.7899932861328
2020-08-11,466.92999267578125,130.49000549316406
2020-08-12,475.4700012207031,131.7899932861328
2020-08-13,481.3299865722656,130.9600067138672
2020-08-14,482.67999267578125,130.52999877929688
2020-08-17,482.3500061035156,129.3699951171875
2020-08-18,491.8699951171875,128.9199981689453
2020-08-19,484.5299987792969,127.7699966430664
2020-08-20,497.8999938964844,128.1199951171875
2020-08-21,492.30999755859375,127.44000244140625
2020-08-24,488.80999755859375,130.69000244140625
2020-08-25,490.5799865722656,129.7899932861328
2020-08-26,547.530029296875,132.17999267578125
2020-08-27,526.27001953125,133.72999572753906
2020-08-28,523.8900146484375,135.5399932861328
2020-08-31,529.5599975585938,131.8699951171875
2020-09-01,556.5499877929688,133.5500030517578
2020-09-02,552.8400268554688,135.38999938964844
2020-09-03,525.75,133.24000549316406
2020-09-04,516.0499877929688,131.99000549316406
2020-09-08,507.0199890136719,134.1999969482422
2020-09-09,500.19000244140625,133.36000061035156
2020-09-10,480.6700134277344,133.22000122070312
2020-09-11,482.0299987792969,131.75
2020-09-14,476.260009765625,131.25
2020-09-15,495.989990234375,131.24000549316406
2020-09-16,483.8599853515625,132.08999633789062
2020-09-17,470.20001220703125,130.22000122070312
2020-09-18,469.9599914550781,128.6300048828125
2020-09-21,487.3500061035156,125.41000366210938
2020-09-22,491.1700134277344,127.20999908447266
2020-09-23,470.6099853515625,123.27999877929688
2020-09-24,473.0799865722656,122.48999786376953
2020-09-25,482.8800048828125,124.0
2020-09-28,490.6499938964844,125.98999786376953
2020-09-29,493.4800109863281,125.4000015258789
2020-09-30,500.0299987792969,124.08000183105469
2020-10-01,527.510009765625,123.30999755859375
2020-10-02,503.05999755859375,122.55000305175781
2020-10-05,520.6500244140625,123.37000274658203
2020-10-06,505.8699951171875,120.93000030517578
2020-10-07,534.6599731445312,122.91000366210938
2020-10-08,531.7899780273438,123.08999633789062
2020-10-09,539.4400024414062,124.9800033569336
2020-10-12,539.8099975585938,124.97000122070312
2020-10-13,554.0900268554688,128.9600067138672
2020-10-14,541.4500122070312,126.58999633789062
2020-10-15,541.9400024414062,127.36000061035156
2020-10-16,530.7899780273438,126.80999755859375
2020-10-19,530.719970703125,124.2300033569336
2020-10-20,525.4199829101562,124.94999694824219
2020-10-21,489.04998779296875,126.62999725341797
2020-10-22,485.2300109863281,127.55999755859375
2020-10-23,488.2799987792969,128.35000610351562
2020-10-26,488.239990234375,124.05999755859375
2020-10-27,488.92999267578125,123.30999755859375
2020-10-28,486.239990234375,118.47000122070312
2020-10-29,504.2099914550781,121.54000091552734
2020-10-30,475.739990234375,121.25
2020-11-02,484.1199951171875,120.12999725341797
2020-11-03,487.2200012207031,124.0199966430664
2020-11-04,496.95001220703125,125.06999969482422
2020-11-05,513.760009765625,126.95999908447266
2020-11-06,514.72998046875,127.45999908447266
2020-11-09,470.5,142.58999633789062
2020-11-10,480.239990234375,142.11000061035156
2020-11-11,490.760009765625,137.82000732421875
2020-11-12,486.7699890136719,135.52000427246094
2020-11-13,482.8399963378906,138.36000061035156
2020-11-16,479.1000061035156,144.6699981689453
2020-11-17,480.6300048828125,144.5
2020-11-18,481.7900085449219,143.89999389648438
2020-11-19,484.6700134277344,141.72000122070312
2020-11-20,488.239990234375,141.07000732421875
2020-11-23,476.6199951171875,145.97999572753906
2020-11-24,482.8800048828125,151.49000549316406
2020-11-25,485.0,149.08999633789062
2020-11-27,491.3599853515625,147.1300048828125
2020-11-30,490.70001220703125,148.00999450683594
2020-12-01,504.5799865722656,149.44000244140625
2020-12-02,503.3800048828125,153.61000061035156
2020-12-03,497.5199890136719,153.24000549316406
2020-12-04,498.30999755859375,154.13999938964844
2020-12-07,515.780029296875,153.67999267578125
2020-12-08,512.6599731445312,153.72000122070312
2020-12-09,493.6000061035156,154.42999267578125
2020-12-10,501.0899963378906,154.69000244140625
2020-12-11,503.2200012207031,175.72000122070312
2020-12-14,522.4199829101562,169.3000030517578
2020-12-15,519.780029296875,173.94000244140625
2020-12-16,524.8300170898438,173.1199951171875
2020-12-17,532.9000244140625,173.5500030517578
2020-12-18,534.4500122070312,172.88999938964844
2020-12-21,528.9099731445312,170.69000244140625
2020-12-22,527.3300170898438,170.4499969482422
2020-12-23,514.47998046875,173.5500030517578
2020-12-24,513.969970703125,173.72999572753906
2020-12-28,519.1199951171875,178.86000061035156
2020-12-29,530.8699951171875,177.3000030517578
2020-12-30,524.5900268554688,181.1699981689453
2020-12-31,540.72998046875,181.17999267578125
2021-01-04,522.8599853515625,177.67999267578125
2021-01-05,520.7999877929688,178.44000244140625
2021-01-06,500.489990234375,179.1199951171875
2021-01-07,508.8900146484375,178.5800018310547
2021-01-08,510.3999938964844,178.69000244140625
2021-01-11,499.1000061035156,179.08999633789062
2021-01-12,494.25,175.99000549316406
2021-01-13,507.7900085449219,176.1199951171875
2021-01-14,500.8599853515625,173.42999267578125
2021-01-15,497.9800109863281,171.44000244140625
2021-01-19,501.7699890136719,172.25999450683594
2021-01-20,586.3400268554688,173.63999938964844
2021-01-21,579.8400268554688,171.27999877929688
2021-01-22,565.1699829101562,172.77999877929688
2021-01-25,556.780029296875,171.88999938964844
2021-01-26,561.9299926757812,169.55999755859375
2021-01-27,523.280029296875,163.02999877929688
2021-01-28,538.5999755859375,171.8800048828125
2021-01-29,532.3900146484375,168.1699981689453
2021-02-01,539.0399780273438,170.97000122070312
2021-02-02,548.1599731445312,176.9600067138672
2021-02-03,539.4500122070312,176.42999267578125
2021-02-04,552.1599731445312,180.22999572753906
2021-02-05,550.7899780273438,181.16000366210938
2021-02-08,547.9199829101562,190.0
2021-02-09,559.0700073242188,188.2100067138672
2021-02-10,563.5900268554688,189.6300048828125
2021-02-11,557.5900268554688,190.91000366210938
2021-02-12,556.52001953125,187.6699981689453
2021-02-16,557.280029296875,186.35000610351562
2021-02-17,551.3400268554688,186.44000244140625
2021-02-18,548.219970703125,183.0
2021-02-19,540.219970703125,183.64999389648438
2021-02-22,533.780029296875,191.75999450683594
2021-02-23,546.1500244140625,197.08999633789062
