Date,NVG.LS,ALTR.LS
2014-12-31,2.1212124824523926,1.6885714530944824
2015-01-02,2.1316616535186768,1.7300381660461426
2015-01-05,2.109369993209839,1.698088526725769
2015-01-06,2.0766286849975586,1.7402348518371582
2015-01-07,2.0522470474243164,1.7776226997375488
2015-01-08,2.1908745765686035,1.8279261589050293
2015-01-09,2.156043767929077,1.8306455612182617
2015-01-12,2.1657962799072266,1.8456006050109863
2015-01-13,2.203413963317871,1.8931853771209717
2015-01-14,2.2298855781555176,1.9067810773849487
2015-01-15,2.2709860801696777,1.9169775247573853
2015-01-16,2.272379159927368,1.91085946559906
2015-01-19,2.2640199661254883,1.9577645063400269
2015-01-20,2.277952194213867,1.9727191925048828
2015-01-21,2.315570116043091,1.9611631631851196
2015-01-22,2.3671200275421143,2.0053489208221436
2015-01-23,2.4110069274902344,2.0182647705078125
2015-01-26,2.4409618377685547,2.0882816314697266
2015-01-27,2.4019510746002197,2.0529332160949707
2015-01-28,2.4416584968566895,2.0454559326171875
2015-01-29,2.5252528190612793,2.0821638107299805
2015-01-30,2.5022644996643066,2.0869224071502686
2015-02-02,2.461860418319702,2.130427837371826
2015-02-03,2.5057475566864014,2.1032369136810303
2015-02-04,2.539881944656372,2.140624523162842
2015-02-05,2.559387445449829,2.1283888816833496
2015-02-06,2.568443536758423,2.143343687057495
2015-02-09,2.5496346950531006,2.0848827362060547
2015-02-10,2.562174081802368,2.0434165000915527
2015-02-11,2.584465980529785,2.0998380184173584
2015-02-12,2.6032748222351074,2.0998380184173584
2015-02-13,2.59073543548584,2.100517511367798
2015-02-16,2.5635671615600586,2.0536129474639893
2015-02-17,2.557297706604004,2.044095993041992
2015-02-18,2.5663540363311768,2.066528797149658
2015-02-19,2.5670502185821533,2.0576915740966797
2015-02-20,2.5774993896484375,2.039337635040283
2015-02-23,2.601881265640259,2.055652379989624
2015-02-24,2.6527347564697266,2.067208766937256
2015-02-25,2.7168242931365967,2.025742292404175
2015-02-26,2.709857702255249,2.066528797149658
2015-02-27,2.74817156791687,2.112074136734009
2015-03-02,2.74817156791687,2.124310255050659
2015-03-03,2.7223966121673584,2.1508214473724365
2015-03-04,2.7028913497924805,2.1215908527374268
2015-03-05,2.7425990104675293,2.1895687580108643
2015-03-06,2.7669806480407715,2.1848104000091553
2015-03-09,2.7725536823272705,2.1922879219055176
2015-03-10,2.7704639434814453,2.202484607696533
2015-03-11,2.867990732192993,2.349997043609619
2015-03-12,2.890979290008545,2.3472776412963867
2015-03-13,2.909787893295288,2.3506765365600586
2015-03-16,2.904215097427368,2.3663113117218018
2015-03-17,2.8840126991271973,2.289496421813965
2015-03-18,2.868687152862549,2.4322502613067627
2015-03-19,2.871474027633667,2.600835084915161
2015-03-20,2.929293394088745,2.5688858032226562
2015-03-23,2.932776689529419,2.6130714416503906
2015-03-24,2.9397425651550293,2.696004629135132
2015-03-25,2.9251139163970947,2.605593681335449
2015-03-26,2.8819234371185303,2.665414333343506
2015-03-27,2.918843984603882,2.7170774936676025
2015-03-30,2.8944623470306396,2.7191171646118164
2015-03-31,2.904215097427368,2.6980440616607666
2015-04-01,2.9362599849700928,2.6994032859802246
2015-04-02,2.9397425651550293,2.783695697784424
2015-04-07,3.0874266624450684,2.7891340255737305
2015-04-08,3.166841745376587,2.8611907958984375
2015-04-09,3.2615816593170166,2.8693485260009766
2015-04-10,3.2420766353607178,2.9094550609588623
2015-04-13,3.249739408493042,2.9135336875915527
2015-04-14,3.249042510986328,2.923050880432129
2015-04-15,3.2985029220581055,2.917612314224243
2015-04-16,3.2511324882507324,2.8224434852600098
2015-04-17,3.218391180038452,2.757864236831665
2015-04-20,3.198885679244995,2.705521583557129
2015-04-21,3.2232675552368164,2.7639825344085693
2015-04-22,3.1835601329803467,2.6756110191345215
2015-04-23,3.141066312789917,2.678330183029175
2015-04-24,3.1835601329803467,2.748347520828247
2015-04-27,3.2114250659942627,2.783695697784424
2015-04-28,3.162661552429199,2.7442688941955566
2015-04-29,3.072100877761841,2.6246275901794434
2015-04-30,3.0449328422546387,2.5974364280700684
2015-05-04,3.1341004371643066,2.6191890239715576
2015-05-05,3.0477190017700195,2.5940375328063965
2015-05-06,3.04075288772583,2.6103522777557373
2015-05-07,3.044235944747925,2.6436758041381836
2015-05-08,2.9593489170074463,2.7249021530151367
2015-05-11,2.938126564025879,2.69504976272583
2015-05-12,2.886901617050171,2.6388161182403564
2015-05-13,2.889097213745117,2.635344982147217
2015-05-14,2.894219398498535,2.652700901031494
2015-05-15,2.8883652687072754,2.658255100250244
2015-05-18,2.9022693634033203,2.706157922744751
2015-05-19,2.9637393951416016,2.8512542247772217
2015-05-20,2.9908151626586914,2.8630564212799072
2015-05-21,2.9659347534179688,2.890132188796997
2015-05-22,2.9776434898376465,2.8804128170013428
2015-05-25,2.9183685779571533,2.8332040309906006
2015-05-26,2.784451484680176,2.8276500701904297
2015-05-27,2.8415307998657227,2.8491716384887695
2015-05-28,2.8415307998657227,2.8338983058929443
2015-05-29,2.7632298469543457,2.6381218433380127
2015-06-01,2.7507894039154053,2.568697690963745
2015-06-02,2.751521110534668,2.6235427856445312
2015-06-03,2.7925009727478027,2.671445846557617
2015-06-04,2.6981005668640137,2.6436758041381836
2015-06-05,2.6534616947174072,2.5916075706481934
2015-06-08,2.578087329864502,2.415964365005493
2015-06-09,2.5736968517303467,2.410410165786743
2015-06-10,2.60809063911438,2.4784462451934814
2015-06-11,2.6549253463745117,2.5277373790740967
2015-06-12,2.5949184894561768,2.4631729125976562
2015-06-15,2.502713441848755,2.339597463607788
2015-06-16,2.5275943279266357,2.4576187133789062
2015-06-17,2.4895412921905518,2.387500286102295
2015-06-18,2.4771008491516113,2.3750038146972656
2015-06-19,2.5393028259277344,2.360424757003784
2015-06-22,2.567110300064087,2.3944427967071533
2015-06-23,2.6746833324432373,2.4992735385894775
2015-06-24,2.6285808086395264,2.386805772781372
2015-06-25,2.615408420562744,2.4222123622894287
2015-06-26,2.635166883468628,2.444427967071533
2015-06-29,2.5385706424713135,2.2417097091674805
2015-06-30,2.5246670246124268,2.2680907249450684
2015-07-01,2.5993096828460693,2.371532678604126
2015-07-02,2.567842721939087,2.39027738571167
2015-07-03,2.5466206073760986,2.4124929904937744
2015-07-06,2.4522199630737305,2.2576770782470703
2015-07-07,2.4148988723754883,2.2146339416503906
2015-07-08,2.440511703491211,2.2937774658203125
2015-07-09,2.553938388824463,2.4340145587921143
2015-07-10,2.588332176208496,2.5437047481536865
2015-07-13,2.6490707397460938,2.5860536098480225
2015-07-14,2.678342342376709,2.5499532222747803
2015-07-15,2.70322322845459,2.613823413848877
2015-07-16,2.7939648628234863,2.772110939025879
2015-07-17,2.76396107673645,2.7387869358062744
2015-07-20,2.7873785495758057,2.795020818710327
2015-07-21,2.759570598602295,2.7117116451263428
2015-07-22,2.7098093032836914,2.692967176437378
2015-07-23,2.710541009902954,2.6700568199157715
2015-07-24,2.680537700653076,2.6096580028533936
2015-07-27,2.638093948364258,2.595773220062256
2015-07-28,2.6439480781555176,2.615906238555908
2015-07-29,2.640289783477783,2.6172945499420166
2015-07-30,2.6168723106384277,2.655478000640869
2015-07-31,2.542961597442627,2.687413215637207
2015-08-03,2.6088225841522217,2.721431016921997
2015-08-04,2.6197991371154785,2.669362783432007
2015-08-05,2.678342342376709,2.7255966663360596
2015-08-06,2.6981005668640137,2.6971328258514404
2015-08-07,2.7039549350738525,2.647841215133667
2015-08-10,2.745666742324829,2.6728341579437256
2015-08-11,2.6659021377563477,2.5916075706481934
2015-08-12,2.5597925186157227,2.4805288314819336
2015-08-13,2.6205313205718994,2.6041040420532227
2015-08-14,2.60809063911438,2.616600513458252
2015-08-17,2.5949184894561768,2.589524984359741
2015-08-18,2.586137056350708,2.5839710235595703
2015-08-19,2.5305211544036865,2.513852596282959
2015-08-20,2.51003098487854,2.4354028701782227
2015-08-21,2.4083125591278076,2.4020793437957764
2015-08-24,2.239269733428955,2.2208821773529053
2015-08-25,2.345379114151001,2.297248601913452
2015-08-26,2.348306179046631,2.290306568145752
2015-08-27,2.3841636180877686,2.361119031906128
2015-08-28,2.3541603088378906,2.345845937728882
2015-08-31,2.3431832790374756,2.3048856258392334
2015-09-01,2.296349287033081,2.256288528442383
2015-09-02,2.2597599029541016,2.2153284549713135
2015-09-03,2.3000082969665527,2.2680907249450684
2015-09-04,2.268541097640991,2.2049145698547363
2015-09-07,2.2956173419952393,2.2042202949523926
2015-09-08,2.315375804901123,2.284752368927002
2015-09-09,2.315375804901123,2.4638671875
2015-09-10,2.2985446453094482,2.4853885173797607
2015-09-11,2.286104202270508,2.4701151847839355
2015-09-14,2.2539055347442627,2.4041621685028076
2015-09-15,2.2487828731536865,2.4381802082061768
2015-09-16,2.2575643062591553,2.49788498878479
2015-09-17,2.2465875148773193,2.543010711669922
2015-09-18,2.228292942047119,2.5645322799682617
2015-09-21,2.3080577850341797,2.615906238555908
2015-09-22,2.256833076477051,2.5103812217712402
2015-09-23,2.3168394565582275,2.5464820861816406
2015-09-24,2.293422222137451,2.5173237323760986
2015-09-25,2.3161075115203857,2.540928363800049
2015-09-28,2.286104202270508,2.4360973834991455
2015-09-29,2.2465875148773193,2.4013850688934326
2015-09-30,2.268541097640991,2.5013558864593506
2015-10-01,2.2597599029541016,2.5853593349456787
2015-10-02,2.2875678539276123,2.637427806854248
2015-10-05,2.358551025390625,2.7040748596191406
2015-10-06,2.4580740928649902,2.726290702819824
2015-10-07,2.43977952003479,2.684636354446411
2015-10-08,2.434656858444214,2.7283735275268555
2015-10-09,2.480027914047241,2.7367043495178223
2015-10-12,2.399531364440918,2.7012979984283447
2015-10-13,2.3761141300201416,2.6728341579437256
2015-10-14,2.483686923980713,2.6631147861480713
2015-10-15,2.634434938430786,2.792937994003296
2015-10-16,2.575160264968872,2.763779640197754
2015-10-19,2.5868687629699707,2.8394522666931152
2015-10-20,2.5868687629699707,2.8519484996795654
2015-10-21,2.586137056350708,2.900545358657837
2015-10-22,2.6388258934020996,2.9408118724823
2015-10-23,2.6695609092712402,2.9387288093566895
2015-10-26,2.6929779052734375,3.006070375442505
2015-10-27,2.6036999225616455,2.9095709323883057
2015-10-28,2.6607794761657715,2.934563636779785
2015-10-29,2.6871235370635986,2.9838547706604004
2015-10-30,2.711272716522217,2.9859373569488525
2015-11-02,2.7954280376434326,3.1254799365997314
2015-11-03,2.821772575378418,3.2629404067993164
2015-11-04,2.842994451522827,3.3524975776672363
2015-11-05,2.8151865005493164,3.3129255771636963
2015-11-06,2.7881104946136475,3.3837385177612305
2015-11-09,2.718590497970581,3.443443775177002
2015-11-10,2.76396107673645,3.4830150604248047
2015-11-11,2.754448175430298,3.5274462699890137
2015-11-12,2.7068819999694824,3.511479139328003
2015-11-13,2.707613945007324,3.4517743587493896
2015-11-16,2.761766195297241,3.4712131023406982
2015-11-17,2.7822563648223877,3.540637254714966
2015-11-18,2.7742061614990234,3.6253347396850586
2015-11-19,2.7990875244140625,3.6378307342529297
2015-11-20,2.802746057510376,3.5496621131896973
2015-11-23,2.783719301223755,3.545497179031372
2015-11-24,2.8071370124816895,3.5107853412628174
2015-11-25,2.7990875244140625,3.561464786529541
2015-11-26,2.818845748901367,3.582291841506958
2015-11-27,2.8232362270355225,3.5649361610412598
2015-11-30,2.7661569118499756,3.6128385066986084
2015-12-01,2.8371403217315674,3.5760438442230225
2015-12-02,2.8693385124206543,3.6260294914245605
2015-12-03,2.802746057510376,3.5225868225097656
2015-12-04,2.7983553409576416,3.4941229820251465
2015-12-07,2.800551176071167,3.476767063140869
2015-12-08,2.7368853092193604,3.4205334186553955
2015-12-09,2.6885874271392822,3.4309468269348145
2015-12-10,2.6827330589294434,3.3601341247558594
2015-12-11,2.616140365600586,3.1199264526367188
2015-12-14,2.585405111312866,3.0518906116485596
2015-12-15,2.6680970191955566,3.2698826789855957
2015-12-16,2.6680970191955566,3.3150084018707275
2015-12-17,2.694441556930542,3.353191614151001
2015-12-18,2.7342638969421387,3.401094436645508
2015-12-21,2.6424801349639893,3.2809906005859375
2015-12-22,2.696514129638672,3.271965503692627
2015-12-23,2.635078191757202,3.2920987606048584
2015-12-24,2.6432204246520996,3.285155773162842
2015-12-28,2.6121325492858887,3.240029811859131
2015-12-29,2.6476616859436035,3.2789077758789062
2015-12-30,2.6809699535369873,3.340001106262207
2015-12-31,2.6809699535369873,3.340001106262207
2016-01-04,2.6572840213775635,3.242807388305664
2016-01-05,2.612872838973999,3.2435014247894287
2016-01-06,2.6232354640960693,3.212954521179199
2016-01-07,2.584745407104492,3.200458288192749
2016-01-08,2.5588388442993164,3.1594982147216797
2016-01-11,2.4988834857940674,3.1074299812316895
2016-01-12,2.593627691268921,3.277519702911377
2016-01-13,2.5736427307128906,3.271965503692627
2016-01-14,2.4633541107177734,3.1865737438201904
2016-01-15,2.354546546936035,2.916513204574585
2016-01-18,2.2168705463409424,2.8304271697998047
2016-01-19,2.2916297912597656,2.8436176776885986
2016-01-20,2.146552562713623,2.5832767486572266
2016-01-21,2.2102091312408447,2.568697690963745
2016-01-22,2.2672038078308105,2.6013271808624268
2016-01-25,2.2723848819732666,2.586747884750366
2016-01-26,2.2797868251800537,2.5888309478759766
2016-01-27,2.2886691093444824,2.6172945499420166
2016-01-28,2.244257688522339,2.55342435836792
2016-01-29,2.28718900680542,2.606186866760254
2016-02-01,2.3167965412139893,2.6311795711517334
2016-02-02,2.2427775859832764,2.540928363800049
2016-02-03,2.2309343814849854,2.547870397567749
2016-02-04,2.218351125717163,2.5284314155578613
2016-02-05,2.1828219890594482,2.4229066371917725
2016-02-08,2.07253360748291,2.250734567642212
2016-02-09,1.9888919591903687,2.1729795932769775
2016-02-10,2.067352294921875,2.206303119659424
2016-02-11,1.9970343112945557,2.098001480102539
2016-02-12,2.0370047092437744,2.1646485328674316
2016-02-15,2.1287879943847656,2.235461473464966
2016-02-16,2.119905948638916,2.218799352645874
2016-02-17,2.1687586307525635,2.3937485218048096
2016-02-18,2.18430233001709,2.363896131515503
2016-02-19,2.193924903869629,2.421518087387085
2016-02-22,2.2198314666748047,2.4305434226989746
2016-02-23,2.1546945571899414,2.3722269535064697
2016-02-24,2.20428729057312,2.4472053050994873
2016-02-25,2.217611312866211,2.4624786376953125
2016-02-26,2.2405571937561035,2.4465110301971436
2016-02-29,2.2931101322174072,2.413881540298462
2016-03-01,2.3101348876953125,2.461090087890625
2016-03-02,2.292369842529297,2.484694480895996
2016-03-03,2.275346040725708,2.4992735385894775
2016-03-04,2.301992416381836,2.5284314155578613
2016-03-07,2.3012523651123047,2.557589530944824
2016-03-08,2.2886691093444824,2.529820203781128
2016-03-09,2.294590711593628,2.5367627143859863
2016-03-10,2.2842280864715576,2.5048272609710693
2016-03-11,2.3390023708343506,2.582582712173462
2016-03-14,2.4204232692718506,2.672139883041382
2016-03-15,2.390815496444702,2.658949136734009
2016-03-16,2.4152417182922363,2.698521137237549
2016-03-17,2.400437831878662,2.7124059200286865
2016-03-18,2.4122812747955322,2.690190076828003
2016-03-21,2.4233837127685547,2.671445846557617
2016-03-22,2.4056191444396973,2.706157922744751
2016-03-23,2.4204232692718506,2.7360103130340576
2016-03-24,2.4663150310516357,2.7380928993225098
2016-03-29,2.4322659969329834,2.7040748596191406
2016-03-30,2.4367074966430664,2.7304561138153076
2016-03-31,2.36860990524292,2.6624205112457275
2016-04-01,2.3360414505004883,2.595078706741333
2016-04-04,2.3071742057800293,2.592996120452881
2016-04-05,2.2723848819732666,2.5617551803588867
2016-04-06,2.2797868251800537,2.5499532222747803
2016-04-07,2.2412970066070557,2.535374164581299
2016-04-08,2.2694244384765625,2.5832767486572266
2016-04-11,2.2834877967834473,2.592996120452881
2016-04-12,2.290149450302124,2.616600513458252
2016-04-13,2.4100606441497803,2.755449056625366
2016-04-14,2.390815496444702,2.619377613067627
2016-04-15,2.3774919509887695,2.6339564323425293
2016-04-18,2.3538060188293457,2.527043104171753
2016-04-19,2.339742422103882,2.345845937728882
2016-04-20,2.3604674339294434,2.369450092315674
2016-04-21,2.3323402404785156,2.329878330230713
2016-04-22,2.3241987228393555,2.3048856258392334
2016-04-25,2.2879292964935303,2.336820602416992
2016-04-26,2.309394359588623,2.311133623123169
2016-04-27,2.321237325668335,2.367367744445801
2016-04-28,2.3167965412139893,2.397219657897949
2016-04-29,2.3056938648223877,2.363201856613159
2016-05-02,2.3493738174438477,2.397219657897949
2016-05-03,2.2791736125946045,2.339597463607788
2016-05-04,2.2331531047821045,2.336820602416992
2016-05-05,2.280733585357666,2.4013850688934326
2016-05-06,2.2783937454223633,2.3944427967071533
2016-05-09,2.2744932174682617,2.434861660003662
2016-05-10,2.2565531730651855,2.440101146697998
2016-05-11,2.2448532581329346,2.4101614952087402
2016-05-12,2.2159931659698486,2.395939826965332
2016-05-13,2.170752763748169,2.3749818801879883
2016-05-16,2.176212787628174,2.34728741645813
2016-05-17,2.1528127193450928,2.380970001220703
2016-05-18,2.118492364883423,2.3240840435028076
2016-05-19,2.0826122760772705,2.352526903152466
2016-05-20,2.0888524055480957,2.3450419902801514
2016-05-23,2.1372125148773193,2.3435449600219727
2016-05-24,2.208192825317383,2.416898012161255
2016-05-25,2.254213333129883,2.510460138320923
2016-05-26,2.2620134353637695,2.5156993865966797
2016-05-27,2.2768332958221436,2.5261783599853516
2016-05-30,2.30725359916687,2.5658485889434814
2016-05-31,2.2698135375976562,2.563603162765503
2016-06-01,2.2425131797790527,2.5403997898101807
2016-06-02,2.2386131286621094,2.4371073246002197
2016-06-03,2.1894729137420654,2.3697423934936523
2016-06-06,2.2050726413726807,2.407167434692383
2016-06-07,2.2557733058929443,2.415400743484497
2016-06-08,2.266693353652954,2.400430917739868
2016-06-09,2.324413776397705,2.4281251430511475
2016-06-10,2.2440736293792725,2.376478672027588
2016-06-13,2.1122522354125977,2.296389579772949
2016-06-14,2.087292194366455,2.2260310649871826
2016-06-15,2.0280117988586426,2.2005820274353027
2016-06-16,1.9819915294647217,2.1384568214416504
2016-06-17,2.063892126083374,2.2612102031707764
2016-06-20,2.1372125148773193,2.392197370529175
2016-06-21,2.1231725215911865,2.396688222885132
2016-06-22,2.0904123783111572,2.342796564102173
2016-06-23,2.167632818222046,2.3944427967071533
2016-06-24,2.087292194366455,2.2454917430877686
2016-06-27,1.9484511613845825,2.1466901302337646
2016-06-28,1.979651689529419,2.1668994426727295
2016-06-29,1.9936916828155518,2.17962384223938
2016-06-30,1.9609318971633911,2.175132989883423
2016-07-01,2.020212173461914,2.283665180206299
2016-07-04,2.0186519622802734,2.28216814994812
2016-07-05,1.934411644935608,2.1826181411743164
2016-07-06,1.888391137123108,2.1758816242218018
2016-07-07,1.8922910690307617,2.170642375946045
2016-07-08,1.949231505393982,2.2559707164764404
2016-07-11,1.9929118156433105,2.312108039855957
2016-07-12,2.012411594390869,2.3951914310455322
2016-07-13,2.020212173461914,2.3442935943603516
2016-07-14,2.063112258911133,2.3884549140930176
2016-07-15,2.043612003326416,2.391448736190796
2016-07-18,2.074812412261963,2.425879716873169
2016-07-19,2.093532085418701,2.4475860595703125
2016-07-20,2.0966522693634033,2.435610294342041
2016-07-21,2.162172794342041,2.4902503490448
2016-07-22,2.20585298538208,2.4902503490448
2016-07-25,2.2035131454467773,2.514950752258301
2016-07-26,2.2183332443237305,2.568094253540039
2016-07-27,2.2300331592559814,2.6055190563201904
2016-07-28,2.1863529682159424,2.578572988510132
2016-07-29,2.214432954788208,2.5942916870117188
2016-08-01,2.193372964859009,2.534411668777466
2016-08-02,2.159052610397339,2.4954898357391357
2016-08-03,2.159832715988159,2.4588136672973633
2016-08-04,2.1918129920959473,2.4880049228668213
2016-08-05,2.2269132137298584,2.5808186531066895
2016-08-08,2.263573169708252,2.61749529838562
2016-08-09,2.2994534969329834,2.645937919616699
2016-08-10,2.310373544692993,2.6377041339874268
2016-08-11,2.3197333812713623,2.6721351146698
2016-08-12,2.327533721923828,2.6676440238952637
2016-08-15,2.3251936435699463,2.6990811824798584
2016-08-16,2.321293830871582,2.661656379699707
2016-08-17,2.3173935413360596,2.6399497985839844
2016-08-18,2.332993984222412,2.6788718700408936
2016-08-19,2.3088135719299316,2.662404775619507
2016-08-22,2.3166136741638184,2.6945900917053223
2016-08-23,2.3166136741638184,2.682614326477051
2016-08-24,2.3251936435699463,2.6930932998657227
2016-08-25,2.306473731994629,2.6549198627471924
2016-08-26,2.3134937286376953,2.6781232357025146
2016-08-29,2.3166136741638184,2.657165288925171
2016-08-30,2.3142735958099365,2.6796200275421143
2016-08-31,2.3166136741638184,2.651177406311035
2016-09-01,2.3173935413360596,2.690847635269165
2016-09-02,2.350153684616089,2.705817699432373
2016-09-05,2.3696539402008057,2.711805582046509
2016-09-06,2.3322136402130127,2.6115071773529053
2016-09-07,2.3407936096191406,2.5621063709259033
2016-09-08,2.3407936096191406,2.5793216228485107
2016-09-09,2.301013708114624,2.5029749870300293
2016-09-12,2.2128732204437256,2.4580650329589844
2016-09-13,2.066232204437256,2.3547723293304443
2016-09-14,2.066232204437256,2.3824667930603027
2016-09-15,2.02645206451416,2.371239423751831
2016-09-16,2.052192211151123,2.3061201572418213
2016-09-19,2.0420517921447754,2.3487844467163086
2016-09-20,2.067012071609497,2.3300719261169434
2016-09-21,2.0763723850250244,2.3704910278320312
2016-09-22,2.089632272720337,2.402676582336426
2016-09-23,2.0677921772003174,2.371987819671631
2016-09-26,2.0654520988464355,2.362257242202759
2016-09-27,2.03737211227417,2.322587013244629
2016-09-28,2.052971839904785,2.336060047149658
2016-09-29,2.0365917682647705,2.326329469680786
2016-09-30,1.996811866760254,2.3293235301971436
2016-10-03,2.023332118988037,2.3285751342773438
2016-10-04,2.051412343978882,2.380970001220703
2016-10-05,2.049072504043579,2.342796564102173
2016-10-06,2.046732187271118,2.3053715229034424
2016-10-07,2.0046117305755615,2.293395519256592
2016-10-10,2.0241119861602783,2.3113596439361572
2016-10-11,2.0280117988586426,2.331568956375122
2016-10-12,2.0069515705108643,2.316599130630493
2016-10-13,1.9702916145324707,2.2664496898651123
2016-10-14,2.0131919384002686,2.3188445568084717
2016-10-17,2.0077314376831055,2.333065986633301
2016-10-18,2.03581166267395,2.3749818801879883
2016-10-19,2.061551809310913,2.4573163986206055
2016-10-20,2.067012071609497,2.4288735389709473
2016-10-21,2.0537519454956055,2.3847124576568604
2016-10-24,2.0849521160125732,2.402676582336426
2016-10-25,2.0716922283172607,2.3734848499298096
2016-10-26,2.0904123783111572,2.4101614952087402
2016-10-27,2.083392381668091,2.3637542724609375
2016-10-28,2.098212480545044,2.3600120544433594
2016-10-31,2.0826122760772705,2.3779759407043457
2016-11-01,2.058432102203369,2.348036050796509
2016-11-02,2.0194318294525146,2.32108998298645
2016-11-03,2.0139718055725098,2.312856435775757
2016-11-04,1.9983717203140259,2.3061201572418213
2016-11-07,2.0475122928619385,2.381718397140503
2016-11-08,2.054532289505005,2.3734848499298096
2016-11-09,2.046732187271118,2.376478672027588
2016-11-10,2.0537519454956055,2.341299295425415
2016-11-11,2.052192211151123,2.3008806705474854
2016-11-14,2.07013201713562,2.3689937591552734
2016-11-15,2.0732522010803223,2.3016293048858643
2016-11-16,2.063112258911133,2.342047929763794
2016-11-17,2.0740323066711426,2.3704910278320312
2016-11-18,2.0943124294281006,2.473783493041992
2016-11-21,2.103672504425049,2.5074658393859863
2016-11-22,2.1434526443481445,2.5868067741394043
2016-11-23,2.151252508163452,2.572585105895996
2016-11-24,2.226133108139038,2.657165288925171
2016-11-25,2.2822933197021484,2.7484822273254395
2016-11-28,2.275273323059082,2.6990811824798584
2016-11-29,2.2705934047698975,2.697584390640259
2016-11-30,2.2885334491729736,2.7395002841949463
2016-12-01,2.326753854751587,2.7537214756011963
2016-12-02,2.2963337898254395,2.6721351146698
2016-12-05,2.2939932346343994,2.720787763595581
2016-12-06,2.338453769683838,2.7619550228118896
2016-12-07,2.414114475250244,2.8210861682891846
2016-12-08,2.477294921875,2.858511209487915
2016-12-09,2.440634250640869,2.843541145324707
2016-12-12,2.425814151763916,2.800877094268799
2016-12-13,2.442194700241089,2.829319715499878
2016-12-14,2.469494581222534,2.829319715499878
2016-12-15,2.481194496154785,2.8914449214935303
2016-12-16,2.5350148677825928,2.9266245365142822
2016-12-19,2.503035068511963,2.9041695594787598
2016-12-20,2.547494888305664,2.892193555831909
2016-12-21,2.526434898376465,2.8472836017608643
2016-12-22,2.509274482727051,2.795637369155884
2016-12-23,2.5194149017333984,2.8540198802948
2016-12-27,2.5490548610687256,2.9049179553985596
2016-12-28,2.546715021133423,2.8847086429595947
2016-12-29,2.558414936065674,2.9049179553985596
2016-12-30,2.546715021133423,2.892193555831909
2017-01-02,2.608335494995117,2.9692888259887695
2017-01-03,2.6005356311798096,2.9692888259887695
2017-01-04,2.6091156005859375,2.986504077911377
2017-01-05,2.5974152088165283,2.9752767086029053
2017-01-06,2.5864953994750977,2.9595584869384766
2017-01-09,2.558414936065674,2.9168941974639893
2017-01-10,2.5662152767181396,2.9153969287872314
2017-01-11,2.5545153617858887,2.9146485328674316
2017-01-12,2.5896151065826416,2.9408457279205322
2017-01-13,2.6005356311798096,2.9505763053894043
2017-01-16,2.5662152767181396,3.0186893939971924
2017-01-17,2.5599751472473145,2.971534252166748
2017-01-18,2.5716753005981445,3.011204481124878
2017-01-19,2.564655303955078,3.006713628768921
2017-01-20,2.5740151405334473,3.07407808303833
2017-01-23,2.5459351539611816,3.014946699142456
2017-01-24,2.5724551677703857,3.0680904388427734
2017-01-25,2.579475164413452,3.0680904388427734
2017-01-26,2.6785359382629395,3.1264731884002686
2017-01-27,2.6988158226013184,3.113748788833618
2017-01-30,2.641875743865967,3.059108257293701
2017-01-31,2.627835273742676,3.035905122756958
2017-02-01,2.6761956214904785,3.065845012664795
2017-02-02,2.71207594871521,3.1025211811065674
2017-02-03,2.705836057662964,3.089048147201538
2017-02-06,2.6621556282043457,3.0538687705993652
2017-02-07,2.700376033782959,3.0882997512817383
2017-02-08,2.659815788269043,3.065096139907837
2017-02-09,2.7300162315368652,3.0568628311157227
2017-02-10,2.7300162315368652,3.065845012664795
2017-02-13,2.705836057662964,3.065096139907837
2017-02-14,2.7019357681274414,3.07482647895813
2017-02-15,2.7042760848999023,3.217041015625
2017-02-16,2.7105157375335693,3.223778009414673
2017-02-17,2.703495979309082,3.208807945251465
2017-02-20,2.6910157203674316,3.193089008331299
2017-02-21,2.741716146469116,3.246232509613037
2017-02-22,2.7534162998199463,3.229017496109009
2017-02-23,2.7947564125061035,3.223778009414673
2017-02-24,2.7807164192199707,3.255963087081909
2017-02-27,2.7892963886260986,3.237999200820923
2017-02-28,2.7822763919830322,3.221532106399536
2017-03-01,2.8462367057800293,3.3278191089630127
2017-03-02,2.83609676361084,3.305363893508911
2017-03-03,2.8087966442108154,3.270933151245117
2017-03-06,2.784616470336914,3.1751255989074707
2017-03-07,2.778376579284668,3.158658504486084
2017-03-08,2.7768161296844482,3.139197587966919
2017-03-09,2.776036262512207,3.143688440322876
2017-03-10,2.779156446456909,3.137700319290161
2017-03-13,2.786956548690796,3.133958101272583
2017-03-14,2.784616470336914,3.113748788833618
2017-03-15,2.7713561058044434,3.069587230682373
2017-03-16,2.7861764430999756,3.118988037109375
2017-03-17,2.808016300201416,3.127969980239868
2017-03-20,2.8228366374969482,3.1324613094329834
2017-03-21,2.804116725921631,3.099527359008789
2017-03-22,2.808016300201416,3.09877872467041
2017-03-23,2.78149676322937,3.115245819091797
2017-03-24,2.798656463623047,3.1130001544952393
2017-03-27,2.7690162658691406,3.061353921890259
2017-03-28,2.8087966442108154,3.1414432525634766
2017-03-29,2.8867969512939453,3.120485305786133
2017-03-30,2.9016172885894775,3.1511735916137695
2017-03-31,2.937497138977051,3.1362035274505615
2017-04-03,2.9187774658203125,3.124976396560669
2017-04-04,2.9538776874542236,3.148928165435791
2017-04-05,2.9507575035095215,3.1362035274505615
2017-04-06,2.9663572311401367,3.160155773162842
2017-04-07,2.9507575035095215,3.1519219875335693
2017-04-10,2.9601173400878906,3.158658504486084
2017-04-11,2.9601173400878906,3.1167426109313965
2017-04-12,2.9484174251556396,3.1167426109313965
2017-04-13,2.946077346801758,3.0875513553619385
2017-04-18,2.8930373191833496,3.049377679824829
2017-04-19,2.8844568729400635,3.0882997512817383
2017-04-20,2.8984973430633545,3.16314959526062
2017-04-21,2.8758769035339355,3.133209705352783
2017-04-24,2.9398372173309326,3.1893470287323
2017-04-25,2.960897445678711,3.1885986328125
2017-04-26,2.999117612838745,3.2252748012542725
2017-04-27,2.9796175956726074,3.202071189880371
2017-04-28,3.0310981273651123,3.207310914993286
2017-05-02,3.096618413925171,3.241741418838501
2017-05-03,3.108318328857422,3.2447357177734375
2017-05-04,3.1075382232666016,3.285902976989746
2017-05-05,3.0810182094573975,3.2402446269989014
2017-05-08,3.112218141555786,3.2933881282806396
2017-05-09,3.1340584754943848,3.3240764141082764
2017-05-10,3.1067583560943604,3.2791664600372314
2017-05-11,3.096618413925171,3.3228251934051514
2017-05-12,3.117678642272949,3.329969882965088
2017-05-15,3.155118703842163,3.392679452896118
2017-05-16,3.1449787616729736,3.337907314300537
2017-05-17,3.065418243408203,3.250589609146118
2017-05-18,3.0084779262542725,3.2299511432647705
2017-05-19,3.0693180561065674,3.3498144149780273
2017-05-22,3.0810182094573975,3.3736281394958496
2017-05-23,3.120018482208252,3.43633770942688
2017-05-24,3.116898536682129,3.4665021896362305
2017-05-25,3.1301581859588623,3.4847593307495117
2017-05-26,3.116898536682129,3.453801155090332
2017-05-29,3.148879051208496,3.4903159141540527
2017-05-30,3.1371781826019287,3.4720587730407715
2017-05-31,3.143418788909912,3.4450697898864746
2017-06-01,3.1761789321899414,3.485553026199341
2017-06-02,3.2913856506347656,3.4926974773406982
2017-06-05,3.2657103538513184,3.480790853500366
2017-06-06,3.307121992111206,3.4934911727905273
2017-06-07,3.329484224319458,3.4720587730407715
2017-06-08,3.2607412338256836,3.3712470531463623
2017-06-09,3.2831032276153564,3.409349203109741
2017-06-12,3.2209861278533936,3.419668436050415
2017-06-13,3.307950258255005,3.4728524684906006
2017-06-14,3.2996678352355957,3.497460126876831
2017-06-15,3.2334096431732178,3.3910915851593018
2017-06-16,3.2300965785980225,3.4672958850860596
2017-06-19,3.3129196166992188,3.4990479946136475
2017-06-20,3.315404176712036,3.437131404876709
2017-06-21,3.2913856506347656,3.4569764137268066
2017-06-22,3.2731642723083496,3.3863284587860107
2017-06-23,3.2565996646881104,3.358546018600464
2017-06-26,3.267366886138916,3.3466391563415527
2017-06-27,3.235894203186035,3.336319923400879
2017-06-28,3.1953108310699463,3.30456805229187
2017-06-29,3.11248779296875,3.2696409225463867
2017-06-30,3.1315371990203857,3.2037558555603027
2017-07-03,3.1563093662261963,3.242652177810669
2017-07-04,3.1546008586883545,3.2355079650878906
2017-07-05,3.200728178024292,3.2529714107513428
2017-07-06,3.206707715988159,3.2005808353424072
2017-07-07,3.1853528022766113,3.1735918521881104
2017-07-10,3.1844983100891113,3.176766872406006
2017-07-11,3.1768105030059814,3.148984432220459
2017-07-12,3.186206817626953,3.1688292026519775
2017-07-13,3.195603132247925,3.1918489933013916
2017-07-14,3.208416223526001,3.21169376373291
2017-07-17,3.2348968982696533,3.2243945598602295
2017-07-18,3.194748878479004,3.1751794815063477
2017-07-19,3.187060832977295,3.1894679069519043
2017-07-20,3.2203750610351562,3.210900068283081
2017-07-21,3.2041451930999756,3.1966116428375244
2017-07-24,3.163997173309326,3.187880039215088
2017-07-25,3.15887188911438,3.1624786853790283
2017-07-26,3.138370990753174,3.149778127670288
2017-07-27,3.186206817626953,3.1291394233703613
2017-07-28,3.0922434329986572,3.0410282611846924
2017-07-31,3.109328031539917,3.0481719970703125
2017-08-01,3.114452838897705,3.0529348850250244
2017-08-02,3.0888266563415527,3.0426156520843506
2017-08-03,3.0401365756988525,3.006894826889038
2017-08-04,3.1178698539733887,3.066429376602173
2017-08-07,3.166559934616089,3.0759551525115967
2017-08-08,3.1605803966522217,3.0870680809020996
2017-08-09,3.152892589569092,3.060873031616211
2017-08-10,3.129828929901123,3.043409585952759
2017-08-11,3.1059107780456543,3.006894826889038
2017-08-14,3.1195783615112305,3.022770881652832
2017-08-15,3.0828471183776855,2.991018772125244
2017-08-16,3.1554553508758545,3.00530743598938
2017-08-17,3.166559934616089,2.9926064014434814
2017-08-18,3.1178698539733887,2.956092119216919
2017-08-21,3.123849391937256,2.9600613117218018
2017-08-22,3.1417877674102783,3.000544548034668
2017-08-23,3.152892589569092,2.971967935562134
2017-08-24,3.1187241077423096,2.960855007171631
2017-08-25,3.114452838897705,2.9767308235168457
2017-08-28,3.0913894176483154,2.960855007171631
2017-08-29,3.0324487686157227,2.8981449604034424
2017-08-30,3.058929443359375,2.9330718517303467
2017-08-31,3.0623462200164795,2.913227081298828
2017-09-01,3.094805955886841,2.9489479064941406
2017-09-04,3.08626389503479,2.944185256958008
2017-09-05,3.0418450832366943,2.8981449604034424
2017-09-06,3.10249400138855,2.941009998321533
2017-09-07,3.064908742904663,2.8941760063171387
2017-09-08,3.046116352081299,2.8806815147399902
2017-09-11,3.122140884399414,2.983081102371216
2017-09-12,3.1417877674102783,2.983081102371216
2017-09-13,3.1853528022766113,3.021976947784424
2017-09-14,3.1904776096343994,3.0243585109710693
2017-09-15,3.236605167388916,3.0211832523345947
2017-09-18,3.3826754093170166,3.1283457279205322
2017-09-19,3.3912174701690674,3.1847050189971924
2017-09-20,3.4202606678009033,3.2696409225463867
2017-09-21,3.457845687866211,3.2744038105010986
2017-09-22,3.431365489959717,3.270434617996216
2017-09-25,3.5039732456207275,3.321237802505493
2017-09-26,3.4604084491729736,3.314093828201294
2017-09-27,3.4475951194763184,3.337907314300537
2017-09-28,3.4962854385375977,3.413317918777466
2017-09-29,3.522765874862671,3.546675205230713
2017-10-02,3.5313076972961426,3.645106077194214
2017-10-03,3.6056244373321533,3.7705254554748535
2017-10-04,3.626979351043701,3.9530982971191406
2017-10-05,3.664564847946167,4.056291580200195
2017-10-06,3.635521650314331,4.080898761749268
2017-10-09,3.6901915073394775,4.207112789154053
2017-10-10,3.707275390625,4.215844631195068
2017-10-11,3.6748156547546387,4.180123329162598
2017-10-12,3.7346105575561523,4.307131290435791
2017-10-13,3.693608045578003,4.2610907554626465
2017-10-16,3.705566644668579,4.328563213348389
2017-10-17,3.707275390625,4.27061653137207
2017-10-18,3.69873309135437,4.299986362457275
2017-10-19,3.692753791809082,4.27061653137207
2017-10-20,3.7047128677368164,4.3269758224487305
2017-10-23,3.714109182357788,4.356346130371094
2017-10-24,3.702150344848633,4.344439506530762
2017-10-25,3.6620023250579834,4.296811580657959
2017-10-26,3.7534029483795166,4.3769850730896
2017-10-27,3.7474234104156494,4.368252754211426
2017-10-30,3.7252140045166016,4.360315322875977
2017-10-31,3.7405896186828613,4.3539652824401855
2017-11-01,3.8268649578094482,4.422231197357178
2017-11-02,3.8593251705169678,4.4825592041015625
2017-11-03,3.8524913787841797,4.508754253387451
2017-11-06,3.7422983646392822,4.144402980804443
2017-11-07,3.721797227859497,4.258708953857422
2017-11-08,3.6884827613830566,4.268234729766846
2017-11-09,3.5979361534118652,4.262678623199463
2017-11-10,3.57828950881958,4.216638088226318
2017-11-13,3.538141965866089,4.191236972808838
2017-11-14,3.512515068054199,4.163454055786133
2017-11-15,3.4749298095703125,4.098362922668457
2017-11-16,3.523620128631592,4.1896491050720215
2017-11-17,3.494576930999756,4.14757776260376
2017-11-20,3.566330671310425,4.180917739868164
2017-11-21,3.5492465496063232,4.15948486328125
2017-11-22,3.5321621894836426,4.150753021240234
2017-11-23,3.52959942817688,4.126939296722412
2017-11-24,3.5022644996643066,4.015808582305908
2017-11-27,3.556934118270874,4.038034439086914
2017-11-28,3.5962278842926025,4.06026029586792
2017-11-29,3.600499391555786,4.155516147613525
2017-11-30,3.572310209274292,4.1293206214904785
2017-12-01,3.5620596408843994,4.141227722167969
2017-12-04,3.5885400772094727,4.193618297576904
2017-12-05,3.606478452682495,4.312687873840332
2017-12-06,3.606478452682495,4.3380889892578125
2017-12-07,3.644918203353882,4.381747722625732
2017-12-08,3.6303963661193848,4.38968563079834
2017-12-11,3.65004301071167,4.376191139221191
2017-12-12,3.6380841732025146,4.3539652824401855
2017-12-13,3.6893367767333984,4.336501121520996
2017-12-14,3.69873309135437,4.310306072235107
2017-12-15,3.702150344848633,4.311893939971924
2017-12-18,3.7730493545532227,4.351583480834961
2017-12-19,3.7619447708129883,4.328563213348389
2017-12-20,3.723505735397339,4.313481330871582
2017-12-21,3.7183799743652344,4.27061653137207
2017-12-22,3.69873309135437,4.201556205749512
2017-12-27,3.6722524166107178,4.145196914672852
2017-12-28,3.6440634727478027,4.132495403289795
2017-12-29,3.6321048736572266,4.104713439941406
2018-01-02,3.729484796524048,4.12773323059082
2018-01-03,3.794404983520508,4.21505069732666
2018-01-04,3.835407018661499,4.262678623199463
2018-01-05,3.8200314044952393,4.191236972808838
2018-01-08,3.8627419471740723,4.207112789154053
2018-01-09,3.9122860431671143,4.222989082336426
2018-01-10,3.9174110889434814,4.15948486328125
2018-01-11,3.8969099521636963,4.143609046936035
2018-01-12,3.8917853832244873,4.080105304718018
2018-01-15,3.920828342437744,4.064229488372803
2018-01-16,3.9242448806762695,4.056291580200195
2018-01-17,3.886659622192383,4.032477855682373
2018-01-18,3.934495210647583,4.032477855682373
2018-01-19,3.9737889766693115,4.095981121063232
2018-01-22,3.977206230163574,4.088043689727783
2018-01-23,3.963538646697998,4.080105304718018
2018-01-24,3.905452251434326,4.024539947509766
2018-01-25,3.878117799758911,3.9848504066467285
2018-01-26,3.8815345764160156,3.9411916732788086
2018-01-29,3.8798258304595947,3.933253288269043
2018-01-30,3.8798258304595947,3.8260915279388428
2018-01-31,3.8627419471740723,3.861811637878418
2018-02-01,3.792696237564087,3.76655650138855
2018-02-02,3.7124011516571045,3.6990838050842285
2018-02-05,3.601353406906128,3.6316115856170654
2018-02-06,3.6030616760253906,3.6593942642211914
2018-02-07,3.6167290210723877,3.750680446624756
2018-02-08,3.5313076972961426,3.5879530906677246
2018-02-09,3.4339280128479004,3.5006353855133057
2018-02-12,3.492013931274414,3.611767053604126
2018-02-13,3.515932321548462,3.524449110031128
2018-02-14,3.538141965866089,3.5006353855133057
2018-02-15,3.5962278842926025,3.536355972290039
2018-02-16,3.6184375286102295,3.568108081817627
2018-02-19,3.6252710819244385,3.5720770359039307
2018-02-20,3.77219557762146,3.667332172393799
2018-02-21,3.8541996479034424,3.7705254554748535
2018-02-22,3.855908155441284,3.7586188316345215
2018-02-23,3.7756123542785645,3.7546494007110596
2018-02-26,3.8234479427337646,3.7546494007110596
2018-02-27,3.8166146278381348,3.707022190093994
2018-02-28,3.8046553134918213,3.7109909057617188
2018-03-01,3.7397353649139404,3.635580539703369
2018-03-02,3.671398401260376,3.5323870182037354
2018-03-05,3.702150344848633,3.639549732208252
2018-03-06,3.784154176712036,3.707022190093994
2018-03-07,3.8097805976867676,3.651456594467163
2018-03-08,3.893493413925171,3.794339418411255
2018-03-09,3.8473663330078125,3.7744944095611572
2018-03-12,3.864450454711914,3.849905014038086
2018-03-13,3.9191198348999023,3.8538739681243896
2018-03-14,3.9259533882141113,3.87768816947937
2018-03-15,3.9157025814056396,3.8895950317382812
2018-03-16,3.978914260864258,4.07216739654541
2018-03-19,4.043834209442139,4.032477855682373
2018-03-20,4.072877883911133,4.048353672027588
2018-03-21,4.119004726409912,4.143609046936035
2018-03-22,4.086545467376709,4.119795322418213
2018-03-23,4.048959732055664,4.15948486328125
2018-03-26,4.0318756103515625,4.222989082336426
2018-03-27,4.13438081741333,4.302368640899658
2018-03-28,4.074585914611816,4.262678623199463
2018-03-29,4.089962005615234,4.302368640899658
2018-04-03,4.062626838684082,4.27061653137207
2018-04-04,4.030167102813721,4.2785539627075195
2018-04-05,4.088253498077393,4.326181888580322
2018-04-06,4.0387091636657715,4.429375171661377
2018-04-09,4.0318756103515625,4.373810291290283
2018-04-10,4.014791011810303,4.373810291290283
2018-04-11,4.00624942779541,4.365871906280518
2018-04-12,4.01991605758667,4.397623538970947
2018-04-13,4.040417194366455,4.38968563079834
2018-04-16,3.997706890106201,4.3499956130981445
2018-04-17,4.035292148590088,4.342058181762695
2018-04-18,4.069460868835449,4.445250988006592
2018-04-19,4.091670513153076,4.596072196960449
2018-04-20,4.074585914611816,4.683389663696289
2018-04-23,4.089962005615234,4.770707607269287
2018-04-24,4.1463398933410645,4.881838321685791
2018-04-25,4.1172966957092285,4.7786455154418945
2018-04-26,4.1241302490234375,4.738955497741699
2018-04-27,4.168549060821533,4.7627692222595215
2018-04-30,4.13438081741333,4.754831314086914
2018-05-02,4.171966075897217,4.842148303985596
2018-05-03,4.168549060821533,4.818335056304932
2018-05-04,4.139505863189697,4.810396671295166
2018-05-07,4.253970623016357,4.850086688995361
2018-05-08,4.216385364532471,4.865962505340576
2018-05-09,4.2249274253845215,4.953279495239258
2018-05-10,4.233469009399414,4.921527862548828
2018-05-11,4.245428085327148,4.873899936676025
2018-05-14,4.253970623016357,5.0723490715026855
2018-05-15,4.476064682006836,5.294611930847168
2018-05-16,4.591383457183838,5.9931511878967285
2018-05-17,4.625552177429199,6.072530746459961
2018-05-18,4.557215213775635,6.048717021942139
2018-05-21,4.625552177429199,6.13603401184082
2018-05-22,4.638365268707275,6.223351955413818
2018-05-23,4.587112903594971,6.167786121368408
2018-05-24,4.56148624420166,6.215413570404053
2018-05-25,4.57857084274292,6.096343994140625
2018-05-28,4.544402122497559,6.154168605804443
2018-05-29,4.463252067565918,6.046780586242676
2018-05-30,4.5102338790893555,6.253296375274658
2018-05-31,4.56148624420166,6.52589750289917
2018-06-01,4.651178359985352,6.534157752990723
2018-06-04,4.753683567047119,6.608503341674805
2018-06-05,4.7793097496032715,6.608503341674805
2018-06-06,4.817749500274658,6.757195472717285
2018-06-07,4.8647308349609375,7.03805685043335
2018-06-08,5.039844512939453,7.302396297454834
2018-06-11,5.0740132331848145,7.1784868240356445
2018-06-12,5.0654706954956055,7.1784868240356445
2018-06-13,5.112452507019043,7.294135570526123
2018-06-14,4.971508026123047,7.170226573944092
2018-06-15,4.858405113220215,6.955450057983398
2018-06-18,4.795599937438965,6.971971035003662
2018-06-19,4.768683910369873,6.897625923156738
2018-06-20,4.638587951660156,6.740673542022705
2018-06-21,4.419668197631836,6.76545524597168
2018-06-22,4.656532287597656,7.112401962280273
2018-06-25,4.575782775878906,7.062838554382324
2018-06-26,4.638587951660156,7.145443916320801
2018-06-27,4.647560119628906,7.252831935882568
2018-06-28,4.6071858406066895,7.252831935882568
2018-06-29,4.575782775878906,7.145443916320801
2018-07-02,4.5354084968566895,7.07935905456543
2018-07-03,4.4860615730285645,7.071099281311035
2018-07-04,4.4591450691223145,7.104142189025879
2018-07-05,4.469912052154541,7.087619781494141
2018-07-06,4.508492469787598,7.137184143066406
2018-07-09,4.5488667488098145,7.21152925491333
2018-07-10,4.575782775878906,7.409785270690918
2018-07-11,4.5578389167785645,7.484130859375
2018-07-12,4.6026997566223145,7.541954517364502
2018-07-13,4.5533528327941895,7.5171732902526855
2018-07-16,4.5668110847473145,7.459347724914551
2018-07-17,4.5578389167785645,7.4923906326293945
2018-07-18,4.5623250007629395,7.459347724914551
2018-07-19,4.5623250007629395,7.508912086486816
2018-07-20,4.490548133850098,7.376742362976074
2018-07-23,4.475295543670654,7.277615070343018
2018-07-24,4.444789886474609,7.285874843597412
2018-07-25,4.499520301818848,7.261093616485596
2018-07-26,4.457351207733154,7.401523590087891
2018-07-27,4.421462535858154,7.327178478240967
2018-07-30,4.453762531280518,7.335439205169678
2018-07-31,4.381985187530518,7.228050708770752
2018-08-01,4.408901691436768,7.269354343414307
2018-08-02,4.365835666656494,7.170226573944092
2018-08-03,4.399929046630859,7.195007801055908
2018-08-06,4.484267711639404,7.335439205169678
2018-08-07,4.473501205444336,7.3436994552612305
2018-08-08,4.512978553771973,7.335439205169678
2018-08-09,4.526436805725098,7.409785270690918
2018-08-10,4.475295543670654,7.409785270690918
2018-08-13,4.128971576690674,7.161965847015381
2018-08-14,4.033866882324219,7.07935905456543
2018-08-15,3.854424476623535,6.823279857635498
2018-08-16,4.015922546386719,6.938928604125977
2018-08-17,3.9046685695648193,6.897625923156738
2018-08-20,3.9154345989227295,6.839800834655762
2018-08-21,3.9800338745117188,6.798497676849365
2018-08-22,3.9800338745117188,6.914146900177002
2018-08-23,3.9656789302825928,6.889365196228027
2018-08-24,3.976445436477661,6.864583492279053
2018-08-27,3.9692673683166504,6.856322765350342
2018-08-28,3.9818286895751953,6.864583492279053
2018-08-29,3.9423513412475586,6.7902374267578125
2018-08-30,3.884929656982422,6.666327476501465
2018-08-31,3.8616020679473877,6.575461387634277
2018-09-03,3.8562188148498535,6.58372163772583
2018-09-04,3.7790584564208984,6.517636299133301
2018-09-05,3.7431700229644775,6.3937273025512695
2018-09-06,3.7018980979919434,6.368945598602295
2018-09-07,3.6606266498565674,6.385466575622559
2018-09-10,3.7072815895080566,6.459812164306641
2018-09-11,3.709075927734375,6.468072891235352
2018-09-12,3.845452070236206,6.591982364654541
2018-09-13,3.831096887588501,6.625025272369385
2018-09-14,3.8185360431671143,6.649806976318359
2018-09-17,3.8059751987457275,6.7158918380737305
2018-09-18,3.866985321044922,6.930668354034424
2018-09-19,3.9118459224700928,6.856322765350342
2018-09-20,3.926201343536377,6.7902374267578125
2018-09-21,3.8741631507873535,6.740673542022705
2018-09-24,3.8203301429748535,6.856322765350342
2018-09-25,3.753936529159546,6.922407627105713
2018-09-26,3.744964122772217,6.905886173248291
2018-09-27,3.8472466468811035,6.881104469299316
2018-09-28,3.7844417095184326,6.823279857635498
2018-10-01,3.87595796585083,6.839800834655762
2018-10-02,3.949528932571411,6.806758403778076
2018-10-03,3.8831353187561035,6.76545524597168
2018-10-04,3.8562188148498535,7.112401962280273
2018-10-05,3.786236047744751,7.294135570526123
2018-10-08,3.7054872512817383,7.145443916320801
2018-10-09,3.768291711807251,7.244572162628174
2018-10-10,3.4991283416748047,6.459812164306641
2018-10-11,3.73240327835083,6.1624298095703125
2018-10-12,3.6785707473754883,6.385466575622559
2018-10-15,3.673187494277954,6.170690059661865
2018-10-16,3.768291711807251,6.26981782913208
2018-10-17,3.7844417095184326,6.063302040100098
2018-10-18,3.813152551651001,6.021998882293701
2018-10-19,3.6803653240203857,6.112865924835205
2018-10-22,3.7162539958953857,6.145908355712891
2018-10-23,3.6355044841766357,5.8980889320373535
2018-10-24,3.6265320777893066,5.765919208526611
2018-10-25,3.798797369003296,6.245035648345947
2018-10-26,3.7880308628082275,6.245035648345947
2018-10-29,3.8831353187561035,6.302860260009766
2018-10-30,3.9477345943450928,6.3937273025512695
2018-10-31,3.9477345943450928,6.4019880294799805
2018-11-01,3.77726411819458,6.32764196395874
2018-11-02,3.741375684738159,6.154168605804443
2018-11-05,3.6983096599578857,6.063302040100098
2018-11-06,3.723431348800659,6.0054779052734375
2018-11-07,3.7162539958953857,6.145908355712891
2018-11-08,3.7018980979919434,6.170690059661865
2018-11-09,3.691131591796875,6.063302040100098
2018-11-12,3.619354724884033,5.873307704925537
2018-11-13,3.6157660484313965,5.922871112823486
2018-11-14,3.590643882751465,5.856786251068115
2018-11-15,3.5439889430999756,5.732876777648926
2018-11-16,3.5116894245147705,5.774179935455322
2018-11-19,3.5152781009674072,5.774179935455322
2018-11-20,3.4345290660858154,5.658531188964844
2018-11-21,3.4435012340545654,5.7411370277404785
2018-11-22,3.3842852115631104,5.625488758087158
2018-11-23,3.269442081451416,5.452015399932861
2018-11-26,3.319685697555542,5.542882442474365
2018-11-27,3.233553647994995,5.394191265106201
2018-11-28,3.3806960582733154,5.3446269035339355
2018-11-29,3.391462802886963,5.3528876304626465
2018-11-30,3.323274612426758,5.303324222564697
2018-12-03,3.4488844871520996,5.534621238708496
2018-12-04,3.3214802742004395,5.427233695983887
2018-12-05,3.3214802742004395,5.0389838218688965
2018-12-06,3.319685697555542,4.8820319175720215
2018-12-07,3.2407310009002686,4.898553371429443
2018-12-10,3.1725430488586426,4.692037582397461
2018-12-11,3.1725430488586426,4.700298309326172
2018-12-12,3.210225820541382,4.832468032836914
2018-12-13,3.170748472213745,4.716819763183594
2018-12-14,3.151010036468506,4.634213447570801
2018-12-17,3.0720553398132324,4.518564224243164
2018-12-18,3.1366546154022217,4.551607131958008
2018-12-19,3.12947678565979,4.733340740203857
2018-12-20,3.0989716053009033,4.609431266784668
2018-12-21,3.1635708808898926,4.584649562835693
2018-12-24,3.1635708808898926,4.526824951171875
2018-12-27,3.1133270263671875,4.526824951171875
2018-12-28,3.1815152168273926,4.6424736976623535
2018-12-31,3.2299644947052,4.791165351867676
2019-01-02,3.2640585899353027,4.915074348449707
2019-01-03,3.215609312057495,4.832468032836914
2019-01-04,3.364546537399292,5.138111114501953
2019-01-07,3.3860795497894287,5.171154022216797
2019-01-08,3.3950514793395996,5.245499610900879
2019-01-09,3.3842852115631104,5.1215901374816895
2019-01-10,3.4165847301483154,5.146371841430664
2019-01-11,3.474006414413452,5.187675476074219
2019-01-14,3.4937450885772705,5.1959357261657715
2019-01-15,3.5529611110687256,5.328105449676514
2019-01-16,3.5583443641662598,5.4602766036987305
2019-01-17,3.7018980979919434,5.559403419494629
2019-01-18,3.723431348800659,5.724616050720215
2019-01-21,3.696514844894409,5.732876777648926
2019-01-22,3.709075927734375,5.708094596862793
2019-01-23,3.73240327835083,5.840265274047852
2019-01-24,3.7198424339294434,5.790701389312744
2019-01-25,3.804180383682251,5.8980889320373535
2019-01-28,3.718048334121704,5.782440662384033
2019-01-29,3.7664976119995117,5.840265274047852
2019-01-30,3.854424476623535,5.914610385894775
2019-01-31,3.834685802459717,5.972434997558594
2019-02-01,3.8418633937835693,5.8980889320373535
2019-02-04,3.7736752033233643,5.922871112823486
2019-02-05,3.825713634490967,5.972434997558594
2019-02-06,3.872368335723877,6.055041313171387
2019-02-07,3.8113582134246826,5.980695724487305
2019-02-08,3.757525682449341,5.997217178344727
2019-02-11,3.7521424293518066,6.030259609222412
2019-02-12,3.816741704940796,6.1624298095703125
2019-02-13,3.723431348800659,6.261557102203369
2019-02-14,3.741375684738159,6.030259609222412
2019-02-15,3.7880308628082275,6.055041313171387
2019-02-18,3.7916195392608643,6.013738632202148
2019-02-19,3.8777520656585693,5.95591402053833
2019-02-20,3.9638848304748535,6.030259609222412
2019-02-21,3.9459400177001953,5.947652816772461
2019-02-22,3.935173511505127,5.8980889320373535
2019-02-25,3.9333789348602295,5.8980889320373535
2019-02-26,3.9477345943450928,5.964174270629883
2019-02-27,3.9118459224700928,5.95591402053833
2019-02-28,3.866985321044922,5.931131839752197
2019-03-01,3.87595796585083,6.030259609222412
2019-03-04,3.9549121856689453,6.261557102203369
2019-03-05,3.976445436477661,6.2367753982543945
2019-03-06,3.9925949573516846,6.245035648345947
2019-03-07,3.9244072437286377,6.104604721069336
2019-03-08,3.8562188148498535,5.972434997558594
2019-03-11,3.8831353187561035,6.030259609222412
2019-03-12,3.8203301429748535,5.88156795501709
2019-03-13,3.831096887588501,5.914610385894775
2019-03-14,3.8885185718536377,6.4019880294799805
2019-03-15,3.854424476623535,6.203732967376709
2019-03-18,3.845452070236206,6.063302040100098
2019-03-19,3.866985321044922,6.063302040100098
2019-03-20,3.82212495803833,5.997217178344727
2019-03-21,3.7934141159057617,5.972434997558594
2019-03-22,3.6534488201141357,5.774179935455322
2019-03-25,3.6337103843688965,5.765919208526611
2019-03-26,3.6067938804626465,5.584185600280762
2019-03-27,3.6121771335601807,5.650270938873291
2019-03-28,3.6247379779815674,5.708094596862793
2019-03-29,3.6606266498565674,5.765919208526611
2019-04-01,3.730609178543091,5.819613456726074
2019-04-02,3.735992193222046,5.827874183654785
2019-04-03,3.762908458709717,6.021998882293701
2019-04-04,3.75034761428833,5.927001953125
2019-04-05,3.73240327835083,5.98482608795166
2019-04-08,3.730609178543091,6.009608268737793
2019-04-09,3.700103998184204,5.889828681945801
2019-04-10,3.718048334121704,5.914610385894775
2019-04-11,3.748553514480591,5.943522930145264
2019-04-12,3.804180383682251,6.0054779052734375
2019-04-15,3.850835084915161,6.083953380584717
2019-04-16,3.8616020679473877,6.0798234939575195
2019-04-17,3.7700865268707275,6.021998882293701
2019-04-18,3.832973003387451,6.017868518829346
2019-04-23,3.836817502975464,6.034389972686768
2019-04-24,3.758005142211914,5.889828681945801
2019-04-25,3.786839008331299,5.827874183654785
2019-04-26,3.811828374862671,5.939392566680908
2019-04-29,3.8137505054473877,5.840265274047852
2019-04-30,3.786839008331299,5.770050048828125
2019-05-02,3.759927272796631,5.7411370277404785
2019-05-03,3.6868817806243896,5.749398231506348
2019-05-06,3.619602918624878,5.683312892913818
2019-05-07,3.5638575553894043,5.489188194274902
2019-05-08,3.5004231929779053,5.398321151733398
2019-05-09,3.4619781970977783,5.381799697875977
2019-05-10,3.4196887016296387,5.31158447265625
2019-05-13,3.313964605331421,5.167023658752441
2019-05-14,3.323575735092163,5.191805362701416
2019-05-15,3.3216536045074463,5.187675476074219
2019-05-16,3.3716320991516113,5.216587543487549
2019-05-17,3.3850879669189453,5.286803245544434
2019-05-20,3.2562971115112305,5.092678070068359
2019-05-21,3.288975238800049,5.105069160461426
2019-05-22,3.2716751098632812,5.204196929931641
2019-05-23,3.219774007797241,5.063766002655029
2019-05-24,3.219774007797241,5.084417819976807
2019-05-27,3.2274632453918457,5.146371841430664
2019-05-28,3.1794068813323975,5.105069160461426
2019-05-29,3.0871386528015137,4.869641304016113
2019-05-30,3.0909833908081055,4.828337669372559
2019-05-31,3.0756051540374756,5.014202117919922
2019-06-03,3.0390822887420654,4.927465438842773
2019-06-04,3.1044390201568604,5.0389838218688965
2019-06-05,3.0621495246887207,4.927465438842773
2019-06-06,3.081372022628784,4.8820319175720215
2019-06-07,3.0756051540374756,4.898553371429443
2019-06-10,3.0871386528015137,4.9935503005981445
2019-06-11,3.1697957515716553,5.0389838218688965
2019-06-12,3.146728515625,5.072026252746582
2019-06-13,3.1909403800964355,5.336366653442383
2019-06-14,3.133272886276245,5.175283908843994
2019-06-17,3.083294153213501,4.997681140899658
2019-06-18,3.1178946495056152,5.092678070068359
2019-06-19,3.110205888748169,5.088547706604004
2019-06-20,3.1159725189208984,5.026593208312988
2019-06-21,3.123661518096924,5.125720500946045
2019-06-24,3.1063613891601562,5.186463356018066
2019-06-25,3.1255838871002197,5.46213960647583
2019-06-26,3.185173511505127,5.635022163391113
2019-06-27,3.2178518772125244,5.649039268493652
2019-06-28,3.2274632453918457,5.705109119415283
2019-07-01,3.27744197845459,5.821921348571777
2019-07-02,3.2793638706207275,5.793886184692383
2019-07-03,3.2389965057373047,5.695764064788818
2019-07-04,3.235152244567871,5.7191267013549805
2019-07-05,3.210162878036499,5.6724019050598145
2019-07-08,3.2082407474517822,5.705109119415283
2019-07-09,3.0890610218048096,5.536900043487549
2019-07-10,3.0871386528015137,5.569607257843018
2019-07-11,3.0756051540374756,5.504191875457764
2019-07-12,3.0794496536254883,5.583624362945557
2019-07-15,3.1121280193328857,5.630349636077881
2019-07-16,3.1140503883361816,5.64436674118042
2019-07-17,3.069838523864746,5.611659526824951
2019-07-18,3.0390822887420654,5.532227039337158
2019-07-19,3.0506160259246826,5.536900043487549
2019-07-22,3.0756051540374756,5.583624362945557
2019-07-23,3.146728515625,5.733144283294678
2019-07-24,3.148650884628296,5.770524501800537
2019-07-25,3.1140503883361816,5.728471755981445
2019-07-26,3.1005945205688477,5.728471755981445
2019-07-29,3.033315420150757,5.695764064788818
2019-07-30,2.966036796569824,5.66305685043335
2019-07-31,2.929513931274414,5.5602617263793945
2019-08-01,2.889146566390991,5.312620162963867
2019-08-02,2.7853450775146484,5.125720977783203
2019-08-05,2.727677345275879,5.064978122711182
2019-08-06,2.7103769779205322,5.069651126861572
2019-08-07,2.714221477508545,4.990218639373779
2019-08-08,2.775733709335327,5.242533206939697
2019-08-09,2.748821973800659,5.144410610198975
2019-08-12,2.727677345275879,5.093012809753418
2019-08-13,2.7988007068634033,5.233187675476074
2019-08-14,2.7603557109832764,5.097685813903809
2019-08-15,2.741133213043213,5.069651126861572
2019-08-16,2.81610107421875,5.153755187988281
2019-08-19,2.8718461990356445,5.242533206939697
2019-08-20,2.831479072570801,5.149083137512207
2019-08-21,2.892991065979004,5.228515148162842
2019-08-22,2.902602434158325,5.307947635650635
2019-08-23,2.8718461990356445,5.214498043060303
2019-08-26,2.9102914333343506,5.177117824554443
2019-08-27,2.9141359329223633,5.29860258102417
2019-08-28,2.8756909370422363,5.219170570373535
2019-08-29,2.9122135639190674,5.261222839355469
2019-08-30,2.9525809288024902,5.3733625411987305
2019-09-02,2.942969799041748,5.349999904632568
2019-09-03,2.9122135639190674,5.331310272216797
2019-09-04,2.9641146659851074,5.401397705078125
2019-09-05,2.981414794921875,5.448122501373291
2019-09-06,3.0025596618652344,5.429432392120361
2019-09-09,3.0371601581573486,5.611659526824951
2019-09-10,3.1121280193328857,5.705109119415283
2019-09-11,3.160184383392334,5.714454174041748
2019-09-12,3.1121280193328857,5.7191267013549805
2019-09-13,3.162106513977051,5.775196552276611
2019-09-16,3.1774845123291016,5.798559188842773
2019-09-17,3.1409616470336914,5.756506443023682
2019-09-18,3.0775272846221924,5.728471755981445
2019-09-19,3.108283519744873,5.770524501800537
2019-09-20,3.083294153213501,5.714454174041748
2019-09-23,3.0986721515655518,5.658384323120117
2019-09-24,3.058304786682129,5.64436674118042
2019-09-25,3.0371601581573486,5.583624362945557
2019-09-26,3.031393527984619,5.583624362945557
2019-09-27,3.0909833908081055,5.658384323120117
2019-09-30,3.1544177532196045,5.695764064788818
2019-10-01,3.060227155685425,5.616332054138184
2019-10-02,2.9852592945098877,5.438777446746826
2019-10-03,2.902602434158325,5.279912948608398
2019-10-04,2.919902801513672,5.223843097686768
2019-10-07,2.9256694316864014,5.036942958831787
2019-10-08,2.9333584308624268,4.868733882904053
2019-10-09,2.9621922969818115,4.793973922729492
2019-10-10,3.019859790802002,4.962183475494385
2019-10-11,3.1909403800964355,5.107030868530273
2019-10-14,3.1294283866882324,5.013580799102783
2019-10-15,3.1524953842163086,5.036942958831787
2019-10-16,3.1659510135650635,5.004235744476318
2019-10-17,3.1697957515716553,5.0275983810424805
2019-10-18,3.146728515625,5.004235744476318
2019-10-21,3.2063183784484863,5.149083137512207
2019-10-22,3.1890182495117188,5.107030868530273
2019-10-23,3.196707248687744,5.102358341217041
2019-10-24,3.2005515098571777,5.088340759277344
2019-10-25,3.1755623817443848,5.149083137512207
2019-10-28,3.1697957515716553,5.163100719451904
2019-10-29,3.1121280193328857,5.111702919006348
2019-10-30,3.0909833908081055,5.125720977783203
2019-10-31,3.1063613891601562,5.107030868530273
2019-11-01,3.150573253631592,5.186463356018066
2019-11-04,3.310120105743408,5.508864879608154
2019-11-05,3.3543319702148438,5.536900043487549
2019-11-06,3.3408761024475098,5.4668121337890625
2019-11-07,3.4331443309783936,5.508864879608154
2019-11-08,3.4216108322143555,5.588296890258789
2019-11-11,3.4465999603271484,5.649039268493652
2019-11-12,3.404310464859009,5.611659526824951
2019-11-13,3.4369888305664062,5.569607257843018
2019-11-14,3.4235329627990723,5.564934730529785
2019-11-15,3.4831230640411377,5.6724019050598145
2019-11-18,3.427377462387085,5.522881984710693
2019-11-19,3.454289197921753,5.4995198249816895
2019-11-20,3.402388334274292,5.434104919433594
2019-11-21,3.3697099685668945,5.406069755554199
2019-11-22,3.388932466506958,5.39205265045166
2019-11-25,3.465822458267212,5.3733625411987305
2019-11-26,3.479278326034546,5.321965217590332
2019-11-27,3.404310464859009,5.2939300537109375
2019-11-28,3.4196887016296387,5.345327377319336
2019-11-29,3.3543319702148438,5.279912948608398
2019-12-02,3.37739896774292,5.228515148162842
2019-12-03,3.323575735092163,5.111702919006348
2019-12-04,3.404310464859009,5.279912948608398
2019-12-05,3.390854835510254,5.265895366668701
2019-12-06,3.4715893268585205,5.359345436096191
2019-12-09,3.467744827270508,5.396725177764893
2019-12-10,3.440833330154419,5.378035068511963
2019-12-11,3.4600558280944824,5.3733625411987305
2019-12-12,3.481200695037842,5.46213960647583
2019-12-13,3.481200695037842,5.410742282867432
2019-12-16,3.4985010623931885,5.4761576652526855
2019-12-17,3.4619781970977783,5.4434494972229
2019-12-18,3.4350664615631104,5.420087814331055
2019-12-19,3.4081549644470215,5.424759864807129
2019-12-20,3.3946993350982666,5.340655326843262
2019-12-23,3.429299831390381,5.3032755851745605
2019-12-24,3.438911199569702,5.307947635650635
2019-12-27,3.465822458267212,5.3172926902771
2019-12-30,3.4600558280944824,5.326637268066406
2019-12-31,3.4485223293304443,5.307947635650635
2020-01-02,3.4946563243865967,5.368690013885498
2020-01-03,3.467744827270508,5.364017486572266
2020-01-06,3.4465999603271484,5.396725177764893
2020-01-07,3.4719998836517334,5.410742282867432
2020-01-08,3.436000108718872,5.378035068511963
2020-01-09,3.380000114440918,5.452795028686523
2020-01-10,3.384000062942505,5.438777446746826
2020-01-13,3.378000020980835,5.448122501373291
2020-01-14,3.371999979019165,5.4434494972229
2020-01-15,3.364000082015991,5.39205265045166
2020-01-16,3.380000114440918,5.5602617263793945
2020-01-17,3.3540000915527344,5.747161865234375
2020-01-20,3.385999917984009,5.849956512451172
2020-01-21,3.364000082015991,5.835938930511475
2020-01-22,3.374000072479248,5.733144283294678
2020-01-23,3.303999900817871,5.508864879608154
2020-01-24,3.3380000591278076,5.686419486999512
2020-01-27,3.253999948501587,5.382707595825195
2020-01-28,3.2860000133514404,5.4761576652526855
2020-01-29,3.2980000972747803,5.48082971572876
2020-01-30,3.2739999294281006,5.3172926902771
2020-01-31,3.240000009536743,5.214498043060303
2020-02-03,3.240000009536743,5.256550312042236
2020-02-04,3.2739999294281006,5.29860258102417
2020-02-05,3.312000036239624,5.368690013885498
2020-02-06,3.3340001106262207,5.312620162963867
2020-02-07,3.2760000228881836,5.312620162963867
2020-02-10,3.303999900817871,5.359345436096191
2020-02-11,3.4000000953674316,5.378035068511963
2020-02-12,3.2339999675750732,5.223843097686768
2020-02-13,3.2360000610351562,5.149083137512207
2020-02-14,3.0899999141693115,5.111702919006348
2020-02-17,3.119999885559082,5.307947635650635
2020-02-18,3.069999933242798,5.251877784729004
2020-02-19,3.0920000076293945,5.29860258102417
2020-02-20,3.0920000076293945,5.345327377319336
2020-02-21,3.138000011444092,5.359345436096191
2020-02-24,3.0739998817443848,5.205152988433838
2020-02-25,2.9679999351501465,5.041615962982178
2020-02-26,2.9539999961853027,4.9808735847473145
2020-02-27,2.884000062942505,4.775284290313721
2020-02-28,2.7820000648498535,4.5435285568237305
2020-03-02,2.812000036239624,4.534183502197266
2020-03-03,2.8380000591278076,4.579039573669434
2020-03-04,2.871999979019165,4.691179275512695
2020-03-05,2.76200008392334,4.5453972816467285
2020-03-06,2.6640000343322754,4.274393081665039
2020-03-09,2.4100000858306885,3.8445239067077637
2020-03-10,2.4200000762939453,3.8781661987304688
2020-03-11,2.3499999046325684,3.723039388656616
2020-03-12,2.1059999465942383,3.214672565460205
2020-03-13,2.0739998817443848,3.076366901397705
2020-03-16,1.9500000476837158,3.029642105102539
2020-03-17,2.058000087738037,2.994131088256836
2020-03-18,1.9500000476837158,2.693222761154175
2020-03-19,1.940000057220459,2.784803628921509
2020-03-20,2.0,2.9567511081695557
2020-03-23,1.9229999780654907,2.8969430923461914
2020-03-24,2.109999895095825,3.2314934730529785
2020-03-25,2.1700000762939453,3.422131061553955
2020-03-26,2.177999973297119,3.3922271728515625
2020-03-27,2.0739998817443848,3.259528398513794
2020-03-30,2.0859999656677246,3.2987773418426514
2020-03-31,2.1579999923706055,3.384751081466675
2020-04-01,2.128000020980835,3.3324191570281982
2020-04-02,2.1700000762939453,3.4408209323883057
2020-04-03,2.124000072479248,3.407179117202759
2020-04-06,2.2039999961853027,3.709956407546997
2020-04-07,2.315999984741211,3.8389170169830322
2020-04-08,2.3259999752044678,3.857606887817383
2020-04-09,2.4119999408721924,4.055720806121826
2020-04-14,2.446000099182129,4.2108473777771
2020-04-15,2.364000082015991,4.1080522537231445
2020-04-16,2.3239998817443848,4.126742362976074
2020-04-17,2.361999988555908,4.253834247589111
2020-04-20,2.309999942779541,4.233275413513184
2020-04-21,2.2660000324249268,4.154777526855469
2020-04-22,2.257999897003174,4.31177282333374
2020-04-23,2.3459999561309814,4.410829544067383
2020-04-24,2.247999906539917,4.304296970367432
2020-04-27,2.24399995803833,4.322987079620361
2020-04-28,2.3359999656677246,4.401484966278076
2020-04-29,2.4240000247955322,4.625763893127441
2020-04-30,2.374000072479248,4.504279613494873
2020-05-04,2.3239998817443848,4.470637321472168
2020-05-05,2.308000087738037,4.397746562957764
2020-05-06,2.2699999809265137,4.392139434814453
2020-05-07,2.312000036239624,4.42391300201416
2020-05-08,2.3340001106262207,4.420174598693848
2020-05-11,2.246000051498413,4.341676712036133
2020-05-12,2.2179999351501465,4.28000020980835
2020-05-13,2.0959999561309814,4.26800012588501
2020-05-14,2.049999952316284,4.03000020980835
2020-05-15,2.049999952316284,4.099999904632568
2020-05-18,2.2360000610351562,4.4019999504089355
2020-05-19,2.2360000610351562,4.48799991607666
2020-05-20,2.26200008392334,4.480000019073486
2020-05-21,2.2219998836517334,4.4679999351501465
2020-05-22,2.2300000190734863,4.440000057220459
2020-05-25,2.25,4.460000038146973
2020-05-26,2.2699999809265137,4.453999996185303
2020-05-27,2.2839999198913574,4.368000030517578
2020-05-28,2.2920000553131104,4.311999797821045
2020-05-29,2.2260000705718994,4.138000011444092
2020-06-01,2.26200008392334,4.119999885559082
2020-06-02,2.303999900817871,4.223999977111816
2020-06-03,2.374000072479248,4.492000102996826
2020-06-04,2.364000082015991,4.473999977111816
2020-06-05,2.371999979019165,4.4720001220703125
2020-06-08,2.390000104904175,4.4720001220703125
2020-06-09,2.309999942779541,4.265999794006348
2020-06-10,2.2699999809265137,4.203999996185303
2020-06-11,2.1600000858306885,4.059999942779541
2020-06-12,2.1540000438690186,4.124000072479248
2020-06-15,2.138000011444092,4.1479997634887695
2020-06-16,2.194000005722046,4.322000026702881
2020-06-17,2.2200000286102295,4.354000091552734
2020-06-18,2.2339999675750732,4.383999824523926
2020-06-19,2.25,4.386000156402588
2020-06-22,2.2260000705718994,4.328000068664551
2020-06-23,2.2139999866485596,4.308000087738037
2020-06-24,2.190000057220459,4.199999809265137
2020-06-25,2.119999885559082,4.119999885559082
2020-06-26,2.128000020980835,4.139999866485596
2020-06-29,2.1480000019073486,4.170000076293945
2020-06-30,2.1640000343322754,4.26800012588501
2020-07-01,2.1440000534057617,4.210000038146973
2020-07-02,2.1760001182556152,4.297999858856201
2020-07-03,2.1640000343322754,4.28000020980835
2020-07-06,2.197999954223633,4.372000217437744
2020-07-07,2.1679999828338623,4.27400016784668
2020-07-08,2.1500000953674316,4.251999855041504
2020-07-09,2.1419999599456787,4.179999828338623
2020-07-10,2.171999931335449,4.276000022888184
2020-07-13,2.191999912261963,4.302000045776367
2020-07-14,2.186000108718872,4.329999923706055
2020-07-15,2.190000057220459,4.3460001945495605
2020-07-16,2.186000108718872,4.335999965667725
2020-07-17,2.181999921798706,4.369999885559082
2020-07-21,2.253999948501587,4.458000183105469
2020-07-22,2.2360000610351562,4.395999908447266
2020-07-23,2.2320001125335693,4.377999782562256
2020-07-24,2.2260000705718994,4.303999900817871
2020-07-27,2.187999963760376,4.285999774932861
2020-07-28,2.1559998989105225,4.254000186920166
2020-07-29,2.2039999961853027,4.2779998779296875
2020-07-30,2.1559998989105225,4.27400016784668
2020-07-31,2.114000082015991,4.193999767303467
2020-08-03,2.171999931335449,4.296000003814697
2020-08-04,2.180000066757202,4.308000087738037
2020-08-05,2.2019999027252197,4.409999847412109
2020-08-06,2.200000047683716,4.383999824523926
2020-08-07,2.187999963760376,4.374000072479248
2020-08-10,2.2279999256134033,4.429999828338623
2020-08-11,2.26200008392334,4.4679999351501465
2020-08-12,2.2799999713897705,4.484000205993652
2020-08-13,2.312000036239624,4.4720001220703125
2020-08-14,2.308000087738037,4.478000164031982
2020-08-17,2.369999885559082,4.489999771118164
2020-08-18,2.318000078201294,4.434000015258789
2020-08-19,2.313999891281128,4.427999973297119
2020-08-20,2.252000093460083,4.28000020980835
2020-08-21,2.25,4.245999813079834
2020-08-24,2.319999933242798,4.296000003814697
2020-08-25,2.25,4.260000228881836
2020-08-26,2.253999948501587,4.25
2020-08-27,2.25600004196167,4.202000141143799
2020-08-28,2.2300000190734863,4.138000011444092
2020-08-31,2.2039999961853027,4.184000015258789
2020-09-01,2.2279999256134033,4.257999897003174
2020-09-02,2.312000036239624,4.331999778747559
2020-09-03,2.2799999713897705,4.368000030517578
2020-09-04,2.2920000553131104,4.388000011444092
2020-09-07,2.3299999237060547,4.453999996185303
2020-09-08,2.3420000076293945,4.590000152587891
2020-09-09,2.3459999561309814,4.521999835968018
2020-09-10,2.3359999656677246,4.394000053405762
2020-09-11,2.3380000591278076,4.211999893188477
2020-09-14,2.3259999752044678,4.179999828338623
2020-09-15,2.318000078201294,4.150000095367432
2020-09-16,2.378000020980835,4.176000118255615
2020-09-17,2.361999988555908,4.236000061035156
2020-09-21,2.2300000190734863,3.990000009536743
2020-09-22,2.200000047683716,3.9760000705718994
2020-09-23,2.1519999504089355,3.9079999923706055
2020-09-24,2.1059999465942383,3.8499999046325684
2020-09-25,2.065999984741211,3.7639999389648438
2020-09-28,2.1419999599456787,3.809999942779541
2020-09-29,2.115999937057495,3.6579999923706055
2020-09-30,2.124000072479248,3.746000051498413
2020-10-01,2.128000020980835,3.7720000743865967
2020-10-02,2.1080000400543213,3.7960000038146973
2020-10-05,2.119999885559082,3.8540000915527344
2020-10-06,2.124000072479248,3.885999917984009
2020-10-07,2.130000114440918,3.9040000438690186
2020-10-08,2.119999885559082,3.871999979019165
2020-10-09,2.0859999656677246,3.8499999046325684
2020-10-12,2.0980000495910645,3.7939999103546143
2020-10-13,2.065999984741211,3.7699999809265137
2020-10-14,2.058000087738037,3.7660000324249268
2020-10-15,2.052000045776367,3.680000066757202
2020-10-16,2.0439999103546143,3.7260000705718994
2020-10-19,2.062000036239624,3.799999952316284
2020-10-20,2.007999897003174,3.628000020980835
2020-10-21,1.9850000143051147,3.6019999980926514
2020-10-22,1.9700000286102295,3.553999900817871
2020-10-23,1.972000002861023,3.559999942779541
2020-10-26,1.9199999570846558,3.384000062942505
2020-10-27,1.8580000400543213,3.240000009536743
2020-10-28,1.9240000247955322,3.2760000228881836
2020-10-29,1.8639999628067017,3.2019999027252197
2020-10-30,1.8910000324249268,3.313999891281128
2020-11-02,1.9800000190734863,3.446000099182129
2020-11-03,1.9459999799728394,3.450000047683716
2020-11-04,1.9789999723434448,3.49399995803833
2020-11-05,2.009999990463257,3.4079999923706055
2020-11-06,2.00600004196167,3.421999931335449
2020-11-09,2.115999937057495,3.686000108718872
2020-11-10,2.1440000534057617,3.759999990463257
2020-11-11,2.186000108718872,3.8420000076293945
2020-11-12,2.1700000762939453,3.8420000076293945
2020-11-13,2.2179999351501465,3.9079999923706055
2020-11-16,2.313999891281128,4.058000087738037
2020-11-17,2.2639999389648438,4.013999938964844
2020-11-18,2.2880001068115234,4.059999942779541
2020-11-19,2.247999906539917,3.9619998931884766
2020-11-20,2.2839999198913574,4.111999988555908
2020-11-23,2.308000087738037,4.133999824523926
2020-11-24,2.4059998989105225,4.46999979019165
2020-11-25,2.437999963760376,4.409999847412109
2020-11-26,2.492000102996826,4.449999809265137
2020-11-27,2.509999990463257,4.489999771118164
2020-11-30,2.496000051498413,4.50600004196167
2020-12-01,2.5199999809265137,4.688000202178955
2020-12-02,2.549999952316284,4.834000110626221
2020-12-03,2.5420000553131104,4.926000118255615
2020-12-04,2.5999999046325684,5.010000228881836
