Date,PEP,KO
2014-12-31,79.30390930175781,34.683589935302734
2015-01-02,79.20328521728516,34.61786651611328
2015-01-05,78.60782623291016,34.61786651611328
2015-01-06,78.01237487792969,34.880741119384766
2015-01-07,80.29352569580078,35.31613540649414
2015-01-08,81.7528305053711,35.743309020996094
2015-01-09,81.19930267333984,35.34899139404297
2015-01-12,80.86382293701172,35.02861404418945
2015-01-13,80.80511474609375,35.02039337158203
2015-01-14,81.073486328125,34.962886810302734
2015-01-15,81.073486328125,34.81502151489258
2015-01-16,81.59345245361328,34.93824768066406
2015-01-20,81.77796173095703,35.455787658691406
2015-01-21,81.68569946289062,35.62008285522461
2015-01-22,82.94371032714844,35.965118408203125
2015-01-23,82.63339233398438,35.57900619506836
2015-01-26,82.7676010131836,35.3243522644043
2015-01-27,81.11540985107422,34.8232421875
2015-01-28,80.2767562866211,34.4371337890625
2015-01-29,80.53672790527344,34.584991455078125
2015-01-30,78.64973449707031,33.82100296020508
2015-02-02,79.94967651367188,34.16604232788086
2015-02-03,80.6792984008789,34.19889450073242
2015-02-04,81.0147705078125,34.23998260498047
2015-02-05,81.02316284179688,34.33034133911133
2015-02-06,81.1070327758789,34.05103302001953
2015-02-09,80.48641967773438,33.87029266357422
2015-02-10,82.18049621582031,34.83145523071289
2015-02-11,84.20169067382812,34.80680847167969
2015-02-12,84.09266662597656,34.64250946044922
2015-02-13,83.1365966796875,34.494625091552734
2015-02-17,82.4908218383789,34.346763610839844
2015-02-18,83.3043441772461,34.281044006347656
2015-02-19,82.79273986816406,34.593223571777344
2015-02-20,83.07789611816406,34.478206634521484
2015-02-23,83.40495300292969,34.37962341308594
2015-02-24,83.51400756835938,34.609642028808594
2015-02-25,83.44689178466797,34.54392623901367
2015-02-26,83.0862808227539,34.880741119384766
2015-02-27,83.01078796386719,35.57080078125
2015-03-02,83.0275650024414,35.488643646240234
2015-03-03,82.52437591552734,35.28327560424805
2015-03-04,82.1993179321289,34.913597106933594
2015-03-05,82.08958435058594,34.83145523071289
2015-03-06,81.19462585449219,34.108524322509766
2015-03-09,81.08488464355469,34.00174331665039
2015-03-10,79.72557067871094,33.42669677734375
2015-03-11,79.05014038085938,32.94200897216797
2015-03-12,80.8062744140625,33.60465621948242
2015-03-13,79.63270568847656,33.05796813964844
2015-03-16,80.58673095703125,33.372737884521484
2015-03-17,79.4722900390625,33.554962158203125
2015-03-18,79.90286254882812,33.62950897216797
2015-03-19,79.44696044921875,33.149085998535156
2015-03-20,80.49386596679688,33.670921325683594
2015-03-23,80.92444610595703,33.646080017089844
2015-03-24,80.93289947509766,33.521827697753906
2015-03-25,80.42633056640625,33.5052604675293
2015-03-26,80.73873138427734,33.42243576049805
2015-03-27,81.00889587402344,33.198787689208984
2015-03-30,81.49012756347656,33.554962158203125
2015-03-31,80.73027801513672,33.58808898925781
2015-04-01,80.28280639648438,33.6957893371582
2015-04-02,80.78936767578125,33.6957893371582
2015-04-06,81.45635223388672,34.101654052734375
2015-04-07,81.22840881347656,33.9691162109375
2015-04-08,81.076416015625,33.869728088378906
2015-04-09,81.34660339355469,34.00224304199219
2015-04-10,81.2199478149414,33.86143493652344
2015-04-13,80.6542739868164,33.71234130859375
2015-04-14,81.46479034423828,33.554962158203125
2015-04-15,81.58300018310547,33.46385192871094
2015-04-16,81.43101501464844,33.62950897216797
2015-04-17,80.89069366455078,33.38101577758789
2015-04-20,81.47323608398438,33.67921447753906
2015-04-21,81.70964050292969,33.77860641479492
2015-04-22,82.13179016113281,34.217613220214844
2015-04-23,80.8231430053711,33.9194221496582
2015-04-24,80.35032653808594,33.869728088378906
2015-04-27,79.7762451171875,33.820030212402344
2015-04-28,79.7171401977539,33.77032470703125
2015-04-29,79.68334197998047,33.53840255737305
2015-04-30,80.30811309814453,33.59638214111328
2015-05-01,80.67960357666016,33.88629150390625
2015-05-04,81.00889587402344,33.927696228027344
2015-05-05,80.5614242553711,33.753753662109375
2015-05-06,80.61207580566406,33.67921447753906
2015-05-07,80.33346557617188,33.71234130859375
2015-05-08,81.5154800415039,33.94427490234375
2015-05-11,81.34660339355469,33.911128997802734
2015-05-12,81.2199478149414,33.70405578613281
2015-05-13,81.39725494384766,34.00224304199219
2015-05-14,82.73966979980469,34.375
2015-05-15,82.92542266845703,34.39155960083008
2015-05-18,82.78189086914062,34.22589111328125
2015-05-19,82.69744873046875,34.217613220214844
2015-05-20,82.47793579101562,34.25074005126953
2015-05-21,82.0642318725586,34.15134048461914
2015-05-22,81.27062225341797,34.13478088378906
2015-05-26,80.87381744384766,33.95255661010742
2015-05-27,81.37194061279297,34.06022644042969
2015-05-28,81.946044921875,34.0767936706543
2015-05-29,81.41414642333984,33.927696228027344
2015-06-01,81.02576446533203,33.911128997802734
2015-06-02,81.09331512451172,33.95255661010742
2015-06-03,81.0533218383789,33.853153228759766
2015-06-04,80.06675720214844,33.62123107910156
2015-06-05,79.13971710205078,33.21535110473633
2015-06-08,78.96109008789062,33.26504898071289
2015-06-09,79.1567153930664,33.298194885253906
2015-06-10,79.68401336669922,33.40586853027344
2015-06-11,80.02423095703125,33.489383697509766
2015-06-12,79.7265625,33.372459411621094
2015-06-15,78.7909927368164,33.063453674316406
2015-06-16,79.56494903564453,33.47267532348633
2015-06-17,79.99021911621094,33.63135528564453
2015-06-18,80.99382019042969,33.94871139526367
2015-06-19,80.6791000366211,33.73992156982422
2015-06-22,81.30850219726562,33.806739807128906
2015-06-23,81.30850219726562,33.72322463989258
2015-06-24,81.04483032226562,33.56454086303711
2015-06-25,80.65361022949219,33.42256546020508
2015-06-26,80.72164916992188,33.40586471557617
2015-06-29,79.68401336669922,32.9047737121582
2015-06-30,79.38634490966797,32.76279830932617
2015-07-01,80.38995361328125,32.98829650878906
2015-07-02,80.50902557373047,32.979942321777344
2015-07-06,80.28789520263672,32.92148208618164
2015-07-07,81.9888916015625,33.614646911621094
2015-07-08,81.3169937133789,33.288944244384766
2015-07-09,80.44947052001953,33.33905029296875
2015-07-10,81.26594543457031,33.7315673828125
2015-07-13,82.68633270263672,33.957061767578125
2015-07-14,82.60974884033203,34.38298797607422
2015-07-15,81.94637298583984,34.349578857421875
2015-07-16,82.41417694091797,34.64188003540039
2015-07-17,82.31208801269531,34.449798583984375
2015-07-20,82.76285552978516,34.5583610534668
2015-07-21,82.43965911865234,34.39967727661133
2015-07-22,82.6437759399414,34.15750503540039
2015-07-23,82.3886489868164,34.10738754272461
2015-07-24,81.80179595947266,33.77332305908203
2015-07-27,81.3594970703125,33.85684585571289
2015-07-28,81.74224853515625,33.86519241333008
2015-07-29,82.09947967529297,33.898597717285156
2015-07-30,82.18450927734375,33.8735466003418
2015-07-31,81.94637298583984,34.30781936645508
2015-08-03,82.88192749023438,34.691993713378906
2015-08-04,83.18811798095703,34.95088195800781
2015-08-05,84.36181640625,35.1763801574707
2015-08-06,84.32780456542969,35.009334564208984
2015-08-07,84.28528594970703,34.88407516479492
2015-08-10,84.27674865722656,34.80891036987305
2015-08-11,83.87702178955078,34.64188003540039
2015-08-12,83.67288970947266,34.458152770996094
2015-08-13,84.02161407470703,34.324527740478516
2015-08-14,84.39582824707031,34.449798583984375
2015-08-17,84.93164825439453,34.5333137512207
2015-08-18,84.85509490966797,34.49155807495117
2015-08-19,84.19171142578125,34.057281494140625
2015-08-20,83.33269500732422,33.86519241333008
2015-08-21,81.86131286621094,33.013336181640625
2015-08-24,78.10209655761719,32.05293273925781
2015-08-25,76.23946380615234,31.72722053527832
2015-08-26,78.66339874267578,32.34522247314453
2015-08-27,79.60747528076172,32.79620361328125
2015-08-28,79.5479507446289,32.946537017822266
2015-08-31,79.03765106201172,32.83796310424805
2015-09-01,77.67682647705078,32.361934661865234
2015-09-02,78.5450668334961,32.487205505371094
2015-09-03,78.96504211425781,32.70433807373047
2015-09-04,77.92797088623047,32.16984558105469
2015-09-08,79.1707763671875,32.487205505371094
2015-09-09,77.8508071899414,31.986116409301758
2015-09-10,78.0479507446289,32.08633041381836
2015-09-11,78.5279312133789,32.120025634765625
2015-09-14,78.16793823242188,32.09475326538086
2015-09-15,78.9050521850586,32.43170928955078
2015-09-16,79.77074432373047,32.9792594909668
2015-09-17,80.02787017822266,33.173011779785156
2015-09-18,79.75359344482422,32.83604431152344
2015-09-21,80.31926727294922,33.01295471191406
2015-09-22,79.1707763671875,32.67599868774414
2015-09-23,79.19647979736328,32.650726318359375
2015-09-24,79.25648498535156,32.9792594909668
2015-09-25,80.11357879638672,33.375179290771484
2015-09-28,79.25648498535156,33.299354553222656
2015-09-29,79.74500274658203,33.40888214111328
2015-09-30,80.82495880126953,33.796363830566406
2015-10-01,80.43927001953125,33.52680587768555
2015-10-02,80.7049789428711,34.023807525634766
2015-10-05,82.11920166015625,34.54608917236328
2015-10-06,83.19915771484375,34.50395965576172
2015-10-07,84.44194030761719,34.9756965637207
2015-10-08,84.82766723632812,35.363197326660156
2015-10-09,85.25621032714844,35.396888732910156
2015-10-12,84.97337341308594,35.380043029785156
2015-10-13,83.92768859863281,35.0852165222168
2015-10-14,83.55912017822266,35.1104850769043
2015-10-15,84.2362289428711,35.312644958496094
2015-10-16,85.45333099365234,35.396888732910156
2015-10-19,85.8647232055664,35.37162399291992
2015-10-20,85.94187927246094,35.624332427978516
2015-10-21,85.92474365234375,35.54010009765625
2015-10-22,88.35034942626953,36.42460632324219
2015-10-23,87.7932357788086,36.045528411865234
2015-10-26,87.88751983642578,35.87704849243164
2015-10-27,88.23035430908203,35.89389419555664
2015-10-28,88.05894470214844,35.99498748779297
2015-10-29,88.11035919189453,36.045528411865234
2015-10-30,87.58753204345703,35.67488098144531
2015-11-02,86.91040802001953,35.58222579956055
2015-11-03,86.49900817871094,35.51482391357422
2015-11-04,86.24187469482422,35.35477066040039
2015-11-05,86.2332992553711,35.65803146362305
2015-11-06,85.47048950195312,35.34634780883789
2015-11-09,84.7505111694336,34.9925537109375
2015-11-10,84.70764923095703,35.18630599975586
2015-11-11,85.22190856933594,35.41373825073242
2015-11-12,84.31339263916016,35.0262451171875
2015-11-13,84.03054809570312,34.85776901245117
2015-11-16,85.33332824707031,35.34634780883789
2015-11-17,84.70764923095703,35.10205841064453
2015-11-18,85.94187927246094,35.61591720581055
2015-11-19,86.507568359375,36.315086364746094
2015-11-20,85.79617309570312,35.74225616455078
2015-11-23,86.4389877319336,36.18873977661133
2015-11-24,86.25045776367188,36.52568817138672
2015-11-25,86.13903045654297,36.52568817138672
2015-11-27,86.34473419189453,36.6275520324707
2015-11-30,85.84759521484375,36.17765808105469
2015-12-01,86.61898040771484,36.40684127807617
2015-12-02,85.862060546875,36.30498123168945
2015-12-03,85.52542114257812,36.041839599609375
2015-12-04,87.22574615478516,36.74638366699219
2015-12-07,86.88914489746094,36.669986724853516
2015-12-08,86.45760345458984,36.50871276855469
2015-12-09,85.5599594116211,36.21162033081055
2015-12-10,85.3614501953125,36.2964973449707
2015-12-11,84.39476776123047,35.88056564331055
2015-12-14,84.54149627685547,36.033355712890625
2015-12-15,85.78437805175781,36.559635162353516
2015-12-16,87.24301147460938,37.21324920654297
2015-12-17,86.48347473144531,36.91615676879883
2015-12-18,84.49833679199219,36.0757942199707
2015-12-21,85.11979675292969,36.3134765625
2015-12-22,86.13826751708984,36.74638366699219
2015-12-23,86.8632583618164,37.06894302368164
2015-12-24,86.77693939208984,36.95859909057617
2015-12-28,86.89777374267578,36.91615676879883
2015-12-29,87.5623779296875,37.10289764404297
2015-12-30,87.30345916748047,36.98405838012695
2015-12-31,86.2418212890625,36.466270446777344
2016-01-04,85.24925994873047,35.990909576416016
2016-01-05,85.83614349365234,36.11823654174805
2016-01-06,85.862060546875,35.923011779785156
2016-01-07,84.21350860595703,35.328826904296875
2016-01-08,83.90278625488281,35.23543930053711
2016-01-11,84.10132598876953,35.29486083984375
2016-01-12,84.25666809082031,35.75324249267578
2016-01-13,83.29000091552734,35.524051666259766
2016-01-14,82.69445037841797,35.54951477050781
2016-01-15,81.07180786132812,35.22695541381836
2016-01-19,82.65991973876953,35.58346176147461
2016-01-20,80.93368530273438,35.125091552734375
2016-01-21,81.53787231445312,35.13357925415039
2016-01-22,82.72895812988281,35.70230484008789
2016-01-25,82.806640625,35.78718948364258
2016-01-26,83.13463592529297,35.71928024291992
2016-01-27,82.806640625,35.727783203125
2016-01-28,84.10994720458984,36.13521194458008
2016-01-29,85.70668029785156,36.43231201171875
2016-02-01,85.47364807128906,36.500213623046875
2016-02-02,84.76589965820312,36.024864196777344
2016-02-03,85.20606994628906,36.26254653930664
2016-02-04,84.05816650390625,36.10126495361328
2016-02-05,83.99773406982422,36.024864196777344
2016-02-08,84.17037200927734,36.203125
2016-02-09,84.82630157470703,36.75486755371094
2016-02-10,84.25666809082031,36.11823654174805
2016-02-11,83.63524627685547,35.999412536621094
2016-02-12,85.00759887695312,36.59359359741211
2016-02-16,85.10250854492188,36.80580139160156
2016-02-17,85.9224853515625,36.91615676879883
2016-02-18,85.98289489746094,37.01801300048828
2016-02-19,85.94837188720703,37.15382385253906
2016-02-22,86.19865417480469,37.29813003540039
2016-02-23,85.91383361816406,37.08591842651367
2016-02-24,86.03468322753906,37.27267074584961
2016-02-25,86.88914489746094,37.4848747253418
2016-02-26,84.89537048339844,36.619056701660156
2016-02-29,84.42929077148438,36.610565185546875
2016-03-01,85.52542114257812,37.08591842651367
2016-03-02,85.47589874267578,37.15382385253906
2016-03-03,86.19738006591797,37.31511306762695
2016-03-04,86.9275894165039,37.44244384765625
2016-03-07,86.27564239501953,37.35755157470703
2016-03-08,86.70155334472656,37.62069320678711
2016-03-09,87.10143280029297,38.0366325378418
2016-03-10,87.60562896728516,38.39313507080078
2016-03-11,88.06633758544922,38.66688919067383
2016-03-14,87.49261474609375,38.743873596191406
2016-03-15,87.92725372314453,38.70110321044922
2016-03-16,87.64907836914062,38.5385627746582
2016-03-17,88.55311584472656,39.15449905395508
2016-03-18,88.04894256591797,39.009071350097656
2016-03-21,88.26626586914062,39.06895446777344
2016-03-22,87.59693145751953,38.92351531982422
2016-03-23,87.63168334960938,38.88930130004883
2016-03-24,87.51866912841797,38.99196243286133
2016-03-28,87.77945709228516,39.180152893066406
2016-03-29,88.11849212646484,39.761871337890625
2016-03-30,89.26593017578125,39.84742736816406
2016-03-31,89.08338165283203,39.68488693237305
2016-04-01,90.21344757080078,40.06129455566406
2016-04-04,90.24821472167969,40.112613677978516
2016-04-05,89.62232208251953,39.80464172363281
2016-04-06,90.33512878417969,39.9586296081543
2016-04-07,90.05697631835938,39.65922164916992
2016-04-08,91.3435287475586,40.09550857543945
2016-04-11,90.66547393798828,39.7276611328125
2016-04-12,91.19572448730469,39.90730285644531
2016-04-13,90.50899505615234,39.38546371459961
2016-04-14,89.67449188232422,39.20582962036133
2016-04-15,90.20474243164062,39.43680191040039
2016-04-18,90.16128540039062,39.539459228515625
2016-04-19,90.68285369873047,39.864532470703125
2016-04-20,89.04862976074219,37.95684814453125
2016-04-21,87.78816223144531,37.34947967529297
2016-04-22,88.64875793457031,38.10227966308594
2016-04-25,89.36155700683594,38.24771499633789
2016-04-26,89.18770599365234,38.093727111816406
2016-04-27,89.21378326416016,38.22203826904297
2016-04-28,89.50933837890625,38.17927551269531
2016-04-29,89.5006332397461,38.3246955871582
2016-05-02,89.9092025756836,38.47868347167969
2016-05-03,90.02220916748047,38.35892105102539
2016-05-04,90.42205810546875,38.47868347167969
2016-05-05,90.58723449707031,38.547119140625
2016-05-06,91.23920440673828,38.7695426940918
2016-05-09,91.51734924316406,38.70110321044922
2016-05-10,92.63872528076172,39.137386322021484
2016-05-11,91.89983367919922,38.88930130004883
2016-05-12,92.23015594482422,39.20582962036133
2016-05-13,90.56116485595703,38.795204162597656
2016-05-16,90.51769256591797,39.026180267333984
2016-05-17,88.98775482177734,38.28193283081055
2016-05-18,87.7186508178711,38.05095672607422
2016-05-19,88.08372497558594,37.91408157348633
2016-05-20,87.01451110839844,37.59756088256836
2016-05-23,87.29267120361328,37.61467361450195
2016-05-24,87.87508392333984,37.95684814453125
2016-05-25,87.87508392333984,37.96541213989258
2016-05-26,88.57923126220703,38.23059844970703
2016-05-27,88.63134765625,38.30759048461914
2016-05-31,87.94463348388672,38.153602600097656
2016-06-01,88.95441436767578,38.23915481567383
2016-06-02,89.33101654052734,38.25627517700195
2016-06-03,89.79520416259766,38.530006408691406
2016-06-06,89.9440689086914,38.81230926513672
2016-06-07,89.76014709472656,38.7695426940918
2016-06-08,90.36445617675781,38.96629333496094
2016-06-09,90.78482818603516,39.14594650268555
2016-06-10,90.47830200195312,39.34270095825195
2016-06-13,90.25934600830078,38.894447326660156
2016-06-14,90.40825653076172,38.82548141479492
2016-06-15,90.08419036865234,38.799617767333984
2016-06-16,90.95124053955078,39.058231353759766
2016-06-17,90.56587982177734,38.60997772216797
2016-06-20,90.5308609008789,38.773765563964844
2016-06-21,91.15267181396484,38.90306091308594
2016-06-22,90.85489654541016,38.67032241821289
2016-06-23,91.46794128417969,38.85997009277344
2016-06-24,89.31351470947266,37.8686408996582
2016-06-27,89.44486999511719,37.739341735839844
2016-06-28,89.45362091064453,38.084144592285156
2016-06-29,90.3118896484375,38.30827713012695
2016-06-30,92.7816390991211,39.075469970703125
2016-07-01,92.51014709472656,38.894447326660156
2016-07-05,93.2020263671875,39.161678314208984
2016-07-06,92.76412963867188,39.02375411987305
2016-07-07,94.13911437988281,38.868587493896484
2016-07-08,94.82223510742188,39.11857223510742
2016-07-11,95.38275146484375,39.282352447509766
2016-07-12,95.27767181396484,39.29098129272461
2016-07-13,96.258544921875,39.42890167236328
2016-07-14,96.30233001708984,39.38580322265625
2016-07-15,96.03960418701172,39.33407974243164
2016-07-18,95.64549255371094,39.33407974243164
2016-07-19,95.92575073242188,39.33407974243164
2016-07-20,95.39151000976562,39.23063278198242
2016-07-21,95.09376525878906,39.178916931152344
2016-07-22,95.62798309326172,39.50648498535156
2016-07-25,95.47909545898438,39.282352447509766
2016-07-26,94.76092529296875,38.68756103515625
2016-07-27,94.13037109375,37.411766052246094
2016-07-28,94.69962310791016,37.62727355957031
2016-07-29,95.39151000976562,37.61003494262695
2016-08-01,95.4002685546875,37.45487594604492
2016-08-02,95.21636199951172,37.52383041381836
2016-08-03,94.62081909179688,37.6186637878418
2016-08-04,94.95359802246094,37.50658416748047
2016-08-05,95.16380310058594,37.48073959350586
2016-08-08,94.70838165283203,37.446250915527344
2016-08-09,94.83099365234375,37.47212219238281
2016-08-10,95.3039321899414,37.59279251098633
2016-08-11,95.00615692138672,37.71348190307617
2016-08-12,95.10248565673828,37.9548454284668
2016-08-15,95.21636199951172,38.1358757019043
2016-08-16,94.58578491210938,37.78244400024414
2016-08-17,94.99739837646484,37.98070526123047
2016-08-18,94.83099365234375,38.01518630981445
2016-08-19,94.73466491699219,37.860015869140625
2016-08-22,94.55075073242188,37.704856872558594
2016-08-23,94.4806900024414,37.79966735839844
2016-08-24,94.68212127685547,37.79966735839844
2016-08-25,94.4806900024414,37.64451599121094
2016-08-26,94.10409545898438,37.34280776977539
2016-08-29,94.57701873779297,37.53245544433594
2016-08-30,93.8938980102539,37.27385330200195
2016-08-31,94.15232849121094,37.4376335144043
2016-09-01,94.62860870361328,37.36867141723633
2016-09-02,95.14015197753906,37.63589859008789
2016-09-06,95.18425750732422,37.747955322265625
2016-09-07,94.55803680419922,37.6186637878418
2016-09-08,94.2669906616211,37.61003494262695
2016-09-09,91.7709732055664,36.43768310546875
2016-09-12,93.50846099853516,37.230743408203125
2016-09-13,92.24723052978516,36.74406814575195
2016-09-14,92.65293884277344,36.59632873535156
2016-09-15,93.03221130371094,36.81359100341797
2016-09-16,92.85579681396484,36.622406005859375
2016-09-19,93.19977569580078,36.58763122558594
2016-09-20,93.75541687011719,36.79621505737305
2016-09-21,94.48747253417969,36.961334228515625
2016-09-22,95.0960464477539,37.33504104614258
2016-09-23,94.67268371582031,37.143836975097656
2016-09-26,94.39928436279297,36.544185638427734
2016-09-27,94.80500030517578,37.01348114013672
2016-09-28,94.7079849243164,36.63108825683594
2016-09-29,95.04313659667969,36.52680206298828
2016-09-30,95.9339370727539,36.778831481933594
2016-10-03,95.47531127929688,36.52680206298828
2016-10-04,94.46102142333984,36.36167526245117
2016-10-05,93.49966430664062,36.33560562133789
2016-10-06,93.84363555908203,36.24869918823242
2016-10-07,93.48201751708984,36.266082763671875
2016-10-10,93.68487548828125,36.266082763671875
2016-10-11,93.11157989501953,36.10095977783203
2016-10-12,93.56139373779297,36.309532165527344
2016-10-13,93.4202880859375,36.29216003417969
2016-10-14,94.22288513183594,36.21393966674805
2016-10-17,94.24051666259766,36.153099060058594
2016-10-18,94.32872009277344,36.47465896606445
2016-10-19,93.72013854980469,36.544185638427734
2016-10-20,93.37617492675781,36.43989181518555
2016-10-21,93.15567779541016,36.61370849609375
2016-10-24,94.64624786376953,36.987403869628906
2016-10-25,94.57567596435547,36.97002410888672
2016-10-26,94.43456268310547,36.883113861083984
2016-10-27,94.04649353027344,36.60501480102539
2016-10-28,94.43456268310547,36.70061492919922
2016-10-31,94.54923248291016,36.84835433959961
2016-11-01,94.11705017089844,36.60501480102539
2016-11-02,94.11705017089844,36.544185638427734
2016-11-03,94.04649353027344,36.52680206298828
2016-11-04,93.32324981689453,36.23131561279297
2016-11-07,94.33753204345703,36.900489807128906
2016-11-08,95.88983917236328,37.2655029296875
2016-11-09,94.59332275390625,36.735374450683594
2016-11-10,91.06536102294922,35.57951736450195
2016-11-11,91.012451171875,35.657737731933594
2016-11-14,89.42485809326172,35.7794075012207
2016-11-15,89.83057403564453,36.0140495300293
2016-11-16,89.70710754394531,35.85762405395508
2016-11-17,89.62771606445312,35.7359504699707
2016-11-18,89.35430145263672,35.55344772338867
2016-11-21,90.19220733642578,35.94452667236328
2016-11-22,90.74785614013672,35.953216552734375
2016-11-23,89.54833984375,35.7359504699707
2016-11-25,90.1128158569336,36.0922737121582
2016-11-28,90.6596450805664,36.283470153808594
2016-11-29,90.43914794921875,36.064361572265625
2016-11-30,88.94022369384766,35.36323547363281
2016-12-01,87.98953247070312,35.20547103881836
2016-12-02,89.38447570800781,35.37199401855469
2016-12-05,89.48221588134766,35.5998649597168
2016-12-06,90.22859954833984,35.5560417175293
2016-12-07,91.34810638427734,36.18705368041992
2016-12-08,90.76168823242188,35.915367126464844
2016-12-09,92.02338409423828,36.8093147277832
2016-12-12,93.045166015625,36.721675872802734
2016-12-13,93.85369873046875,36.598976135253906
2016-12-14,92.82304382324219,36.116943359375
2016-12-15,93.56049346923828,36.414920806884766
2016-12-16,94.06695556640625,36.58143997192383
2016-12-19,93.65824127197266,36.52009582519531
2016-12-20,93.20509338378906,36.51133728027344
2016-12-21,93.02739715576172,36.43245315551758
2016-12-22,93.60491943359375,36.414920806884766
2016-12-23,93.37391662597656,36.458740234375
2016-12-27,93.40945434570312,36.467506408691406
2016-12-28,92.9563217163086,36.27470016479492
2016-12-29,93.2850570678711,36.458740234375
2016-12-30,92.96519470214844,36.33604049682617
2017-01-03,92.98298645019531,36.63402557373047
2017-01-04,93.16065979003906,36.502567291259766
2017-01-05,93.03628540039062,36.590213775634766
2017-01-06,92.90298461914062,36.58143997192383
2017-01-09,91.9256362915039,36.21335220336914
2017-01-10,90.60174560546875,35.967952728271484
2017-01-11,90.45957946777344,35.97671890258789
2017-01-12,90.48623657226562,35.889068603515625
2017-01-13,90.22859954833984,35.827728271484375
2017-01-17,90.79722595214844,36.12570571899414
2017-01-18,91.285888671875,36.18705368041992
2017-01-19,90.94827270507812,36.05559539794922
2017-01-20,91.73016357421875,36.21335220336914
2017-01-23,92.41431427001953,36.30975341796875
2017-01-24,93.03628540039062,36.721675872802734
2017-01-25,92.94741821289062,36.91447830200195
2017-01-26,92.52983093261719,36.642791748046875
2017-01-27,91.94341278076172,36.3272819519043
2017-01-30,92.12998962402344,36.265933990478516
2017-01-31,92.20995330810547,36.43245315551758
2017-02-01,91.52580261230469,36.1607666015625
2017-02-02,92.43209075927734,36.28346252441406
2017-02-03,93.39168548583984,36.40616226196289
2017-02-06,92.91188049316406,36.42369079589844
2017-02-07,93.83594512939453,36.721675872802734
2017-02-08,93.90702819824219,36.82683563232422
2017-02-09,94.15580749511719,36.152000427246094
2017-02-10,94.27132415771484,35.5648078918457
2017-02-13,94.64447784423828,35.5998649597168
2017-02-14,94.99988555908203,35.52098846435547
2017-02-15,94.8310775756836,35.44211196899414
2017-02-16,96.06612396240234,36.108184814453125
2017-02-17,96.09275817871094,36.134464263916016
2017-02-21,97.16785430908203,36.33604049682617
2017-02-22,97.21229553222656,36.458740234375
2017-02-23,97.32780456542969,36.51133728027344
2017-02-24,97.58546447753906,36.61649703979492
2017-02-27,97.087890625,36.52009582519531
2017-02-28,98.07413482666016,36.774253845214844
2017-03-01,98.16629028320312,36.94953155517578
2017-03-02,98.50624084472656,37.22123336791992
2017-03-03,98.90880584716797,37.229984283447266
2017-03-06,98.07682800292969,36.96706771850586
2017-03-07,97.79949951171875,36.80055618286133
2017-03-08,97.7816162109375,36.80055618286133
2017-03-09,97.5311279296875,36.835601806640625
2017-03-10,98.0410385131836,37.06346893310547
2017-03-13,97.88002014160156,37.16072463989258
2017-03-14,97.8174057006836,37.1076774597168
2017-03-15,99.4008560180664,37.24029541015625
2017-03-16,99.42770385742188,37.35523223876953
2017-03-17,99.65135955810547,37.16072463989258
2017-03-20,99.43665313720703,37.29335403442383
2017-03-21,99.9913101196289,37.57627868652344
2017-03-22,100.2149658203125,37.470184326171875
2017-03-23,100.0002670288086,37.284507751464844
2017-03-24,100.30442810058594,37.24029541015625
2017-03-27,100.04500579833984,37.41712951660156
2017-03-28,100.59964752197266,37.51438522338867
2017-03-29,100.58175659179688,37.50554275512695
2017-03-30,100.35809326171875,37.664695739746094
2017-03-31,100.07182312011719,37.52322006225586
2017-04-03,100.07182312011719,37.496707916259766
2017-04-04,100.26863861083984,37.73542022705078
2017-04-05,100.14339447021484,37.63816452026367
2017-04-06,99.82135009765625,37.7265739440918
2017-04-07,99.8481674194336,37.67353057861328
2017-04-10,100.2149658203125,37.7442626953125
2017-04-11,99.95553588867188,37.717742919921875
2017-04-12,101.63739776611328,37.96529769897461
2017-04-13,100.80541229248047,37.832679748535156
2017-04-17,101.37796783447266,38.08023452758789
2017-04-18,102.2367935180664,38.4427490234375
2017-04-19,101.6463623046875,38.221702575683594
2017-04-20,101.61951446533203,38.097923278808594
2017-04-21,101.47640228271484,38.08023452758789
2017-04-24,102.27257537841797,38.26591110229492
2017-04-25,102.12946319580078,38.11560821533203
2017-04-26,101.38690948486328,38.230552673339844
2017-04-27,100.76964569091797,38.02719497680664
2017-04-28,101.34217834472656,38.15097427368164
2017-05-01,100.44756317138672,38.212867736816406
2017-05-02,100.4565200805664,38.3631706237793
2017-05-03,100.00920867919922,38.30127716064453
2017-05-04,101.05589294433594,38.60189437866211
2017-05-05,101.28849792480469,38.628414154052734
2017-05-08,101.28849792480469,38.805240631103516
2017-05-09,100.84120178222656,38.46926498413086
2017-05-10,100.94853973388672,38.522315979003906
2017-05-11,101.12747955322266,38.61072540283203
2017-05-12,101.01116943359375,38.53999328613281
2017-05-15,101.93262481689453,38.66377639770508
2017-05-16,101.79844665527344,38.76987075805664
2017-05-17,101.75370788574219,38.840606689453125
2017-05-18,102.01314544677734,38.72566223144531
2017-05-19,101.7089614868164,38.8140869140625
2017-05-22,102.6125259399414,39.061641693115234
2017-05-23,102.92564392089844,39.247318267822266
2017-05-24,103.8292236328125,39.813167572021484
2017-05-25,105.1443099975586,40.149147033691406
2017-05-26,105.48426055908203,40.13146209716797
2017-05-30,105.57372283935547,40.166831970214844
2017-05-31,105.27196502685547,40.20219039916992
2017-06-01,105.59623718261719,40.48512649536133
2017-06-02,105.9925765991211,40.57352828979492
2017-06-05,106.18171691894531,40.661956787109375
2017-06-06,106.01959991455078,40.65311050415039
2017-06-07,105.4341049194336,40.2375602722168
2017-06-08,104.38922119140625,39.90158462524414
2017-06-09,104.43426513671875,40.069576263427734
2017-06-12,104.69548797607422,40.07841873168945
2017-06-13,104.77654266357422,40.140811920166016
2017-06-14,105.72235107421875,40.38149642944336
2017-06-15,105.57821655273438,40.3369255065918
2017-06-16,105.2629623413086,40.39041519165039
2017-06-19,105.65027618408203,40.452816009521484
2017-06-20,106.24478149414062,40.657833099365234
2017-06-21,105.76737976074219,40.31018829345703
2017-06-22,104.62342071533203,40.17646789550781
2017-06-23,105.35303497314453,40.3369255065918
2017-06-26,105.49714660644531,40.49738693237305
2017-06-27,104.43426513671875,40.15864944458008
2017-06-28,104.8305892944336,40.399330139160156
2017-06-29,103.74967956542969,39.96253204345703
2017-06-30,104.02890014648438,39.98035430908203
2017-07-03,103.98387145996094,39.9001350402832
2017-07-05,103.85777282714844,39.95361328125
2017-07-06,103.70464324951172,39.579219818115234
2017-07-07,104.04693603515625,39.5703010559082
2017-07-10,102.92998504638672,39.5613899230957
2017-07-11,102.45258331298828,39.51681900024414
2017-07-12,103.3803482055664,39.677276611328125
2017-07-13,102.70479583740234,39.60596466064453
2017-07-14,103.52449798583984,39.82881546020508
2017-07-17,103.52449798583984,39.873390197753906
2017-07-18,103.5965576171875,39.819908142089844
2017-07-19,103.89379119873047,39.96253204345703
2017-07-20,104.04693603515625,39.95361328125
2017-07-21,105.0557861328125,40.140811920166016
2017-07-24,104.60540008544922,39.9714469909668
2017-07-25,104.89364624023438,40.32801818847656
2017-07-26,105.5602035522461,40.77372360229492
2017-07-27,105.69530487060547,41.11246871948242
2017-07-28,105.03776550292969,41.014408111572266
2017-07-31,105.03776550292969,40.86286544799805
2017-08-01,104.41624450683594,40.73807144165039
2017-08-02,104.13700866699219,40.640010833740234
2017-08-03,104.758544921875,40.71132278442383
2017-08-04,104.82159423828125,40.55978012084961
2017-08-07,105.35303497314453,40.68458557128906
2017-08-08,105.12784576416016,40.648929595947266
2017-08-09,105.0557861328125,40.640010833740234
2017-08-10,104.8305892944336,40.77372360229492
2017-08-11,104.94769287109375,40.640010833740234
2017-08-14,106.14571380615234,40.827205657958984
2017-08-15,107.16355895996094,41.174869537353516
2017-08-16,107.28065490722656,41.18378448486328
2017-08-17,106.64112854003906,40.88069534301758
2017-08-18,105.92949676513672,40.71132278442383
2017-08-21,106.5240249633789,40.720237731933594
2017-08-22,106.21776580810547,40.648929595947266
2017-08-23,105.65027618408203,40.59545135498047
2017-08-24,104.68647003173828,40.479557037353516
2017-08-25,104.35318756103516,40.62218475341797
2017-08-28,104.07396697998047,40.48846435546875
2017-08-29,104.34417724609375,40.51521682739258
2017-08-30,104.448486328125,40.461727142333984
2017-08-31,104.97457885742188,40.60435485839844
2017-09-01,105.0743637084961,40.809383392333984
2017-09-05,105.10157775878906,40.93418502807617
2017-09-06,105.53697204589844,40.9698371887207
2017-09-07,106.11750030517578,41.255088806152344
2017-09-08,104.34871673583984,41.272926330566406
2017-09-11,104.93830871582031,41.469032287597656
2017-09-12,104.31243133544922,41.647315979003906
2017-09-13,103.81353759765625,41.781036376953125
2017-09-14,103.57772064208984,41.43061065673828
2017-09-15,104.1763687133789,41.493507385253906
2017-09-18,104.30335235595703,41.43061065673828
2017-09-19,103.8498306274414,41.313804626464844
2017-09-20,103.0244140625,41.13410568237305
2017-09-21,102.31690216064453,40.79267120361328
2017-09-22,101.4551773071289,40.873531341552734
2017-09-25,101.53681182861328,41.0532341003418
2017-09-26,101.41888427734375,40.94541549682617
2017-09-27,100.7748794555664,40.10978698730469
2017-09-28,101.26470184326172,40.352394104003906
2017-09-29,101.07420349121094,40.442237854003906
2017-10-02,98.9788818359375,40.25355529785156
2017-10-03,98.98795318603516,40.603973388671875
2017-10-04,99.17845916748047,40.88252258300781
2017-10-05,100.18527221679688,40.90047836303711
2017-10-06,100.13993072509766,40.873531341552734
2017-10-09,99.78617858886719,40.80164337158203
2017-10-10,100.484619140625,41.2149658203125
2017-10-11,101.14677429199219,41.421627044677734
2017-10-12,101.9994125366211,41.43061065673828
2017-10-13,102.15361022949219,41.493507385253906
2017-10-16,103.01531982421875,41.888858795166016
2017-10-17,101.76358795166016,41.79899978637695
2017-10-18,101.54588317871094,41.69118881225586
2017-10-19,102.198974609375,41.86189651489258
2017-10-20,101.23749542236328,41.6732177734375
2017-10-23,101.31005096435547,41.61929702758789
2017-10-24,100.4574203491211,41.493507385253906
2017-10-25,99.84060668945312,41.3766975402832
2017-10-26,100.43926239013672,41.538429260253906
2017-10-27,100.32134246826172,41.39466857910156
2017-10-30,99.45964050292969,41.20598220825195
2017-10-31,99.98572540283203,41.313804626464844
2017-11-01,99.89501953125,41.152069091796875
2017-11-02,99.82246398925781,41.22395324707031
2017-11-03,99.97666931152344,41.3048210144043
2017-11-06,99.10588836669922,40.855560302734375
2017-11-07,100.20343780517578,41.277862548828125
2017-11-08,101.59123229980469,41.493507385253906
2017-11-09,101.11955261230469,41.538429260253906
2017-11-10,102.27154541015625,41.81697463989258
2017-11-13,103.44164276123047,41.97870635986328
2017-11-14,105.00181579589844,42.616661071777344
2017-11-15,104.40314483642578,42.059574127197266
2017-11-16,104.52105712890625,41.82595443725586
2017-11-17,104.02217102050781,41.07120132446289
2017-11-20,104.2308120727539,40.84657669067383
2017-11-21,105.26484680175781,41.13410568237305
2017-11-22,104.3849868774414,41.18800735473633
2017-11-24,105.12879943847656,41.22395324707031
2017-11-27,105.08344268798828,41.24192428588867
2017-11-28,105.91793823242188,41.17903137207031
2017-11-29,105.98141479492188,40.88252258300781
2017-11-30,106.42440795898438,41.462284088134766
2017-12-01,106.66189575195312,41.64345932006836
2017-12-04,107.282958984375,41.87898635864258
2017-12-05,107.40170288085938,41.90616226196289
2017-12-06,108.59818267822266,42.07828140258789
2017-12-07,106.61620330810547,41.47134017944336
2017-12-08,106.4700927734375,41.04557800292969
2017-12-11,107.21903228759766,41.063697814941406
2017-12-12,107.22816467285156,41.02745819091797
2017-12-13,107.59351348876953,41.58004379272461
2017-12-14,107.79444122314453,41.697811126708984
2017-12-15,108.89047241210938,41.84275436401367
2017-12-18,107.82185363769531,41.60722732543945
2017-12-19,108.33332061767578,41.788394927978516
2017-12-20,108.70780181884766,41.743106842041016
2017-12-21,108.0136489868164,41.30828094482422
2017-12-22,108.32418823242188,41.299224853515625
2017-12-26,108.58907318115234,41.4985237121582
2017-12-27,108.96355438232422,41.60722732543945
2017-12-28,109.00922393798828,41.41698455810547
2017-12-29,109.5298080444336,41.561927795410156
2018-01-02,107.83097076416016,41.25393295288086
2018-01-03,107.5478286743164,41.1633415222168
2018-01-04,108.07758331298828,41.743106842041016
2018-01-05,108.38812255859375,41.73404312133789
2018-01-08,107.76703643798828,41.67063903808594
2018-01-09,107.84925079345703,41.87898635864258
2018-01-10,107.30123901367188,41.73404312133789
2018-01-11,106.75322723388672,41.70686721801758
2018-01-12,107.20988464355469,41.806522369384766
2018-01-16,107.64830780029297,42.15074920654297
2018-01-17,108.85394287109375,42.4134635925293
2018-01-18,108.7352066040039,42.46781921386719
2018-01-19,109.75814819335938,42.721458435058594
2018-01-22,110.9820785522461,42.92074966430664
2018-01-23,110.79026794433594,42.98416519165039
2018-01-24,110.64412689208984,43.328407287597656
2018-01-25,110.4249038696289,43.33746337890625
2018-01-26,111.21039581298828,43.962520599365234
2018-01-29,109.30148315429688,43.210636138916016
2018-01-30,109.5024185180664,42.947933197021484
2018-01-31,109.87690734863281,43.11098861694336
2018-02-01,109.87690734863281,42.98416519165039
2018-02-02,108.38812255859375,42.33192825317383
2018-02-05,104.54290008544922,40.665103912353516
2018-02-06,103.72087860107422,40.465816497802734
2018-02-07,103.66606140136719,40.36616134643555
2018-02-08,100.60630798339844,39.04357147216797
2018-02-09,101.54708862304688,39.07074737548828
2018-02-12,102.23210144042969,39.83169174194336
2018-02-13,102.42391967773438,40.03099060058594
2018-02-14,99.65642547607422,39.949459075927734
2018-02-15,101.35528564453125,40.56544876098633
2018-02-16,101.43746948242188,40.74663162231445
2018-02-20,99.99437713623047,39.84981155395508
2018-02-21,98.64260864257812,39.260986328125
2018-02-22,99.79344177246094,39.42404556274414
2018-02-23,100.17704772949219,39.89509963989258
2018-02-26,101.32786560058594,39.88603591918945
2018-02-27,101.2822036743164,39.51462936401367
2018-02-28,100.22271728515625,39.152278900146484
2018-03-01,99.48202514648438,39.34251022338867
2018-03-02,100.32852935791016,39.605224609375
2018-03-05,100.68737030029297,39.75921630859375
2018-03-06,100.82540130615234,39.79545211791992
2018-03-07,101.06460571289062,39.6958122253418
2018-03-08,103.12564086914062,40.266517639160156
2018-03-09,103.54891967773438,40.601688385009766
2018-03-12,103.74212646484375,40.338993072509766
2018-03-13,104.52421569824219,40.37522506713867
2018-03-14,103.6133041381836,40.009666442871094
2018-03-15,103.04283905029297,39.909141540527344
2018-03-16,102.72080993652344,39.717227935791016
2018-03-19,101.54305267333984,39.53445053100586
2018-03-20,101.11981964111328,39.443058013916016
2018-03-21,100.052490234375,39.29684066772461
2018-03-22,99.31640625,39.077510833740234
2018-03-23,97.6694107055664,38.68455123901367
2018-03-26,98.27668762207031,39.01354217529297
2018-03-27,99.04039001464844,39.19631576538086
2018-03-28,100.45735168457031,39.58927917480469
2018-03-29,100.42974090576172,39.6898193359375
2018-04-02,98.49750518798828,38.99525451660156
2018-04-03,99.54644012451172,39.64412307739258
2018-04-04,101.37744140625,40.4300537109375
2018-04-05,101.73627471923828,40.57627868652344
2018-04-06,100.56775665283203,40.137611389160156
2018-04-09,100.64136505126953,40.05537033081055
2018-04-10,100.6597671508789,40.20158767700195
2018-04-11,99.9972915649414,40.20158767700195
2018-04-12,99.65684509277344,40.23814010620117
2018-04-13,100.53094482421875,40.67679977416992
2018-04-16,101.13822174072266,40.8321533203125
2018-04-17,100.17210388183594,41.01493453979492
2018-04-18,98.43309783935547,40.67679977416992
2018-04-19,97.13574981689453,40.494022369384766
2018-04-20,94.29263305664062,39.97311019897461
2018-04-23,94.38462829589844,40.192447662353516
2018-04-24,93.33570861816406,39.36081314086914
2018-04-25,93.0688705444336,38.77592468261719
2018-04-26,95.01030731201172,39.0683708190918
2018-04-27,93.5841293334961,39.580142974853516
2018-04-30,92.87565612792969,39.48875427246094
2018-05-01,91.21026611328125,38.922149658203125
2018-05-02,89.4620590209961,38.43779373168945
2018-05-03,89.80250549316406,38.282432556152344
2018-05-04,91.08143615722656,38.71195983886719
2018-05-07,90.38217163085938,38.51091003417969
2018-05-08,89.05720520019531,38.209327697753906
2018-05-09,88.47755432128906,38.18190383911133
2018-05-10,89.49885559082031,38.54746627807617
2018-05-11,89.64607238769531,38.51091003417969
2018-05-14,89.38845825195312,38.41952133178711
2018-05-15,89.06640625,38.12708282470703
2018-05-16,89.42525482177734,37.97171401977539
2018-05-17,90.09693145751953,38.65712356567383
2018-05-18,89.71968841552734,38.54746627807617
2018-05-21,91.55989837646484,38.75765609741211
2018-05-22,91.94634246826172,38.61143493652344
2018-05-23,92.4248046875,38.74851989746094
2018-05-24,92.17637634277344,38.6754035949707
2018-05-25,92.29598999023438,38.74851989746094
2018-05-29,93.02288055419922,39.004398345947266
2018-05-30,93.69454956054688,39.415645599365234
2018-05-31,93.08912658691406,39.29684066772461
2018-06-01,93.08912658691406,39.40650939941406
2018-06-04,92.96842193603516,39.74464416503906
2018-06-05,93.05198669433594,39.397369384765625
2018-06-06,93.62770080566406,39.717227935791016
2018-06-07,93.93412017822266,39.69894790649414
2018-06-08,95.16912078857422,40.16503143310547
2018-06-11,95.83769226074219,40.329524993896484
2018-06-12,97.01698303222656,40.58541488647461
2018-06-13,97.75054168701172,40.37521743774414
2018-06-14,97.62053680419922,40.18159866333008
2018-06-15,99.92339324951172,40.67948532104492
2018-06-18,97.8526840209961,40.153934478759766
2018-06-19,98.3912582397461,40.20003128051758
2018-06-20,98.25196838378906,39.88654708862305
2018-06-21,99.57984161376953,39.72980880737305
2018-06-22,100.62911224365234,39.87733459472656
2018-06-25,101.20482635498047,40.18159866333008
2018-06-26,100.33197021484375,39.95109176635742
2018-06-27,100.53624725341797,39.71136474609375
2018-06-28,100.91697692871094,40.080177307128906
2018-06-29,101.09339904785156,40.439762115478516
2018-07-02,101.70625305175781,40.33833312988281
2018-07-03,101.02840423583984,40.559627532958984
2018-07-05,101.72482299804688,41.17737579345703
2018-07-06,101.7341079711914,41.158935546875
2018-07-09,100.06269073486328,40.93765640258789
2018-07-10,104.82625579833984,41.46320343017578
2018-07-11,104.50125122070312,41.297245025634766
2018-07-12,103.56340026855469,41.18659973144531
2018-07-13,104.6405258178711,41.25114059448242
2018-07-16,104.8912582397461,41.241912841796875
2018-07-17,106.67410278320312,41.72136688232422
2018-07-18,106.62767028808594,41.601505279541016
2018-07-19,107.5005111694336,41.59228515625
2018-07-20,107.72338104248047,41.74903106689453
2018-07-23,106.21910095214844,41.44477462768555
2018-07-24,106.54410552978516,41.730587005615234
2018-07-25,106.98052978515625,42.4958610534668
2018-07-26,106.78553771972656,42.63417434692383
2018-07-27,106.11695861816406,42.606502532958984
2018-07-30,106.02410888671875,42.62494659423828
2018-07-31,106.78553771972656,42.99375915527344
2018-08-01,105.49481964111328,42.7724723815918
2018-08-02,106.49767303466797,42.5788459777832
2018-08-03,107.99267578125,42.98453140258789
2018-08-06,108.99552917480469,43.01219177246094
2018-08-07,106.0612564086914,42.8738899230957
2018-08-08,105.38338470458984,42.55119323730469
2018-08-09,105.5783920288086,42.7355842590332
2018-08-10,104.80767059326172,42.48664093017578
2018-08-13,104.94696044921875,42.25614547729492
2018-08-14,105.02125549316406,42.31145095825195
2018-08-15,105.34625244140625,42.48664093017578
2018-08-16,106.08910369873047,42.61573028564453
2018-08-17,106.74840545654297,42.96609115600586
2018-08-20,106.63694763183594,43.08595275878906
2018-08-21,105.59696960449219,42.61573028564453
2018-08-22,104.22267150878906,42.34833908081055
2018-08-23,103.93482208251953,42.13627624511719
2018-08-24,104.13911437988281,42.07173538208008
2018-08-27,104.38053131103516,42.12705993652344
2018-08-28,103.2291030883789,41.832008361816406
2018-08-29,104.04624938964844,41.795127868652344
2018-08-30,103.96267700195312,41.44477462768555
2018-08-31,104.00911712646484,41.094398498535156
2018-09-04,103.07125091552734,41.26958084106445
2018-09-05,105.0398178100586,41.84123611450195
2018-09-06,106.26443481445312,42.20082092285156
2018-09-07,105.55287170410156,42.15472412109375
2018-09-10,106.32998657226562,42.46820068359375
2018-09-11,106.10527801513672,42.43132781982422
2018-09-12,106.59212493896484,42.63417434692383
2018-09-13,107.6594467163086,42.615570068359375
2018-09-14,107.26622009277344,42.764347076416016
2018-09-17,108.04332733154297,43.071197509765625
2018-09-18,106.7138442993164,42.70855712890625
2018-09-19,106.51721954345703,42.73645782470703
2018-09-20,107.87478637695312,43.36875915527344
2018-09-21,107.58454895019531,43.31296920776367
2018-09-24,105.11283111572266,42.838741302490234
2018-09-25,104.83197021484375,42.47608947753906
2018-09-26,104.39193725585938,42.63416290283203
2018-09-27,103.97062683105469,42.78294372558594
2018-09-28,104.67281341552734,42.95032501220703
2018-10-01,103.65229797363281,42.987510681152344
2018-10-02,101.78916931152344,43.24787139892578
2018-10-03,100.66565704345703,42.652767181396484
2018-10-04,99.81366729736328,42.63416290283203
2018-10-05,99.70132446289062,42.66205978393555
2018-10-08,101.2929458618164,43.21997833251953
2018-10-09,101.22740936279297,43.13629150390625
2018-10-10,100.49713134765625,42.47608947753906
2018-10-11,98.36248016357422,41.509033203125
2018-10-12,98.5684585571289,41.54621887207031
2018-10-15,98.8961410522461,41.76008987426758
2018-10-16,100.5439453125,42.29941940307617
2018-10-17,101.40528869628906,42.643463134765625
2018-10-18,101.04949951171875,42.41099548339844
2018-10-19,103.25907897949219,43.08050537109375
2018-10-22,102.42581939697266,42.745750427246094
2018-10-23,103.1092758178711,43.1083984375
2018-10-24,105.75886535644531,43.45244216918945
2018-10-25,105.6558609008789,43.24787139892578
2018-10-26,103.40886688232422,42.69926071166992
2018-10-29,105.69332122802734,43.20138168334961
2018-10-30,106.51721954345703,44.28931427001953
2018-10-31,105.21582794189453,44.521785736083984
2018-11-01,104.40130615234375,44.39160919189453
2018-11-02,104.08296966552734,44.63336181640625
2018-11-05,107.09769439697266,45.27497100830078
2018-11-06,107.86541748046875,45.6655158996582
2018-11-07,108.23991394042969,45.90727996826172
2018-11-08,108.6612319946289,45.87008285522461
2018-11-09,109.99071502685547,46.195533752441406
2018-11-12,109.51322937011719,46.372215270996094
2018-11-13,109.6723861694336,46.3629150390625
2018-11-14,109.21363067626953,46.269927978515625
2018-11-15,109.35407257080078,46.2513313293457
2018-11-16,110.80525207519531,46.65116500854492
2018-11-19,111.42317962646484,46.96731948852539
2018-11-20,108.60507202148438,45.91657638549805
2018-11-21,107.93094635009766,45.31216812133789
2018-11-23,108.05267333984375,45.58182907104492
2018-11-26,108.47399139404297,45.442352294921875
2018-11-27,109.01701354980469,45.90727996826172
2018-11-28,110.94568634033203,46.223426818847656
2018-11-29,110.73035430908203,45.9047737121582
2018-11-30,114.1663818359375,47.235626220703125
2018-12-03,111.39509582519531,46.5702018737793
2018-12-04,110.29032135009766,46.46711349487305
2018-12-06,110.26011657714844,46.2796630859375
2018-12-07,109.29756164550781,46.00787353515625
2018-12-10,109.646728515625,46.14845275878906
2018-12-11,110.68476867675781,46.429622650146484
2018-12-12,110.4111099243164,46.12971115112305
2018-12-13,111.68507385253906,46.364017486572266
2018-12-14,107.53287506103516,46.24217987060547
2018-12-17,106.51368713378906,45.295589447021484
2018-12-18,105.54168701171875,45.28621292114258
2018-12-19,103.84306335449219,44.89258575439453
2018-12-20,104.00348663330078,44.55519104003906
2018-12-21,103.25797271728516,44.583309173583984
2018-12-24,100.05888366699219,43.07439041137695
2018-12-26,102.22936248779297,43.99285888671875
2018-12-27,103.25797271728516,44.54581832885742
2018-12-28,104.1450424194336,44.23653793334961
2018-12-31,104.25828552246094,44.37711715698242
2019-01-02,103.12586212158203,43.98349380493164
2019-01-03,102.1633071899414,43.71169662475586
2019-01-04,104.25828552246094,44.583309173583984
2019-01-07,103.36178588867188,44.002235412597656
2019-01-08,104.35265350341797,44.498966217041016
2019-01-09,101.4366683959961,43.646095275878906
2019-01-10,102.05949401855469,44.11470031738281
2019-01-11,102.06893920898438,44.36774826049805
2019-01-14,101.2762451171875,44.18967819213867
2019-01-15,102.8521957397461,44.583309173583984
2019-01-16,102.23880004882812,43.974117279052734
2019-01-17,103.0692367553711,44.10533142089844
2019-01-18,103.87136840820312,44.620792388916016
2019-01-22,103.72038269042969,44.72389221191406
2019-01-23,104.49419403076172,45.23935317993164
2019-01-24,103.33348846435547,44.695770263671875
2019-01-25,103.19192504882812,44.39585876464844
2019-01-28,102.6917724609375,44.20841979980469
2019-01-29,102.86162567138672,44.42398452758789
2019-01-30,104.57913208007812,44.8551025390625
2019-01-31,106.324951171875,45.10814666748047
2019-02-01,105.87198638916016,45.64236068725586
2019-02-04,106.72130584716797,46.15782928466797
2019-02-05,106.54199981689453,46.167198181152344
2019-02-06,106.68354797363281,46.167198181152344
2019-02-07,106.72130584716797,46.31714630126953
2019-02-08,106.65523529052734,46.39213180541992
2019-02-11,106.6080551147461,46.49522399902344
2019-02-12,107.38188171386719,46.54208755493164
2019-02-13,107.69329833984375,46.66392517089844
2019-02-14,106.24944305419922,42.727622985839844
2019-02-15,109.38249969482422,42.39959716796875
2019-02-19,109.4013671875,42.01533889770508
2019-02-20,109.30699920654297,42.26838684082031
2019-02-21,109.56177520751953,42.98067092895508
2019-02-22,110.18461608886719,42.43708801269531
2019-02-25,109.5240478515625,42.11843490600586
2019-02-26,109.4391098022461,41.884124755859375
2019-02-27,108.87289428710938,42.11843490600586
2019-02-28,110.01260375976562,42.493324279785156
2019-03-01,110.52633666992188,42.53081130981445
2019-03-04,110.51680755615234,42.78385543823242
2019-03-05,110.38362884521484,42.73698806762695
2019-03-06,110.98296356201172,42.59641647338867
2019-03-07,110.45022583007812,42.43708801269531
2019-03-08,109.62255096435547,42.024715423583984
2019-03-11,110.91636657714844,43.280574798583984
2019-03-12,110.89734649658203,43.15874099731445
2019-03-13,110.90686798095703,43.31806564331055
2019-03-14,109.8794174194336,43.20461654663086
2019-03-15,110.03163146972656,42.82646560668945
2019-03-18,111.56327056884766,42.93045425415039
2019-03-19,112.34337615966797,43.072265625
2019-03-20,112.56219482421875,43.04389953613281
2019-03-21,113.62767028808594,43.02499008178711
2019-03-22,114.84540557861328,43.422061920166016
2019-03-25,114.96907043457031,43.516597747802734
2019-03-26,116.08212280273438,44.09328842163086
2019-03-27,115.95845031738281,44.06493377685547
2019-03-28,115.910888671875,44.03657150268555
2019-03-29,116.58634948730469,44.3012809753418
2019-04-01,116.0631103515625,44.16892623901367
2019-04-02,115.75867462158203,44.02711868286133
2019-04-03,115.64452362060547,43.65840530395508
2019-04-04,115.55889129638672,43.9420280456543
2019-04-05,115.70159149169922,43.93257522583008
2019-04-08,116.0631103515625,44.008209228515625
2019-04-09,116.22483825683594,44.12165451049805
2019-04-10,116.10115814208984,44.09328842163086
2019-04-11,115.7491683959961,44.15946578979492
2019-04-12,116.28191375732422,44.187835693359375
2019-04-15,117.64232635498047,44.43363571166992
2019-04-16,116.45316314697266,44.3863639831543
2019-04-17,120.82929992675781,44.69834518432617
2019-04-18,120.90540313720703,44.887428283691406
2019-04-22,120.28704833984375,44.81179428100586
2019-04-23,120.90540313720703,45.57756805419922
2019-04-24,120.74369049072266,45.36012268066406
2019-04-25,119.99214172363281,45.2277717590332
2019-04-26,120.24899291992188,45.62483596801758
2019-04-29,120.5248794555664,45.776092529296875
2019-04-30,121.8187026977539,46.38115310668945
2019-05-01,121.04811096191406,45.93681716918945
2019-05-02,120.65806579589844,45.747737884521484
2019-05-03,121.45718383789062,46.05971908569336
2019-05-06,121.0766372680664,45.8233642578125
2019-05-07,119.84942626953125,45.379024505615234
2019-05-08,119.88746643066406,45.23722457885742
2019-05-09,119.91603088378906,44.81179428100586
2019-05-10,121.78063201904297,45.55865478515625
2019-05-13,120.97200012207031,45.426300048828125
2019-05-14,121.2098388671875,46.03135299682617
2019-05-15,123.05543518066406,46.494598388671875
2019-05-16,123.93067169189453,46.87276077270508
2019-05-17,124.15897369384766,46.51350784301758
2019-05-20,123.66429138183594,46.1826171875
2019-05-21,122.77002716064453,45.946266174316406
2019-05-22,123.74040985107422,46.93893814086914
2019-05-23,123.645263671875,47.12801742553711
2019-05-24,123.19813537597656,46.901119232177734
2019-05-28,121.41912841796875,46.41896438598633
2019-05-29,121.93285369873047,45.955718994140625
2019-05-30,122.35144805908203,46.56077575683594
2019-05-31,121.77112579345703,46.447330474853516
2019-06-03,122.70343780517578,47.250911712646484
2019-06-04,122.7890625,47.26982498168945
2019-06-05,124.99616241455078,48.00723648071289
2019-06-06,126.47672271728516,48.593379974365234
2019-06-07,127.90462493896484,48.67847442626953
2019-06-10,128.01959228515625,48.57447052001953
2019-06-11,127.6458511352539,48.52720260620117
2019-06-12,127.5883560180664,48.820274353027344
2019-06-13,127.3967056274414,48.7154655456543
2019-06-14,127.19544219970703,48.88697052001953
2019-06-17,126.99420928955078,48.46774673461914
2019-06-18,126.55339813232422,48.24860763549805
2019-06-19,127.31047821044922,48.7059440612793
2019-06-20,128.56585693359375,49.22044372558594
2019-06-21,128.3741912841797,49.115631103515625
2019-06-24,128.5466766357422,49.46815872192383
2019-06-25,128.2304229736328,49.31571578979492
2019-06-26,126.80255889892578,48.7059440612793
2019-06-27,126.19883728027344,48.667823791503906
2019-06-28,125.66219329833984,48.51538848876953
2019-07-01,126.3713150024414,49.16326904296875
2019-07-02,126.907958984375,49.52532958984375
2019-07-03,128.40293884277344,49.6396598815918
2019-07-05,127.47338104248047,49.64918899536133
2019-07-08,127.03254699707031,49.54438018798828
2019-07-09,126.24675750732422,49.15374755859375
2019-07-10,128.805419921875,49.37288284301758
2019-07-11,128.74790954589844,49.582496643066406
2019-07-12,127.7225341796875,49.65871810913086
2019-07-15,128.55624389648438,49.66824722290039
2019-07-16,128.22084045410156,49.67776870727539
2019-07-17,127.24339294433594,49.715885162353516
2019-07-18,127.3392105102539,49.57297134399414
2019-07-19,124.6655502319336,48.963191986083984
2019-07-22,124.8476333618164,48.80121612548828
2019-07-23,125.28844451904297,51.76435470581055
2019-07-24,123.8222427368164,51.240325927734375
2019-07-25,123.61141204833984,50.5638542175293
2019-07-26,125.74842834472656,51.61190414428711
2019-07-29,126.04549407958984,51.44041061401367
2019-07-30,125.03927612304688,51.183162689208984
2019-07-31,122.4806137084961,50.14463424682617
2019-08-01,121.83854675292969,49.57297134399414
2019-08-02,122.58602905273438,49.85879898071289
2019-08-05,119.21280670166016,49.210914611816406
2019-08-06,121.17731475830078,49.8016357421875
2019-08-07,122.4518814086914,50.668663024902344
2019-08-08,124.07139587402344,51.154579162597656
2019-08-09,123.23768615722656,50.89732360839844
2019-08-12,122.99811553955078,50.68771743774414
2019-08-13,124.51219940185547,50.97355651855469
2019-08-14,123.7359848022461,50.48763656616211
2019-08-15,125.269287109375,51.32607650756836
2019-08-16,126.26591491699219,51.840576171875
2019-08-19,127.04215240478516,52.10735321044922
2019-08-20,126.55339813232422,51.335609436035156
2019-08-21,126.82172393798828,51.54521179199219
2019-08-22,127.12838745117188,51.91679763793945
2019-08-23,124.8380355834961,51.20222091674805
2019-08-26,128.16334533691406,51.96443557739258
2019-08-27,129.14080810546875,52.13593673706055
2019-08-28,129.5529022216797,52.50751876831055
2019-08-29,130.34829711914062,52.45035171508789
2019-08-30,131.02865600585938,52.440826416015625
2019-09-03,131.72824096679688,52.68854904174805
2019-09-04,133.34774780273438,53.1363525390625
2019-09-05,131.21043395996094,52.51704788208008
2019-09-06,132.55169677734375,52.62185287475586
2019-09-09,131.61570739746094,51.94538116455078
2019-09-10,131.0946807861328,51.831050872802734
2019-09-11,131.57713317871094,52.18357849121094
2019-09-12,132.47451782226562,52.50751876831055
2019-09-13,131.6543426513672,52.07563400268555
2019-09-16,130.14903259277344,51.78771209716797
2019-09-17,130.94027709960938,52.05644607543945
2019-09-18,130.74728393554688,52.046844482421875
2019-09-19,130.72799682617188,52.32516860961914
2019-09-20,129.98501586914062,51.73972702026367
2019-09-23,130.68939208984375,51.96046447753906
2019-09-24,130.61219787597656,52.1140251159668
2019-09-25,130.35166931152344,51.989253997802734
2019-09-26,130.95956420898438,52.20040512084961
2019-09-27,130.84381103515625,52.12362289428711
2019-09-30,132.29116821289062,52.248390197753906
2019-10-01,132.55169677734375,52.4499397277832
2019-10-02,129.24200439453125,50.94314193725586
2019-10-03,133.09205627441406,51.672542572021484
2019-10-04,135.359619140625,52.344364166259766
2019-10-07,133.48768615722656,51.70133972167969
2019-10-08,132.42626953125,51.42301559448242
2019-10-09,133.01486206054688,51.6629524230957
2019-10-10,133.053466796875,51.49979019165039
2019-10-11,132.81222534179688,51.1542854309082
2019-10-14,132.62889099121094,51.1542854309082
2019-10-15,131.5481719970703,51.35582733154297
2019-10-16,131.63504028320312,51.336639404296875
2019-10-17,132.15609741210938,51.62455749511719
2019-10-18,131.4709930419922,52.574703216552734
2019-10-21,131.34555053710938,52.046844482421875
2019-10-22,131.86660766601562,51.6821403503418
2019-10-23,132.62889099121094,52.440338134765625
2019-10-24,133.053466796875,52.41154861450195
2019-10-25,131.84732055664062,51.58616638183594
2019-10-28,131.77976989746094,51.41341018676758
2019-10-29,131.3069610595703,51.259857177734375
2019-10-30,132.09820556640625,51.768516540527344
2019-10-31,132.3586883544922,52.23879623413086
2019-11-01,132.12713623046875,51.73012924194336
2019-11-04,130.4192352294922,51.00072479248047
2019-11-05,129.3095703125,50.30970764160156
2019-11-06,129.7244873046875,50.67441177368164
2019-11-07,128.6437530517578,50.18494415283203
2019-11-08,128.46041870117188,50.1081657409668
2019-11-11,127.7463607788086,49.75305938720703
2019-11-12,127.35074615478516,49.628292083740234
2019-11-13,128.6147918701172,50.30011749267578
2019-11-14,128.65341186523438,50.511260986328125
2019-11-15,129.11656188964844,50.54964065551758
2019-11-18,129.3577880859375,50.8951530456543
2019-11-19,129.84991455078125,50.94314193725586
2019-11-20,129.0490264892578,51.07750701904297
2019-11-21,129.2130584716797,50.827972412109375
2019-11-22,129.36746215820312,50.8951530456543
2019-11-25,129.1358642578125,51.07750701904297
2019-11-26,130.94027709960938,51.73012924194336
2019-11-27,131.14291381835938,51.778114318847656
2019-11-29,131.06570434570312,51.63308334350586
2019-12-02,131.1139678955078,51.97149658203125
2019-12-03,130.7086944580078,52.019840240478516
2019-12-04,132.4841766357422,52.49363327026367
2019-12-05,132.4792938232422,52.39693832397461
2019-12-06,133.4704132080078,52.619327545166016
2019-12-09,133.2760772705078,52.280906677246094
2019-12-10,132.41128540039062,51.99083709716797
2019-12-11,133.21778869628906,52.16488265991211
2019-12-12,133.29550170898438,52.348594665527344
2019-12-13,134.03399658203125,52.619327545166016
2019-12-16,133.17889404296875,52.619327545166016
2019-12-17,132.31410217285156,52.619327545166016
2019-12-18,132.11976623535156,52.12620544433594
2019-12-19,132.60560607910156,52.52263641357422
2019-12-20,134.01455688476562,53.1511344909668
2019-12-23,133.1594696044922,53.093116760253906
2019-12-24,133.0137176513672,52.89973449707031
2019-12-26,132.81939697265625,53.19947814941406
2019-12-27,133.64532470703125,53.518558502197266
2019-12-30,132.9359893798828,53.44120407104492
2019-12-31,132.79995727539062,53.518558502197266
2020-01-02,131.9740447998047,53.17047119140625
2020-01-03,131.78941345214844,52.880393981933594
2020-01-06,132.294677734375,52.861053466796875
2020-01-07,130.2152862548828,52.454959869384766
2020-01-08,130.8857421875,52.55164337158203
2020-01-09,130.9731903076172,53.508888244628906
2020-01-10,130.7205352783203,53.69260025024414
2020-01-13,132.66390991210938,54.27275085449219
2020-01-14,132.97486877441406,54.14704895019531
2020-01-15,135.25831604003906,54.82388687133789
2020-01-16,135.6566925048828,54.939918518066406
2020-01-17,137.2599639892578,55.055946350097656
2020-01-21,137.84300231933594,55.27833557128906
2020-01-22,139.3199462890625,55.70378112792969
2020-01-23,139.58230590820312,55.91650390625
2020-01-24,138.87298583984375,55.77145767211914
2020-01-27,138.1150665283203,55.57807922363281
2020-01-28,138.4065704345703,55.12363052368164
2020-01-29,137.71665954589844,55.12363052368164
2020-01-30,139.7572021484375,56.91241455078125
2020-01-31,137.99847412109375,56.4676399230957
2020-02-03,138.47457885742188,56.64168167114258
2020-02-04,139.16448974609375,56.8930778503418
2020-02-05,140.21389770507812,56.902748107910156
2020-02-06,140.24305725097656,57.03812026977539
2020-02-07,141.25360107421875,57.23149490356445
2020-02-10,141.53538513183594,57.77296829223633
2020-02-11,141.94349670410156,57.618263244628906
2020-02-12,141.94349670410156,57.444217681884766
2020-02-13,142.32244873046875,57.63759994506836
2020-02-14,142.82774353027344,57.96635437011719
2020-02-18,141.4770965576172,57.56024932861328
2020-02-19,141.40904235839844,57.79230880737305
2020-02-20,141.04954528808594,57.74396514892578
2020-02-21,141.7200164794922,58.14039993286133
2020-02-24,138.6009063720703,56.70936965942383
2020-02-25,137.10452270507812,55.90682601928711
2020-02-26,137.95957946777344,55.69411087036133
2020-02-27,132.50843811035156,53.112457275390625
2020-02-28,128.2913360595703,51.7201042175293
2020-03-02,133.68418884277344,54.069698333740234
2020-03-03,131.74082946777344,54.2050666809082
2020-03-04,138.35800170898438,56.970428466796875
2020-03-05,135.09555053710938,54.86256408691406
2020-03-06,134.27381896972656,53.43153762817383
2020-03-09,127.32828521728516,50.14403533935547
2020-03-10,131.22171020507812,51.88447570800781
2020-03-11,126.92720031738281,50.48245620727539
2020-03-12,112.83069610595703,45.599552154541016
2020-03-13,124.67723846435547,47.277225494384766
2020-03-16,110.629638671875,44.14621353149414
2020-03-17,124.94136810302734,46.01897048950195
2020-03-18,118.28929901123047,43.74631118774414
2020-03-19,114.78717803955078,40.800628662109375
2020-03-20,101.66893768310547,37.35749435424805
2020-03-23,102.89173889160156,36.635704040527344
2020-03-24,111.36333465576172,38.47919464111328
2020-03-25,110.05248260498047,40.58604049682617
2020-03-26,117.64366912841797,43.20009231567383
2020-03-27,117.83930969238281,41.75651168823242
2020-03-30,122.7500991821289,43.892616271972656
2020-03-31,117.48714447021484,43.161075592041016
2020-04-01,115.55022430419922,41.08348846435547
2020-04-02,121.16534423828125,42.86845397949219
2020-04-03,121.87946319580078,42.75141143798828
2020-04-06,128.30653381347656,45.521522521972656
2020-04-07,127.64131164550781,45.365455627441406
2020-04-08,129.7249755859375,46.643218994140625
2020-04-09,130.72279357910156,47.79418182373047
2020-04-13,128.04238891601562,45.775123596191406
2020-04-14,135.38900756835938,47.71615219116211
2020-04-15,132.0923309326172,46.43838882446289
2020-04-16,132.68907165527344,45.940940856933594
2020-04-17,134.55751037597656,46.8773193359375
2020-04-20,131.62277221679688,45.38496017456055
2020-04-21,128.09130859375,44.263267517089844
2020-04-22,129.73475646972656,44.555885314941406
2020-04-23,127.42609405517578,43.96089172363281
2020-04-24,131.43690490722656,44.312034606933594
2020-04-27,131.53472900390625,45.62881088256836
2020-04-28,133.35427856445312,45.58980178833008
2020-04-29,130.45867919921875,45.960445404052734
2020-04-30,129.4119415283203,44.760711669921875
2020-05-01,127.30870819091797,44.477848052978516
2020-05-04,128.0717315673828,44.02916717529297
2020-05-05,128.80543518066406,44.28277587890625
2020-05-06,127.93479919433594,43.64876937866211
2020-05-07,128.6880645751953,43.50245666503906
2020-05-08,131.3097381591797,44.975303649902344
2020-05-11,131.4564666748047,44.41933059692383
2020-05-12,130.0478057861328,43.71704864501953
2020-05-13,130.0673828125,42.858699798583984
2020-05-14,130.1847686767578,42.624610900878906
2020-05-15,132.99232482910156,42.1954345703125
2020-05-18,132.57167053222656,43.86335754394531
2020-05-19,128.86410522460938,43.443939208984375
2020-05-20,128.4043426513672,44.760711669921875
2020-05-21,127.37718963623047,44.05842971801758
2020-05-22,127.64131164550781,43.921875
2020-05-26,126.92720031738281,44.95579528808594
2020-05-27,127.96414947509766,45.58004379272461
2020-05-28,129.4119415283203,45.931182861328125
2020-05-29,128.6880645751953,45.531272888183594
2020-06-01,130.0967254638672,45.83364486694336
2020-06-02,129.74453735351562,45.74586486816406
2020-06-03,129.93040466308594,46.72125244140625
2020-06-04,128.72079467773438,46.740753173828125
2020-06-05,130.56431579589844,47.8819694519043
2020-06-08,130.3375701904297,48.62326431274414
2020-06-09,131.08680725097656,47.79418182373047
2020-06-10,132.23037719726562,47.42353439331055
2020-06-11,126.02945709228516,44.41933059692383
2020-06-12,127.17303466796875,44.881927490234375
2020-06-15,128.63206481933594,45.57090377807617
2020-06-16,129.80520629882812,46.033504486083984
2020-06-17,129.89393615722656,45.84649658203125
2020-06-18,130.8994903564453,46.25004196166992
2020-06-19,129.4207305908203,45.29531478881836
2020-06-22,129.19398498535156,45.01972198486328
2020-06-23,129.49960327148438,44.921295166015625
2020-06-24,127.72509765625,43.9468879699707
2020-06-25,129.5489044189453,44.222476959228516
2020-06-26,127.10400390625,42.88389587402344
2020-06-29,129.22357177734375,43.66145706176758
2020-06-30,130.3868408203125,43.97641372680664
2020-07-01,130.48544311523438,44.11421203613281
2020-07-02,130.968505859375,44.17326736450195
2020-07-06,131.41213989257812,44.517757415771484
2020-07-07,131.6782989501953,44.49806594848633
2020-07-08,132.319091796875,44.36027526855469
2020-07-09,130.8304901123047,43.218544006347656
2020-07-10,132.5557098388672,44.43901824951172
2020-07-13,132.99932861328125,44.53744125366211
2020-07-14,133.60069274902344,45.147674560546875
2020-07-15,131.79660034179688,45.66933059692383
2020-07-16,131.98391723632812,45.42326736450195
2020-07-17,132.75286865234375,46.08271789550781
2020-07-20,131.22482299804688,45.39373779296875
2020-07-21,132.526123046875,46.45673370361328
2020-07-22,134.083740234375,47.716575622558594
2020-07-23,135.1385955810547,47.51972579956055
2020-07-24,134.13302612304688,47.72642135620117
2020-07-27,135.72023010253906,47.716575622558594
2020-07-28,135.43435668945312,47.42129898071289
2020-07-29,135.97654724121094,47.26382064819336
2020-07-30,135.73995971679688,46.93901443481445
2020-07-31,135.71038818359375,46.4961051940918
2020-08-03,134.76397705078125,45.57090377807617
2020-08-04,135.5230712890625,45.95476150512695
2020-08-05,134.32034301757812,46.476417541503906
2020-08-06,133.9358673095703,46.732322692871094
2020-08-07,134.80340576171875,47.04728317260742
2020-08-10,134.05416870117188,46.968544006347656
2020-08-11,133.2063446044922,47.17523956298828
2020-08-12,135.848388671875,47.667362213134766
2020-08-13,136.14414978027344,47.6181526184082
2020-08-14,135.61180114746094,47.68704605102539
2020-08-17,135.96669006347656,47.450828552246094
2020-08-18,136.1540069580078,47.65752029418945
2020-08-19,134.51751708984375,46.624053955078125
2020-08-20,134.78370666503906,46.6043701171875
2020-08-21,134.52737426757812,46.53547286987305
2020-08-24,135.69065856933594,47.21460723876953
2020-08-25,135.35548400878906,47.15555191040039
2020-08-26,136.5089111328125,47.401615142822266
2020-08-27,136.43988037109375,47.47051239013672
2020-08-28,137.9580841064453,49.045318603515625
2020-08-31,138.07638549804688,48.75004196166992
2020-09-01,137.21871948242188,48.34649658203125
2020-09-02,141.26065063476562,50.3838996887207
2020-09-03,138.38414001464844,49.685081481933594
2020-09-04,137.7784423828125,50.236263275146484
2020-09-08,134.59115600585938,49.025634765625
2020-09-09,136.14012145996094,49.3996467590332
2020-09-10,133.80674743652344,49.21263885498047
2020-09-11,134.8493194580078,50.255950927734375
2020-09-14,135.70323181152344,50.31547927856445
2020-09-15,134.66065979003906,50.652835845947266
2020-09-16,134.0251922607422,50.394859313964844
2020-09-17,132.25778198242188,50.1567268371582
2020-09-18,130.54002380371094,50.0575065612793
2020-09-21,130.3116455078125,48.70808410644531
2020-09-22,131.2152099609375,49.273651123046875
2020-09-23,130.07334899902344,47.834930419921875
2020-09-24,130.6492462158203,48.32112121582031
2020-09-25,132.60531616210938,48.340965270996094
2020-09-28,136.99404907226562,48.8966064453125
2020-09-29,136.1897735595703,48.539405822753906
2020-09-30,137.61959838867188,48.985904693603516
2020-10-01,139.8040313720703,48.797386169433594
2020-10-02,137.08340454101562,48.97598648071289
2020-10-05,136.95431518554688,48.99583053588867
2020-10-06,134.74009704589844,48.55924987792969
2020-10-07,136.04083251953125,49.17443084716797
2020-10-08,136.87489318847656,50.06742477416992
2020-10-09,137.46072387695312,50.414703369140625
2020-10-12,141.12461853027344,50.69252395629883
2020-10-13,142.52462768554688,49.82929611206055
2020-10-14,141.51185607910156,49.730072021484375
2020-10-15,140.4295654296875,49.6010856628418
2020-10-16,140.72744750976562,49.640769958496094
2020-10-19,138.6919403076172,49.23395919799805
2020-10-20,138.72174072265625,49.85905838012695
2020-10-21,138.61251831054688,49.6010856628418
2020-10-22,138.6224365234375,50.28571701049805
2020-10-23,138.57278442382812,50.12696075439453
2020-10-26,137.08340454101562,49.412559509277344
2020-10-27,138.13589477539062,49.511783599853516
2020-10-28,133.22091674804688,47.586875915527344
2020-10-29,133.04220581054688,47.64640808105469
2020-10-30,132.34713745117188,47.686100006103516
2020-11-02,134.19398498535156,48.24174118041992
2020-11-03,136.07061767578125,48.966060638427734
2020-11-04,136.88482666015625,48.78746032714844
2020-11-05,137.07347106933594,49.05535888671875
2020-11-06,137.40115356445312,49.065284729003906
2020-11-09,137.47064208984375,52.1610107421875
2020-11-10,140.71751403808594,53.56003952026367
2020-11-11,142.88209533691406,53.16315460205078
2020-11-12,142.822509765625,52.59758758544922
2020-11-13,143.68637084960938,53.03416442871094
2020-11-16,144.7289276123047,53.43104934692383
2020-11-17,144.21261596679688,53.26237487792969
2020-11-18,142.36578369140625,52.20069885253906
2020-11-19,142.3061981201172,52.71665573120117
2020-11-20,142.40548706054688,52.260231018066406
2020-11-23,142.00831604003906,52.27015686035156
2020-11-24,143.01116943359375,52.80595397949219
2020-11-25,143.1402587890625,52.518211364746094
2020-11-27,143.5771484375,52.290000915527344
2020-11-30,143.2097625732422,51.599998474121094
2020-12-01,145.03675842285156,52.040000915527344
2020-12-02,143.5970001220703,52.11000061035156
2020-12-03,144.4499969482422,52.779998779296875
2020-12-04,145.85000610351562,53.849998474121094
2020-12-07,145.3699951171875,52.9900016784668
2020-12-08,145.52000427246094,53.18000030517578
2020-12-09,145.69000244140625,53.33000183105469
2020-12-10,144.6699981689453,53.04999923706055
2020-12-11,144.97000122070312,53.349998474121094
2020-12-14,144.22999572753906,53.27000045776367
2020-12-15,144.77000427246094,53.84000015258789
2020-12-16,144.88999938964844,53.060001373291016
2020-12-17,145.7100067138672,53.27000045776367
2020-12-18,146.92999267578125,53.7400016784668
2020-12-21,145.39999389648438,52.810001373291016
2020-12-22,144.02000427246094,52.7599983215332
2020-12-23,144.41000366210938,53.08000183105469
2020-12-24,145.05999755859375,53.439998626708984
2020-12-28,146.91000366210938,54.15999984741211
2020-12-29,147.4199981689453,54.130001068115234
2020-12-30,147.30999755859375,54.439998626708984
2020-12-31,148.3000030517578,54.84000015258789
2021-01-04,144.27000427246094,52.7599983215332
2021-01-05,144.6999969482422,52.18000030517578
2021-01-06,142.92999267578125,50.52000045776367
2021-01-07,142.47000122070312,49.959999084472656
2021-01-08,144.17999267578125,51.08000183105469
2021-01-11,142.08999633789062,50.20000076293945
2021-01-12,141.42999267578125,50.11000061035156
2021-01-13,142.58999633789062,50.15999984741211
2021-01-14,141.75999450683594,49.22999954223633
2021-01-15,141.38999938964844,48.70000076293945
2021-01-19,142.05999755859375,48.5099983215332
2021-01-20,141.3300018310547,48.68000030517578
2021-01-21,139.61000061035156,48.95000076293945
2021-01-22,138.58999633789062,48.4900016784668
2021-01-25,140.17999267578125,48.779998779296875
2021-01-26,141.8000030517578,49.290000915527344
2021-01-27,138.0399932861328,48.529998779296875
2021-01-28,139.19000244140625,49.150001525878906
2021-01-29,136.57000732421875,48.150001525878906
2021-02-01,136.97999572753906,48.47999954223633
2021-02-02,138.3800048828125,48.959999084472656
2021-02-03,138.02000427246094,48.77000045776367
2021-02-04,139.67999267578125,49.0099983215332
2021-02-05,140.9600067138672,49.650001525878906
2021-02-08,140.39999389648438,49.91999816894531
2021-02-09,139.60000610351562,49.70000076293945
2021-02-10,137.6999969482422,49.599998474121094
2021-02-11,134.97000122070312,50.29999923706055
2021-02-12,133.8699951171875,50.689998626708984
2021-02-16,134.3800048828125,50.27000045776367
2021-02-17,134.4600067138672,50.130001068115234
2021-02-18,135.3699951171875,50.77000045776367
2021-02-19,132.50999450683594,50.11000061035156
2021-02-22,131.99000549316406,50.630001068115234
2021-02-23,132.77999877929688,50.540000915527344
