Date,SEM.LS,ALTR.LS
2014-12-31,7.993803977966309,1.6013518571853638
2015-01-02,7.966239929199219,1.6406766176223755
2015-01-05,7.930798053741455,1.610377311706543
2015-01-06,7.867793083190918,1.6503466367721558
2015-01-07,7.68271541595459,1.6858032941818237
2015-01-08,7.915047645568848,1.7335084676742554
2015-01-09,7.875668048858643,1.736087441444397
2015-01-12,7.94261360168457,1.7502700090408325
2015-01-13,8.033181190490723,1.7953968048095703
2015-01-14,8.190695762634277,1.8082902431488037
2015-01-15,8.293078422546387,1.8179600238800049
2015-01-16,8.190695762634277,1.8121579885482788
2015-01-19,8.190695762634277,1.8566402196884155
2015-01-20,7.954426288604736,1.870822548866272
2015-01-21,7.94261360168457,1.8598634004592896
2015-01-22,7.91110897064209,1.9017667770385742
2015-01-23,7.978052616119385,1.914015531539917
2015-01-26,8.230073928833008,1.9804158210754395
2015-01-27,7.915047645568848,1.9468932151794434
2015-01-28,7.985929012298584,1.9398021697998047
2015-01-29,8.025306701660156,1.9746140241622925
2015-01-30,8.19857120513916,1.9791268110275269
2015-02-02,8.28520393371582,2.0203850269317627
2015-02-03,8.348209381103516,1.994598627090454
2015-02-04,8.308831214904785,2.030055046081543
2015-02-05,8.35214614868164,2.018451452255249
2015-02-06,8.39940071105957,2.0326337814331055
2015-02-09,8.190695762634277,1.9771925210952759
2015-02-10,8.186758041381836,1.9378681182861328
2015-02-11,8.281267166137695,1.9913753271102905
2015-02-12,8.348209381103516,1.9913753271102905
2015-02-13,8.53328800201416,1.9920196533203125
2015-02-16,8.360023498535156,1.947537899017334
2015-02-17,8.304892539978027,1.9385124444961548
2015-02-18,8.360023498535156,1.9597865343093872
2015-02-19,8.26551342010498,1.9514057636260986
2015-02-20,8.419089317321777,1.9339998960494995
2015-02-23,8.39940071105957,1.9494719505310059
2015-02-24,8.868003845214844,1.960431456565857
2015-02-25,9.214531898498535,1.9211068153381348
2015-02-26,9.61225414276123,1.9597865343093872
2015-02-27,9.734326362609863,2.002979278564453
2015-03-02,9.561062812805176,2.0145833492279053
2015-03-03,9.4744291305542,2.0397253036499023
2015-03-04,9.368108749389648,2.0120046138763428
2015-03-05,9.687073707580566,2.0764710903167725
2015-03-06,9.730388641357422,2.071958541870117
2015-03-09,9.832771301269531,2.079049825668335
2015-03-10,9.761893272399902,2.0887198448181152
2015-03-11,10.080856323242188,2.2286128997802734
2015-03-12,10.128110885620117,2.226033926010132
2015-03-13,10.234432220458984,2.229257345199585
2015-03-16,10.179302215576172,2.244084358215332
2015-03-17,10.108420372009277,2.1712372303009033
2015-03-18,9.998162269592285,2.306617498397827
2015-03-19,9.88790225982666,2.46649432182312
2015-03-20,10.08873176574707,2.4361953735351562
2015-03-23,10.11629581451416,2.4780986309051514
2015-03-24,10.187177658081055,2.556748151779175
2015-03-25,9.982410430908203,2.4710071086883545
2015-03-26,9.706761360168457,2.527737855911255
2015-03-27,9.883964538574219,2.576732635498047
2015-03-30,9.852461814880371,2.578666925430298
2015-03-31,9.797331809997559,2.5586822032928467
2015-04-01,9.836709022521973,2.559971332550049
2015-04-02,9.982410430908203,2.6399097442626953
2015-04-07,10.053290367126465,2.6450672149658203
2015-04-08,10.391944885253906,2.713402032852173
2015-04-09,10.970806121826172,2.7211382389068604
2015-04-10,11.171636581420898,2.7591731548309326
2015-04-13,10.970806121826172,2.7630412578582764
2015-04-14,10.742412567138672,2.772066831588745
2015-04-15,11.006247520446777,2.766909122467041
2015-04-16,10.71484661102295,2.6766560077667236
2015-04-17,10.502202987670898,2.615412473678589
2015-04-20,10.545520782470703,2.5657734870910645
2015-04-21,10.663655281066895,2.6212148666381836
2015-04-22,10.458888053894043,2.537407875061035
2015-04-23,10.380131721496582,2.5399866104125977
2015-04-24,10.45101261138916,2.6063873767852783
2015-04-27,10.628214836120605,2.6399097442626953
2015-04-28,10.48645305633545,2.6025195121765137
2015-04-29,10.183239936828613,2.489058017730713
2015-04-30,10.072981834411621,2.463271379470825
2015-05-04,10.474639892578125,2.483900308609009
2015-05-05,10.171426773071289,2.460047960281372
2015-05-06,10.00209903717041,2.475519895553589
2015-05-07,10.041476249694824,2.507122278213501
2015-05-08,10.419509887695312,2.584152936935425
2015-05-11,10.695094108581543,2.555842638015747
2015-05-12,10.727516174316406,2.5025136470794678
2015-05-13,10.670778274536133,2.4992218017578125
2015-05-14,10.735621452331543,2.515681266784668
2015-05-15,10.780200958251953,2.5209484100341797
2015-05-18,10.731568336486816,2.5663769245147705
2015-05-19,11.173314094543457,2.7039785385131836
2015-05-20,11.27463150024414,2.7151713371276855
2015-05-21,11.201683044433594,2.7408485412597656
2015-05-22,11.136838912963867,2.73163104057312
2015-05-25,10.796412467956543,2.6868607997894287
2015-05-26,10.727516174316406,2.681593656539917
2015-05-27,11.01931095123291,2.7020037174224854
2015-05-28,11.063891410827637,2.6875193119049072
2015-05-29,10.585671424865723,2.5018551349639893
2015-06-01,10.585671424865723,2.4360170364379883
2015-06-02,10.784253120422363,2.4880292415618896
2015-06-03,10.999046325683594,2.5334579944610596
2015-06-04,10.63835620880127,2.507122278213501
2015-06-05,10.378982543945312,2.4577434062957764
2015-06-08,10.014238357543945,2.291172742843628
2015-06-09,10.156084060668945,2.285905361175537
2015-06-10,10.415458679199219,2.3504273891448975
2015-06-11,10.464089393615723,2.397172451019287
2015-06-12,10.43166732788086,2.3359429836273193
2015-06-15,9.993975639343262,2.218750476837158
2015-06-16,9.949394226074219,2.3306756019592285
2015-06-17,9.872395515441895,2.264178991317749
2015-06-18,9.835920333862305,2.2523279190063477
2015-06-19,10.387086868286133,2.238502025604248
2015-06-22,10.415458679199219,2.2707629203796387
2015-06-23,10.297928810119629,2.370178699493408
2015-06-24,10.172293663024902,2.2635202407836914
2015-06-25,10.006134033203125,2.297098159790039
2015-06-26,10.131768226623535,2.3181662559509277
2015-06-29,9.767024040222168,2.1259188652038574
2015-06-30,9.815655708312988,2.15093731880188
2015-07-01,10.135819435119629,2.2490360736846924
2015-07-02,9.961555480957031,2.266812562942505
2015-07-03,9.969660758972168,2.2878806591033936
2015-07-06,9.487387657165527,2.141061544418335
2015-07-07,9.122642517089844,2.1002416610717773
2015-07-08,9.284751892089844,2.175297260284424
2015-07-09,9.734601974487305,2.308290719985962
2015-07-10,10.030450820922852,2.4123148918151855
2015-07-13,10.054765701293945,2.4524765014648438
2015-07-14,9.998027801513672,2.418240785598755
2015-07-15,10.083134651184082,2.478811740875244
2015-07-16,10.415458679199219,2.6289234161376953
2015-07-17,10.326295852661133,2.597320556640625
2015-07-20,10.281718254089355,2.6506497859954834
2015-07-21,10.293875694274902,2.571643829345703
2015-07-22,10.103398323059082,2.5538675785064697
2015-07-23,9.819708824157715,2.5321407318115234
2015-07-24,9.738656044006348,2.4748616218566895
2015-07-27,9.746761322021484,2.4616940021514893
2015-07-28,9.864289283752441,2.4807870388031006
2015-07-29,10.083134651184082,2.4821035861968994
2015-07-30,9.945343017578125,2.518314838409424
2015-07-31,9.981817245483398,2.548600435256958
2015-08-03,10.65456771850586,2.5808610916137695
2015-08-04,10.836938858032227,2.531482458114624
2015-08-05,11.00309944152832,2.5848116874694824
2015-08-06,10.500563621520996,2.5578181743621826
2015-08-07,10.455984115600586,2.5110723972320557
2015-08-10,10.496511459350586,2.5347745418548584
2015-08-11,10.528934478759766,2.4577434062957764
2015-08-12,10.184453010559082,2.3524022102355957
2015-08-13,10.622145652770996,2.4695944786071777
2015-08-14,10.857203483581543,2.481445550918579
2015-08-17,10.901782035827637,2.455768585205078
2015-08-18,10.901782035827637,2.4505014419555664
2015-08-19,10.861255645751953,2.384004831314087
2015-08-20,11.01931095123291,2.3096072673797607
2015-08-21,10.581619262695312,2.2780048847198486
2015-08-24,10.257401466369629,2.1061670780181885
2015-08-25,10.455984115600586,2.178589105606079
2015-08-26,10.387086868286133,2.1720056533813477
2015-08-27,10.472195625305176,2.2391602993011475
2015-08-28,10.326295852661133,2.2246761322021484
2015-08-31,10.53298568725586,2.1858315467834473
2015-09-01,10.038556098937988,2.139744758605957
2015-09-02,9.742708206176758,2.100900411605835
2015-09-03,10.075030326843262,2.15093731880188
2015-09-04,10.050713539123535,2.091024398803711
2015-09-07,10.058818817138672,2.0903658866882324
2015-09-08,10.342507362365723,2.166738271713257
2015-09-09,10.285770416259766,2.3366012573242188
2015-09-10,10.123661994934082,2.357011079788208
2015-09-11,9.981817245483398,2.342526435852051
2015-09-14,9.775130271911621,2.279980182647705
2015-09-15,9.665706634521484,2.3122410774230957
2015-09-16,9.714338302612305,2.3688619136810303
2015-09-17,9.702181816101074,2.4116568565368652
2015-09-18,9.572494506835938,2.4320666790008545
2015-09-21,9.6049165725708,2.4807870388031006
2015-09-22,9.057801246643066,2.3807127475738525
2015-09-23,9.34959602355957,2.4149489402770996
2015-09-24,9.32528018951416,2.387296676635742
2015-09-25,9.487387657165527,2.409682035446167
2015-09-28,9.228014945983887,2.3102657794952393
2015-09-29,9.110486030578613,2.277346611022949
2015-09-30,9.390124320983887,2.3721535205841064
2015-10-01,9.22396183013916,2.4518179893493652
2015-10-02,9.313119888305664,2.501197099685669
2015-10-05,9.5643892288208,2.564401626586914
2015-10-06,9.718392372131348,2.585469961166382
2015-10-07,9.661654472351074,2.5459671020507812
2015-10-08,9.536020278930664,2.587445020675659
2015-10-09,9.637336730957031,2.5953454971313477
2015-10-12,9.722444534301758,2.561768054962158
2015-10-13,9.556283950805664,2.5347745418548584
2015-10-14,9.43470287322998,2.525557279586792
2015-10-15,9.734601974487305,2.648674726486206
2015-10-16,9.690021514892578,2.6210224628448486
2015-10-19,9.629231452941895,2.69278621673584
2015-10-20,9.669758796691895,2.704637050628662
2015-10-21,9.641389846801758,2.7507238388061523
2015-10-22,9.815655708312988,2.788910388946533
2015-10-23,9.921026229858398,2.7869348526000977
2015-10-26,10.245244026184082,2.8507981300354004
2015-10-27,10.265506744384766,2.7592830657958984
2015-10-28,10.269558906555176,2.782984972000122
2015-10-29,10.403299331665039,2.8297300338745117
2015-10-30,10.43166732788086,2.831705093383789
2015-11-02,10.443826675415039,2.9640398025512695
2015-11-03,10.67888355255127,3.094399929046631
2015-11-04,10.650513648986816,3.1793313026428223
2015-11-05,10.56946086883545,3.14180326461792
2015-11-06,10.72346305847168,3.208958625793457
2015-11-09,10.147978782653809,3.26557993888855
2015-11-10,10.103398323059082,3.303107261657715
2015-11-11,10.443826675415039,3.345243453979492
2015-11-12,10.314140319824219,3.3301010131835938
2015-11-13,10.411405563354492,3.273480176925659
2015-11-16,10.49245834350586,3.291914939880371
2015-11-17,10.439774513244629,3.357753038406372
2015-11-18,10.53298568725586,3.438075542449951
2015-11-19,10.56946086883545,3.4499261379241943
2015-11-20,10.480301856994629,3.36631178855896
2015-11-23,10.374930381774902,3.3623619079589844
2015-11-24,10.455984115600586,3.3294429779052734
2015-11-25,10.443826675415039,3.377504825592041
2015-11-26,10.577566146850586,3.3972561359405518
2015-11-27,10.549196243286133,3.3807969093322754
2015-11-30,10.772093772888184,3.426224946975708
2015-12-01,10.780200958251953,3.3913307189941406
2015-12-02,10.784253120422363,3.438734531402588
2015-12-03,10.605934143066406,3.340635061264038
2015-12-04,10.504616737365723,3.313641309738159
2015-12-07,10.500563621520996,3.2971818447113037
2015-12-08,10.350613594055176,3.2438528537750244
2015-12-09,10.310087203979492,3.2537283897399902
2015-12-10,10.265506744384766,3.1865735054016113
2015-12-11,10.253348350524902,3.1199264526367188
2015-12-14,10.188506126403809,3.0518906116485596
2015-12-15,10.460036277770996,3.2698826789855957
2015-12-16,10.618093490600586,3.3150084018707275
2015-12-17,10.650513648986816,3.353191614151001
2015-12-18,10.8936767578125,3.401094436645508
2015-12-21,10.69914722442627,3.2809906005859375
2015-12-22,10.565406799316406,3.271965503692627
2015-12-23,10.865307807922363,3.2920987606048584
2015-12-24,10.964044570922852,3.285155773162842
2015-12-28,10.75798511505127,3.240029811859131
2015-12-29,10.830965042114258,3.2789077758789062
2015-12-30,10.861014366149902,3.340001106262207
2015-12-31,10.861014366149902,3.340001106262207
2016-01-04,10.822378158569336,3.242807388305664
2016-01-05,10.822378158569336,3.2435014247894287
2016-01-06,10.908236503601074,3.212954521179199
2016-01-07,10.766571998596191,3.200458288192749
2016-01-08,10.629199028015137,3.1594982147216797
2016-01-11,10.320111274719238,3.1074299812316895
2016-01-12,10.616320610046387,3.277519702911377
2016-01-13,11.161518096923828,3.271965503692627
2016-01-14,10.56480598449707,3.1865737438201904
2016-01-15,9.959507942199707,2.916513204574585
2016-01-18,9.684761047363281,2.8304271697998047
2016-01-19,9.76203441619873,2.8436176776885986
2016-01-20,9.36279582977295,2.5832767486572266
2016-01-21,9.27264404296875,2.568697690963745
2016-01-22,9.444360733032227,2.6013271808624268
2016-01-25,9.547390937805176,2.586747884750366
2016-01-26,9.49587631225586,2.5888309478759766
2016-01-27,9.508753776550293,2.6172945499420166
2016-01-28,9.328452110290527,2.55342435836792
2016-01-29,9.517338752746582,2.606186866760254
2016-02-01,9.555975914001465,2.6311795711517334
2016-02-02,9.53880500793457,2.540928363800049
2016-02-03,9.444360733032227,2.547870397567749
2016-02-04,9.306988716125488,2.5284314155578613
2016-02-05,9.255474090576172,2.4229066371917725
2016-02-08,8.84335708618164,2.250734567642212
2016-02-09,8.663055419921875,2.1729795932769775
2016-02-10,8.88199234008789,2.206303119659424
2016-02-11,8.671640396118164,2.098001480102539
2016-02-12,8.83906364440918,2.1646485328674316
2016-02-15,9.088050842285156,2.235461473464966
2016-02-16,9.062294006347656,2.218799352645874
2016-02-17,9.328452110290527,2.3937485218048096
2016-02-18,9.337038040161133,2.363896131515503
2016-02-19,9.19537353515625,2.421518087387085
2016-02-22,9.349916458129883,2.4305434226989746
2016-02-23,9.02795124053955,2.3722269535064697
2016-02-24,9.281230926513672,2.4472053050994873
2016-02-25,9.36279582977295,2.4624786376953125
2016-02-26,9.740571022033691,2.4465110301971436
2016-02-29,9.903700828552246,2.413881540298462
2016-03-01,9.895113945007324,2.461090087890625
2016-03-02,9.744863510131836,2.484694480895996
2016-03-03,9.547390937805176,2.4992735385894775
2016-03-04,9.641833305358887,2.5284314155578613
2016-03-07,9.628955841064453,2.557589530944824
2016-03-08,9.487289428710938,2.529820203781128
2016-03-09,9.534510612487793,2.5367627143859863
2016-03-10,9.465825080871582,2.5048272609710693
2016-03-11,9.573147773742676,2.582582712173462
2016-03-14,9.701933860778809,2.672139883041382
2016-03-15,9.637540817260742,2.658949136734009
2016-03-16,9.714811325073242,2.698521137237549
2016-03-17,9.826428413391113,2.7124059200286865
2016-03-18,9.676177024841309,2.690190076828003
2016-03-21,9.783499717712402,2.671445846557617
2016-03-22,9.826428413391113,2.706157922744751
2016-03-23,9.774914741516113,2.7360103130340576
2016-03-24,9.907994270324707,2.7380928993225098
2016-03-29,9.66759204864502,2.7040748596191406
2016-03-30,9.993851661682129,2.7304561138153076
2016-03-31,9.959507942199707,2.6624205112457275
2016-04-01,9.925165176391602,2.595078706741333
2016-04-04,9.697641372680664,2.592996120452881
2016-04-05,9.482995986938477,2.5617551803588867
2016-04-06,9.534510612487793,2.5499532222747803
2016-04-07,9.264060020446777,2.535374164581299
2016-04-08,9.384261131286621,2.5832767486572266
2016-04-11,9.633247375488281,2.592996120452881
2016-04-12,9.513046264648438,2.616600513458252
2016-04-13,9.959507942199707,2.755449056625366
2016-04-14,9.87794303894043,2.619377613067627
2016-04-15,9.79637622833252,2.6339564323425293
2016-04-18,9.680468559265137,2.527043104171753
2016-04-19,9.616076469421387,2.345845937728882
2016-04-20,9.907994270324707,2.369450092315674
2016-04-21,9.804964065551758,2.329878330230713
2016-04-22,9.56456184387207,2.3048856258392334
2016-04-25,9.517338752746582,2.336820602416992
2016-04-26,9.513046264648438,2.311133623123169
2016-04-27,9.55168342590332,2.367367744445801
2016-04-28,9.55168342590332,2.397219657897949
2016-04-29,9.487289428710938,2.363201856613159
2016-05-02,9.624662399291992,2.397219657897949
2016-05-03,9.588397026062012,2.339597463607788
2016-05-04,9.601663589477539,2.336820602416992
2016-05-05,9.694541931152344,2.4013850688934326
2016-05-06,9.606086730957031,2.3944427967071533
2016-05-09,9.530900955200195,2.434861660003662
2016-05-10,9.553013801574707,2.440101146697998
2016-05-11,9.420333862304688,2.4101614952087402
2016-05-12,9.305344581604004,2.395939826965332
2016-05-13,9.3849515914917,2.3749818801879883
2016-05-16,9.340725898742676,2.34728741645813
2016-05-17,9.287653923034668,2.380970001220703
2016-05-18,9.185932159423828,2.3240840435028076
2016-05-19,9.438024520874023,2.352526903152466
2016-05-20,9.433600425720215,2.3450419902801514
2016-05-23,9.486676216125488,2.3435449600219727
2016-05-24,9.685694694519043,2.416898012161255
2016-05-25,9.8449125289917,2.510460138320923
2016-05-26,9.946634292602539,2.5156993865966797
2016-05-27,9.734344482421875,2.5261783599853516
2016-05-30,9.774148941040039,2.5658485889434814
2016-05-31,9.800684928894043,2.563603162765503
2016-06-01,9.694541931152344,2.5403997898101807
2016-06-02,9.694541931152344,2.4371073246002197
2016-06-03,9.39822006225586,2.3697423934936523
2016-06-06,9.305344581604004,2.407167434692383
2016-06-07,9.433600425720215,2.415400743484497
2016-06-08,9.508788108825684,2.400430917739868
2016-06-09,9.69896411895752,2.4281251430511475
2016-06-10,9.327457427978516,2.376478672027588
2016-06-13,9.013445854187012,2.296389579772949
2016-06-14,8.845383644104004,2.2260310649871826
2016-06-15,8.624249458312988,2.2005820274353027
2016-06-16,8.765775680541992,2.1384568214416504
2016-06-17,9.02229118347168,2.2612102031707764
2016-06-20,9.300922393798828,2.392197370529175
2016-06-21,9.274383544921875,2.396688222885132
2016-06-22,9.252270698547363,2.342796564102173
2016-06-23,9.508788108825684,2.3944427967071533
2016-06-24,8.933837890625,2.2454917430877686
2016-06-27,8.545525550842285,2.1466901302337646
2016-06-28,8.703858375549316,2.1668994426727295
2016-06-29,8.845383644104004,2.17962384223938
2016-06-30,8.757814407348633,2.175132989883423
2016-07-01,8.916147232055664,2.283665180206299
2016-07-04,8.9913330078125,2.28216814994812
2016-07-05,8.721548080444336,2.1826181411743164
2016-07-06,8.643710136413574,2.1758816242218018
2016-07-07,8.713586807250977,2.170642375946045
2016-07-08,8.902876853942871,2.2559707164764404
2016-07-11,9.2124662399292,2.312108039855957
2016-07-12,9.305344581604004,2.3951914310455322
2016-07-13,9.243425369262695,2.3442935943603516
2016-07-14,9.243425369262695,2.3884549140930176
2016-07-15,9.053250312805176,2.391448736190796
2016-07-18,9.159394264221191,2.425879716873169
2016-07-19,9.323034286499023,2.4475860595703125
2016-07-20,9.389374732971191,2.435610294342041
2016-07-21,9.58397388458252,2.4902503490448
2016-07-22,9.752035140991211,2.4902503490448
2016-07-25,9.897984504699707,2.514950752258301
2016-07-26,10.039510726928711,2.568094253540039
2016-07-27,9.982015609741211,2.6055190563201904
2016-07-28,9.880294799804688,2.578572988510132
2016-07-29,9.933365821838379,2.5942916870117188
2016-08-01,9.862603187561035,2.534411668777466
2016-08-02,9.495518684387207,2.4954898357391357
2016-08-03,9.659159660339355,2.4588136672973633
2016-08-04,9.690117835998535,2.4880049228668213
2016-08-05,9.920098304748535,2.5808186531066895
2016-08-08,9.937788963317871,2.61749529838562
2016-08-09,10.247377395629883,2.645937919616699
2016-08-10,10.402172088623047,2.6377041339874268
2016-08-11,10.636573791503906,2.6721351146698
2016-08-12,10.663111686706543,2.6676440238952637
2016-08-15,10.60561466217041,2.6990811824798584
2016-08-16,10.437552452087402,2.661656379699707
2016-08-17,10.37563419342041,2.6399497985839844
2016-08-18,10.627729415893555,2.6788718700408936
2016-08-19,10.548120498657227,2.662404775619507
2016-08-22,10.419862747192383,2.6945900917053223
2016-08-23,10.441975593566895,2.682614326477051
2016-08-24,10.393326759338379,2.6930932998657227
2016-08-25,10.402172088623047,2.6549198627471924
2016-08-26,10.402172088623047,2.6781232357025146
2016-08-29,10.34467601776123,2.657165288925171
2016-08-30,10.481781005859375,2.6796200275421143
2016-08-31,10.349098205566406,2.651177406311035
2016-09-01,10.411017417907715,2.690847635269165
2016-09-02,10.534852027893066,2.705817699432373
2016-09-05,10.649842262268066,2.711805582046509
2016-09-06,10.570233345031738,2.6115071773529053
2016-09-07,10.711758613586426,2.5621063709259033
2016-09-08,10.610038757324219,2.5793216228485107
2016-09-09,10.512739181518555,2.5029749870300293
2016-09-12,10.526006698608398,2.4580650329589844
2016-09-13,10.220841407775879,2.3547723293304443
2016-09-14,10.234108924865723,2.3824667930603027
2016-09-15,10.158923149108887,2.371239423751831
2016-09-16,9.79626178741455,2.3061201572418213
2016-09-19,10.145654678344727,2.3487844467163086
2016-09-20,10.08373737335205,2.3300719261169434
2016-09-21,9.951057434082031,2.3704910278320312
2016-09-22,10.203150749206543,2.402676582336426
2016-09-23,10.145654678344727,2.371987819671631
2016-09-26,10.061623573303223,2.362257242202759
2016-09-27,9.968748092651367,2.322587013244629
2016-09-28,10.181036949157715,2.336060047149658
2016-09-29,10.229686737060547,2.326329469680786
2016-09-30,10.070470809936523,2.3293235301971436
2016-10-03,10.017398834228516,2.3285751342773438
2016-10-04,10.433131217956543,2.380970001220703
2016-10-05,10.50389289855957,2.342796564102173
2016-10-06,10.35794448852539,2.3053715229034424
2016-10-07,10.411017417907715,2.293395519256592
2016-10-10,10.366789817810059,2.3113596439361572
2016-10-11,10.37121295928955,2.331568956375122
2016-10-12,10.380056381225586,2.316599130630493
2016-10-13,10.216418266296387,2.2664496898651123
2016-10-14,10.282758712768555,2.3188445568084717
2016-10-17,10.349098205566406,2.333065986633301
2016-10-18,10.366789817810059,2.3749818801879883
2016-10-19,10.534852027893066,2.4573163986206055
2016-10-20,10.437552452087402,2.4288735389709473
2016-10-21,10.419862747192383,2.3847124576568604
2016-10-24,10.433131217956543,2.402676582336426
2016-10-25,10.411017417907715,2.3734848499298096
2016-10-26,10.31813907623291,2.4101614952087402
2016-10-27,10.326985359191895,2.3637542724609375
2016-10-28,10.380056381225586,2.3600120544433594
2016-10-31,10.366789817810059,2.3779759407043457
2016-11-01,10.189882278442383,2.348036050796509
2016-11-02,10.101428985595703,2.32108998298645
2016-11-03,10.097005844116211,2.312856435775757
2016-11-04,10.043932914733887,2.3061201572418213
2016-11-07,10.163345336914062,2.381718397140503
2016-11-08,10.242955207824707,2.3734848499298096
2016-11-09,10.225264549255371,2.376478672027588
2016-11-10,10.309294700622559,2.341299295425415
2016-11-11,10.42870807647705,2.3008806705474854
2016-11-14,10.397748947143555,2.3689937591552734
2016-11-15,10.30044937133789,2.3016293048858643
2016-11-16,10.309294700622559,2.342047929763794
2016-11-17,10.326985359191895,2.3704910278320312
2016-11-18,10.526006698608398,2.473783493041992
2016-11-21,10.486202239990234,2.5074658393859863
2016-11-22,10.813481330871582,2.5868067741394043
2016-11-23,10.720605850219727,2.572585105895996
2016-11-24,10.760409355163574,2.657165288925171
2016-11-25,10.946163177490234,2.7484822273254395
2016-11-28,10.685222625732422,2.6990811824798584
2016-11-29,10.636573791503906,2.697584390640259
2016-11-30,10.747140884399414,2.7395002841949463
2016-12-01,10.862130165100098,2.7537214756011963
2016-12-02,10.623305320739746,2.6721351146698
2016-12-05,10.817904472351074,2.720787763595581
2016-12-06,10.875399589538574,2.7619550228118896
2016-12-07,11.260173797607422,2.8210861682891846
2016-12-08,11.361896514892578,2.858511209487915
2016-12-09,11.45919418334961,2.843541145324707
2016-12-12,11.47246265411377,2.800877094268799
2016-12-13,11.450348854064941,2.829319715499878
2016-12-14,11.432659149169922,2.829319715499878
2016-12-15,11.481307983398438,2.8914449214935303
2016-12-16,11.454771041870117,2.9266245365142822
2016-12-19,11.481307983398438,2.9041695594787598
2016-12-20,11.454771041870117,2.892193555831909
2016-12-21,11.49899959564209,2.8472836017608643
2016-12-22,11.49899959564209,2.795637369155884
2016-12-23,11.720134735107422,2.8540198802948
2016-12-27,11.80416488647461,2.9049179553985596
2016-12-28,11.698019981384277,2.8847086429595947
2016-12-29,11.848392486572266,2.9049179553985596
2016-12-30,11.852813720703125,2.892193555831909
2017-01-02,11.936844825744629,2.9692888259887695
2017-01-03,12.0297212600708,2.9692888259887695
2017-01-04,11.941268920898438,2.986504077911377
2017-01-05,11.879351615905762,2.9752767086029053
2017-01-06,11.65821647644043,2.9595584869384766
2017-01-09,11.468039512634277,2.9168941974639893
2017-01-10,11.384008407592773,2.9153969287872314
2017-01-11,11.361896514892578,2.9146485328674316
2017-01-12,11.37074089050293,2.9408457279205322
2017-01-13,11.512267112731934,2.9505763053894043
2017-01-16,11.437081336975098,3.0186893939971924
2017-01-17,11.286709785461426,2.971534252166748
2017-01-18,11.54322624206543,3.011204481124878
2017-01-19,11.521111488342285,3.006713628768921
2017-01-20,11.512267112731934,3.07407808303833
2017-01-23,11.36631965637207,3.014946699142456
2017-01-24,11.36631965637207,3.0680904388427734
2017-01-25,11.286709785461426,3.0680904388427734
2017-01-26,11.649369239807129,3.1264731884002686
2017-01-27,11.596297264099121,3.113748788833618
2017-01-30,11.552072525024414,3.059108257293701
2017-01-31,11.631678581237793,3.035905122756958
2017-02-01,11.476885795593262,3.065845012664795
2017-02-02,11.485730171203613,3.1025211811065674
2017-02-03,11.552072525024414,3.089048147201538
2017-02-06,11.423812866210938,3.0538687705993652
2017-02-07,11.667060852050781,3.0882997512817383
2017-02-08,11.565339088439941,3.065096139907837
2017-02-09,11.587453842163086,3.0568628311157227
2017-02-10,11.755515098571777,3.065845012664795
2017-02-13,11.808587074279785,3.065096139907837
2017-02-14,11.879351615905762,3.07482647895813
2017-02-15,11.87492847442627,3.217041015625
2017-02-16,11.768783569335938,3.223778009414673
2017-02-17,11.817431449890137,3.208807945251465
2017-02-20,11.777627944946289,3.193089008331299
2017-02-21,11.852813720703125,3.246232509613037
2017-02-22,11.821855545043945,3.229017496109009
2017-02-23,11.759937286376953,3.223778009414673
2017-02-24,11.808587074279785,3.255963087081909
2017-02-27,11.728979110717773,3.237999200820923
2017-02-28,12.250858306884766,3.221532106399536
2017-03-01,12.149134635925293,3.3278191089630127
2017-03-02,12.038567543029785,3.305363893508911
2017-03-03,11.919154167175293,3.270933151245117
2017-03-06,11.852813720703125,3.1751255989074707
2017-03-07,11.857236862182617,3.158658504486084
2017-03-08,11.932422637939453,3.139197587966919
2017-03-09,11.928000450134277,3.143688440322876
2017-03-10,11.86166000366211,3.137700319290161
2017-03-13,11.852813720703125,3.133958101272583
2017-03-14,11.724556922912598,3.113748788833618
2017-03-15,11.795319557189941,3.069587230682373
2017-03-16,11.879351615905762,3.118988037109375
2017-03-17,11.826277732849121,3.127969980239868
2017-03-20,11.936844825744629,3.1324613094329834
2017-03-21,11.857236862182617,3.099527359008789
2017-03-22,11.857236862182617,3.09877872467041
2017-03-23,11.888195037841797,3.115245819091797
2017-03-24,12.069527626037598,3.1130001544952393
2017-03-27,11.976649284362793,3.061353921890259
2017-03-28,12.047412872314453,3.1414432525634766
2017-03-29,12.197785377502441,3.120485305786133
2017-03-30,12.46314525604248,3.1511735916137695
2017-03-31,12.64889907836914,3.1362035274505615
2017-04-03,12.538331985473633,3.124976396560669
2017-04-04,12.657745361328125,3.148928165435791
2017-04-05,12.923104286193848,3.1362035274505615
2017-04-06,12.88330078125,3.160155773162842
2017-04-07,12.85234260559082,3.1519219875335693
2017-04-10,12.834651947021484,3.158658504486084
2017-04-11,12.825806617736816,3.1167426109313965
2017-04-12,12.825806617736816,3.1167426109313965
2017-04-13,12.781579971313477,3.0875513553619385
2017-04-18,12.728507995605469,3.049377679824829
2017-04-19,12.59140396118164,3.0882997512817383
2017-04-20,12.73735237121582,3.16314959526062
2017-04-21,12.693126678466797,3.133209705352783
2017-04-24,12.7771577835083,3.1893470287323
2017-04-25,12.706392288208008,3.1885986328125
2017-04-26,12.520641326904297,3.2252748012542725
2017-04-27,12.693126678466797,3.202071189880371
2017-04-28,12.73735237121582,3.207310914993286
2017-05-02,12.799270629882812,3.241741418838501
2017-05-03,12.88330078125,3.2447357177734375
2017-05-04,12.88330078125,3.285902976989746
2017-05-05,12.90983772277832,3.2402446269989014
2017-05-08,12.98060131072998,3.2933881282806396
2017-05-09,13.268074989318848,3.3240764141082764
2017-05-10,13.533437728881836,3.2791664600372314
2017-05-11,13.52901554107666,3.3228251934051514
2017-05-12,13.63515853881836,3.329969882965088
2017-05-15,13.962438583374023,3.392679452896118
2017-05-16,13.798799514770508,3.337907314300537
2017-05-17,13.812065124511719,3.250589609146118
2017-05-18,13.688231468200684,3.2299511432647705
2017-05-19,14.148191452026367,3.3498144149780273
2017-05-22,14.165881156921387,3.3736281394958496
2017-05-23,14.2543363571167,3.43633770942688
2017-05-24,14.400284767150879,3.4665021896362305
2017-05-25,14.519698143005371,3.4847593307495117
2017-05-26,14.444512367248535,3.453801155090332
2017-05-29,14.453356742858887,3.4903159141540527
2017-05-30,14.625843048095703,3.4720587730407715
2017-05-31,14.656801223754883,3.4450697898864746
2017-06-01,14.771791458129883,3.485553026199341
2017-06-02,14.908895492553711,3.4926974773406982
2017-06-05,14.927069664001465,3.480790853500366
2017-06-06,15.372384071350098,3.4934911727905273
2017-06-07,15.176990509033203,3.4720587730407715
2017-06-08,15.167901039123535,3.3712470531463623
2017-06-09,15.34057331085205,3.409349203109741
2017-06-12,15.167901039123535,3.419668436050415
2017-06-13,15.35875129699707,3.4728524684906006
2017-06-14,15.399646759033203,3.497460126876831
2017-06-15,15.526878356933594,3.3910915851593018
2017-06-16,15.47235107421875,3.4672958850860596
2017-06-19,15.767711639404297,3.4990479946136475
2017-06-20,15.649567604064941,3.437131404876709
2017-06-21,15.776801109313965,3.4569764137268066
2017-06-22,15.535966873168945,3.3863284587860107
2017-06-23,15.454174995422363,3.358546018600464
2017-06-26,15.649567604064941,3.3466391563415527
2017-06-27,15.408735275268555,3.336319923400879
2017-06-28,15.363295555114746,3.30456805229187
2017-06-29,15.413278579711914,3.2696409225463867
2017-06-30,15.426911354064941,3.2037558555603027
2017-07-03,15.604126930236816,3.242652177810669
2017-07-04,15.426911354064941,3.2355079650878906
2017-07-05,15.449631690979004,3.2529714107513428
2017-07-06,15.254239082336426,3.2005808353424072
2017-07-07,15.431455612182617,3.1735918521881104
2017-07-10,15.495071411132812,3.176766872406006
2017-07-11,15.35875129699707,3.148984432220459
2017-07-12,15.326944351196289,3.1688292026519775
2017-07-13,15.435999870300293,3.1918489933013916
2017-07-14,15.631393432617188,3.21169376373291
2017-07-17,15.640478134155273,3.2243945598602295
2017-07-18,15.695006370544434,3.1751794815063477
2017-07-19,15.858592987060547,3.1894679069519043
2017-07-20,15.626847267150879,3.210900068283081
2017-07-21,15.47235107421875,3.1966116428375244
2017-07-24,15.304224014282227,3.187880039215088
2017-07-25,15.26786994934082,3.1624786853790283
2017-07-26,15.440542221069336,3.149778127670288
2017-07-27,15.440542221069336,3.1291394233703613
2017-07-28,15.07702350616455,3.0410282611846924
2017-07-31,14.908895492553711,3.0481719970703125
2017-08-01,14.777119636535645,3.0529348850250244
2017-08-02,14.80892562866211,3.0426156520843506
2017-08-03,14.763486862182617,3.006894826889038
2017-08-04,14.995230674743652,3.066429376602173
2017-08-07,15.067934036254883,3.0759551525115967
2017-08-08,15.090654373168945,3.0870680809020996
2017-08-09,14.958878517150879,3.060873031616211
2017-08-10,14.913437843322754,3.043409585952759
2017-08-11,14.677149772644043,3.006894826889038
2017-08-14,14.681694030761719,3.022770881652832
2017-08-15,14.586268424987793,2.991018772125244
2017-08-16,14.459036827087402,3.00530743598938
2017-08-17,14.631709098815918,2.9926064014434814
2017-08-18,14.490846633911133,2.956092119216919
2017-08-21,14.349981307983398,2.9600613117218018
2017-08-22,14.377243995666504,3.000544548034668
2017-08-23,14.25001335144043,2.971967935562134
2017-08-24,14.19548511505127,2.960855007171631
2017-08-25,14.050076484680176,2.9767308235168457
2017-08-28,13.859228134155273,2.960855007171631
2017-08-29,13.645660400390625,2.8981449604034424
2017-08-30,13.800156593322754,2.9330718517303467
2017-08-31,13.791068077087402,2.913227081298828
2017-09-01,13.972826957702637,2.9489479064941406
2017-09-04,13.959196090698242,2.944185256958008
2017-09-05,13.804698944091797,2.8981449604034424
2017-09-06,13.827420234680176,2.941009998321533
2017-09-07,13.722908020019531,2.8941760063171387
2017-09-08,13.577498435974121,2.8806815147399902
2017-09-11,13.859228134155273,2.983081102371216
2017-09-12,13.736538887023926,2.983081102371216
2017-09-13,13.71381950378418,3.021976947784424
2017-09-14,13.736538887023926,3.0243585109710693
2017-09-15,13.695643424987793,3.0211832523345947
2017-09-18,14.081884384155273,3.1283457279205322
2017-09-19,14.031900405883789,3.1847050189971924
2017-09-20,14.013724327087402,3.2696409225463867
2017-09-21,14.00463581085205,3.2744038105010986
2017-09-22,13.909212112426758,3.270434617996216
2017-09-25,13.84105110168457,3.321237802505493
2017-09-26,13.954651832580566,3.314093828201294
2017-09-27,14.031900405883789,3.337907314300537
2017-09-28,14.395421028137207,3.413317918777466
2017-09-29,14.731677055358887,3.546675205230713
2017-10-02,14.595355987548828,3.645106077194214
2017-10-03,14.913437843322754,3.7705254554748535
2017-10-04,14.563549041748047,3.9530982971191406
2017-10-05,14.904349327087402,4.056291580200195
2017-10-06,14.61807632446289,4.080898761749268
2017-10-09,14.813467979431152,4.207112789154053
2017-10-10,15.286046028137207,4.215844631195068
2017-10-11,15.258784294128418,4.180123329162598
2017-10-12,15.72681713104248,4.307131290435791
2017-10-13,15.458720207214355,4.2610907554626465
2017-10-16,15.190621376037598,4.328563213348389
2017-10-17,15.481440544128418,4.27061653137207
2017-10-18,15.535966873168945,4.299986362457275
2017-10-19,15.549600601196289,4.27061653137207
2017-10-20,15.517791748046875,4.3269758224487305
2017-10-23,15.5132474899292,4.356346130371094
2017-10-24,15.367837905883789,4.344439506530762
2017-10-25,15.286046028137207,4.296811580657959
2017-10-26,15.331486701965332,4.3769850730896
2017-10-27,15.47235107421875,4.368252754211426
2017-10-30,15.649567604064941,4.360315322875977
2017-10-31,15.59958553314209,4.3539652824401855
2017-11-01,15.590496063232422,4.422231197357178
2017-11-02,15.77225399017334,4.4825592041015625
2017-11-03,15.58595085144043,4.508754253387451
2017-11-06,15.108831405639648,4.144402980804443
2017-11-07,14.986141204833984,4.258708953857422
2017-11-08,15.136096000671387,4.268234729766846
2017-11-09,14.886173248291016,4.262678623199463
2017-11-10,14.61807632446289,4.216638088226318
2017-11-13,14.299996376037598,4.191236972808838
2017-11-14,14.259099960327148,4.163454055786133
2017-11-15,14.295453071594238,4.098362922668457
2017-11-16,14.277276992797852,4.1896491050720215
2017-11-17,14.063708305358887,4.14757776260376
2017-11-20,14.345436096191406,4.180917739868164
2017-11-21,14.313629150390625,4.15948486328125
2017-11-22,14.245468139648438,4.150753021240234
2017-11-23,14.168220520019531,4.126939296722412
2017-11-24,14.081884384155273,4.015808582305908
2017-11-27,14.749853134155273,4.038034439086914
2017-11-28,15.331486701965332,4.06026029586792
2017-11-29,15.3814697265625,4.155516147613525
2017-11-30,15.386014938354492,4.1293206214904785
2017-12-01,15.39510440826416,4.141227722167969
2017-12-04,15.408735275268555,4.193618297576904
2017-12-05,15.454174995422363,4.312687873840332
2017-12-06,15.508702278137207,4.3380889892578125
2017-12-07,15.449631690979004,4.381747722625732
2017-12-08,15.59958553314209,4.38968563079834
2017-12-11,15.567774772644043,4.376191139221191
2017-12-12,15.826786041259766,4.3539652824401855
2017-12-13,15.781343460083008,4.336501121520996
2017-12-14,16.10851287841797,4.310306072235107
2017-12-15,16.13123321533203,4.311893939971924
2017-12-18,16.54473876953125,4.351583480834961
2017-12-19,16.3129940032959,4.328563213348389
2017-12-20,16.358434677124023,4.313481330871582
2017-12-21,16.276639938354492,4.27061653137207
2017-12-22,16.258464813232422,4.201556205749512
2017-12-27,16.10851287841797,4.145196914672852
2017-12-28,16.099424362182617,4.132495403289795
2017-12-29,16.172128677368164,4.104713439941406
2018-01-02,16.231201171875,4.12773323059082
2018-01-03,16.231201171875,4.21505069732666
2018-01-04,16.485666275024414,4.262678623199463
2018-01-05,16.412960052490234,4.191236972808838
2018-01-08,16.721954345703125,4.207112789154053
2018-01-09,16.958242416381836,4.222989082336426
2018-01-10,17.140003204345703,4.15948486328125
2018-01-11,17.030946731567383,4.143609046936035
2018-01-12,16.940065383911133,4.080105304718018
2018-01-15,16.921890258789062,4.064229488372803
2018-01-16,16.940065383911133,4.056291580200195
2018-01-17,16.88553810119629,4.032477855682373
2018-01-18,16.812833786010742,4.032477855682373
2018-01-19,16.86736297607422,4.095981121063232
2018-01-22,17.01276969909668,4.088043689727783
2018-01-23,17.140003204345703,4.080105304718018
2018-01-24,17.121826171875,4.024539947509766
2018-01-25,16.940065383911133,3.9848504066467285
2018-01-26,16.88553810119629,3.9411916732788086
2018-01-29,16.812833786010742,3.933253288269043
2018-01-30,16.685604095458984,3.8260915279388428
2018-01-31,16.703779220581055,3.861811637878418
2018-02-01,16.649248123168945,3.76655650138855
2018-02-02,16.485666275024414,3.6990838050842285
2018-02-05,16.176673889160156,3.6316115856170654
2018-02-06,15.922208786010742,3.6593942642211914
2018-02-07,16.358434677124023,3.750680446624756
2018-02-08,15.994914054870605,3.5879530906677246
2018-02-09,15.940385818481445,3.5006353855133057
2018-02-12,16.26755142211914,3.611767053604126
2018-02-13,16.158498764038086,3.524449110031128
2018-02-14,16.394784927368164,3.5006353855133057
2018-02-15,16.358434677124023,3.536355972290039
2018-02-16,16.358434677124023,3.568108081817627
2018-02-19,16.467491149902344,3.5720770359039307
2018-02-20,16.921890258789062,3.667332172393799
2018-02-21,17.06730079650879,3.7705254554748535
2018-02-22,17.01276969909668,3.7586188316345215
2018-02-23,17.24905776977539,3.7546494007110596
2018-02-26,17.903396606445312,3.7546494007110596
2018-02-27,17.703458786010742,3.707022190093994
2018-02-28,17.4853458404541,3.7109909057617188
2018-03-01,17.140003204345703,3.635580539703369
2018-03-02,16.685604095458984,3.5323870182037354
2018-03-05,16.594722747802734,3.639549732208252
2018-03-06,16.976417541503906,3.707022190093994
2018-03-07,17.19453239440918,3.651456594467163
2018-03-08,17.35811424255371,3.794339418411255
2018-03-09,17.53987693786621,3.7744944095611572
2018-03-12,17.46717071533203,3.849905014038086
2018-03-13,17.339941024780273,3.8538739681243896
2018-03-14,17.339941024780273,3.87768816947937
2018-03-15,17.46717071533203,3.8895950317382812
2018-03-16,17.594404220581055,4.07216739654541
2018-03-19,17.55805015563965,4.032477855682373
2018-03-20,17.503524780273438,4.048353672027588
2018-03-21,17.44899559020996,4.143609046936035
2018-03-22,17.24905776977539,4.119795322418213
2018-03-23,17.267234802246094,4.15948486328125
2018-03-26,16.831010818481445,4.222989082336426
2018-03-27,17.01276969909668,4.302368640899658
2018-03-28,16.5765438079834,4.262678623199463
2018-03-29,16.831010818481445,4.302368640899658
2018-04-03,16.721954345703125,4.27061653137207
2018-04-04,17.230884552001953,4.2785539627075195
2018-04-05,17.21270751953125,4.326181888580322
2018-04-06,17.19453239440918,4.429375171661377
2018-04-09,16.976417541503906,4.373810291290283
2018-04-10,17.030946731567383,4.373810291290283
2018-04-11,16.66742706298828,4.365871906280518
2018-04-12,17.01276969909668,4.397623538970947
2018-04-13,17.085472106933594,4.38968563079834
2018-04-16,16.86736297607422,4.3499956130981445
2018-04-17,17.01276969909668,4.342058181762695
2018-04-18,16.940065383911133,4.445250988006592
2018-04-19,16.921890258789062,4.596072196960449
2018-04-20,16.7583065032959,4.683389663696289
2018-04-23,16.631072998046875,4.770707607269287
2018-04-24,16.812833786010742,4.881838321685791
2018-04-25,16.721954345703125,4.7786455154418945
2018-04-26,16.540193557739258,4.738955497741699
2018-04-27,16.86736297607422,4.7627692222595215
2018-04-30,16.849185943603516,4.754831314086914
2018-05-02,16.812833786010742,4.842148303985596
2018-05-03,16.849185943603516,4.818335056304932
2018-05-04,16.812833786010742,4.810396671295166
2018-05-07,17.394466400146484,4.850086688995361
2018-05-08,17.43082046508789,4.865962505340576
2018-05-09,17.339941024780273,4.953279495239258
2018-05-10,17.376291275024414,4.921527862548828
2018-05-11,17.394466400146484,4.873899936676025
2018-05-14,17.24905776977539,5.0723490715026855
2018-05-15,17.848867416381836,5.294611930847168
2018-05-16,18.67587661743164,5.9931511878967285
2018-05-17,18.903078079223633,6.072530746459961
2018-05-18,19.00743293762207,6.048717021942139
2018-05-21,18.960845947265625,6.13603401184082
2018-05-22,19.799409866333008,6.223351955413818
2018-05-23,20.078929901123047,6.167786121368408
2018-05-24,20.172103881835938,6.215413570404053
2018-05-25,19.8925838470459,6.096343994140625
2018-05-28,20.0323429107666,6.154168605804443
2018-05-29,19.659648895263672,6.046780586242676
2018-05-30,20.172103881835938,6.253296375274658
2018-05-31,20.078929901123047,6.52589750289917
2018-06-01,20.35845375061035,6.534157752990723
2018-06-04,20.498212814331055,6.608503341674805
2018-06-05,20.73114776611328,6.608503341674805
2018-06-06,21.1970157623291,6.757195472717285
2018-06-07,21.523122787475586,7.03805685043335
2018-06-08,21.988990783691406,7.302396297454834
2018-06-11,21.895816802978516,7.1784868240356445
2018-06-12,22.315101623535156,7.1784868240356445
2018-06-13,22.548032760620117,7.294135570526123
2018-06-14,22.175338745117188,7.170226573944092
2018-06-15,21.802644729614258,6.955450057983398
2018-06-18,22.147476196289062,6.971971035003662
2018-06-19,21.71881675720215,6.897625923156738
2018-06-20,21.242525100708008,6.740673542022705
2018-06-21,20.95675277709961,6.76545524597168
2018-06-22,21.575929641723633,7.112401962280273
2018-06-25,21.76644515991211,7.062838554382324
2018-06-26,21.623559951782227,7.145443916320801
2018-06-27,21.81407356262207,7.252831935882568
2018-06-28,21.71881675720215,7.252831935882568
2018-06-29,21.861703872680664,7.145443916320801
2018-07-02,21.861703872680664,7.07935905456543
2018-07-03,21.671188354492188,7.071099281311035
2018-07-04,21.14727020263672,7.104142189025879
2018-07-05,21.480670928955078,7.087619781494141
2018-07-06,21.956960678100586,7.137184143066406
2018-07-09,21.909334182739258,7.21152925491333
2018-07-10,21.71881675720215,7.409785270690918
2018-07-11,21.71881675720215,7.484130859375
2018-07-12,21.76644515991211,7.541954517364502
2018-07-13,21.76644515991211,7.5171732902526855
2018-07-16,21.575929641723633,7.459347724914551
2018-07-17,21.433042526245117,7.4923906326293945
2018-07-18,21.433042526245117,7.459347724914551
2018-07-19,21.00438117980957,7.508912086486816
2018-07-20,20.575721740722656,7.376742362976074
2018-07-23,20.147058486938477,7.277615070343018
2018-07-24,19.527883529663086,7.285874843597412
2018-07-25,19.766027450561523,7.261093616485596
2018-07-26,19.575511932373047,7.401523590087891
2018-07-27,19.718400955200195,7.327178478240967
2018-07-30,19.480255126953125,7.335439205169678
2018-07-31,19.146852493286133,7.228050708770752
2018-08-01,19.38499641418457,7.269354343414307
2018-08-02,19.33736801147461,7.170226573944092
2018-08-03,19.33736801147461,7.195007801055908
2018-08-06,19.62314224243164,7.335439205169678
2018-08-07,19.43262481689453,7.3436994552612305
2018-08-08,19.19447898864746,7.335439205169678
2018-08-09,19.09922218322754,7.409785270690918
2018-08-10,18.803922653198242,7.409785270690918
2018-08-13,17.927549362182617,7.161965847015381
2018-08-14,17.565568923950195,7.07935905456543
2018-08-15,17.184537887573242,6.823279857635498
2018-08-16,17.432207107543945,6.938928604125977
2018-08-17,17.54651641845703,6.897625923156738
2018-08-20,17.432207107543945,6.839800834655762
2018-08-21,17.64177703857422,6.798497676849365
2018-08-22,17.279794692993164,6.914146900177002
2018-08-23,17.089279174804688,6.889365196228027
2018-08-24,17.070228576660156,6.864583492279053
2018-08-27,17.45125961303711,6.856322765350342
2018-08-28,17.584619522094727,6.864583492279053
2018-08-29,17.565568923950195,6.7902374267578125
2018-08-30,17.356000900268555,6.666327476501465
2018-08-31,16.955917358398438,6.575461387634277
2018-09-03,16.574886322021484,6.58372163772583
2018-09-04,16.670143127441406,6.517636299133301
2018-09-05,16.860660552978516,6.3937273025512695
2018-09-06,16.74635124206543,6.368945598602295
2018-09-07,16.517732620239258,6.385466575622559
2018-09-10,16.670143127441406,6.459812164306641
2018-09-11,16.784456253051758,6.468072891235352
2018-09-12,17.070228576660156,6.591982364654541
2018-09-13,17.089279174804688,6.625025272369385
2018-09-14,16.68919563293457,6.649806976318359
2018-09-17,16.803504943847656,6.7158918380737305
2018-09-18,16.74635124206543,6.930668354034424
2018-09-19,16.879711151123047,6.856322765350342
2018-09-20,16.651092529296875,6.7902374267578125
2018-09-21,16.289112091064453,6.740673542022705
2018-09-24,16.498680114746094,6.856322765350342
2018-09-25,16.422473907470703,6.922407627105713
2018-09-26,16.289112091064453,6.905886173248291
2018-09-27,16.4605770111084,6.881104469299316
2018-09-28,16.308164596557617,6.823279857635498
2018-10-01,16.441524505615234,6.839800834655762
2018-10-02,16.708248138427734,6.806758403778076
2018-10-03,16.784456253051758,6.76545524597168
2018-10-04,16.612991333007812,7.112401962280273
2018-10-05,16.32721519470215,7.294135570526123
2018-10-08,16.022390365600586,7.145443916320801
2018-10-09,16.04144287109375,7.244572162628174
2018-10-10,15.298428535461426,6.459812164306641
2018-10-11,16.23196029663086,6.1624298095703125
2018-10-12,16.04144287109375,6.385466575622559
2018-10-15,16.022390365600586,6.170690059661865
2018-10-16,16.27005958557129,6.26981782913208
2018-10-17,15.9080810546875,6.063302040100098
2018-10-18,15.736616134643555,6.021998882293701
2018-10-19,15.71756362915039,6.112865924835205
2018-10-22,15.622306823730469,6.145908355712891
2018-10-23,15.146016120910645,5.8980889320373535
2018-10-24,14.974553108215332,5.765919208526611
2018-10-25,15.565152168273926,6.245035648345947
2018-10-26,15.5079984664917,6.245035648345947
2018-10-29,15.679461479187012,6.302860260009766
2018-10-30,15.984288215637207,6.3937273025512695
2018-10-31,16.079544067382812,6.4019880294799805
2018-11-01,15.71756362915039,6.32764196395874
2018-11-02,15.203171730041504,6.154168605804443
2018-11-05,15.203171730041504,6.063302040100098
2018-11-06,15.031706809997559,6.0054779052734375
2018-11-07,15.10791301727295,6.145908355712891
2018-11-08,15.050759315490723,6.170690059661865
2018-11-09,14.898346900939941,6.063302040100098
2018-11-12,14.61257266998291,5.873307704925537
2018-11-13,14.422057151794434,5.922871112823486
2018-11-14,14.345850944519043,5.856786251068115
2018-11-15,14.09817886352539,5.732876777648926
2018-11-16,14.269643783569336,5.774179935455322
2018-11-19,14.060076713562012,5.774179935455322
2018-11-20,13.812405586242676,5.658531188964844
2018-11-21,13.659992218017578,5.7411370277404785
2018-11-22,13.48852825164795,5.625488758087158
2018-11-23,13.431374549865723,5.452015399932861
2018-11-26,13.545682907104492,5.542882442474365
2018-11-27,13.202754020690918,5.394191265106201
2018-11-28,13.526631355285645,5.3446269035339355
2018-11-29,13.450425148010254,5.3528876304626465
2018-11-30,13.298011779785156,5.303324222564697
2018-12-03,13.6218900680542,5.534621238708496
2018-12-04,13.164650917053223,5.427233695983887
2018-12-05,13.412322044372559,5.0389838218688965
2018-12-06,13.10749626159668,4.8820319175720215
2018-12-07,12.955083847045898,4.898553371429443
2018-12-10,12.307329177856445,4.692037582397461
2018-12-11,12.421639442443848,4.700298309326172
2018-12-12,12.897929191589355,4.832468032836914
2018-12-13,12.688361167907715,4.716819763183594
2018-12-14,12.421639442443848,4.634213447570801
2018-12-17,12.173967361450195,4.518564224243164
2018-12-18,12.059659004211426,4.551607131958008
2018-12-19,12.212071418762207,4.733340740203857
2018-12-20,12.15491771697998,4.609431266784668
2018-12-21,12.15491771697998,4.584649562835693
2018-12-24,12.116813659667969,4.526824951171875
2018-12-27,12.345433235168457,4.526824951171875
2018-12-28,12.15491771697998,4.6424736976623535
2018-12-31,12.47879409790039,4.791165351867676
2019-01-02,12.326380729675293,4.915074348449707
2019-01-03,12.15491771697998,4.832468032836914
2019-01-04,12.764567375183105,5.138111114501953
2019-01-07,13.012238502502441,5.171154022216797
2019-01-08,13.317063331604004,5.245499610900879
2019-01-09,13.659992218017578,5.1215901374816895
2019-01-10,13.64094066619873,5.146371841430664
2019-01-11,13.77430248260498,5.187675476074219
2019-01-14,13.888611793518066,5.1959357261657715
2019-01-15,13.90766429901123,5.328105449676514
2019-01-16,13.926714897155762,5.4602766036987305
2019-01-17,14.155333518981934,5.559403419494629
2019-01-18,14.40300464630127,5.724616050720215
2019-01-21,14.53636646270752,5.732876777648926
2019-01-22,14.441107749938965,5.708094596862793
2019-01-23,14.40300464630127,5.840265274047852
2019-01-24,14.383953094482422,5.790701389312744
2019-01-25,14.498263359069824,5.8980889320373535
2019-01-28,14.193436622619629,5.782440662384033
2019-01-29,14.155333518981934,5.840265274047852
2019-01-30,14.288695335388184,5.914610385894775
2019-01-31,14.53636646270752,5.972434997558594
2019-02-01,14.364901542663574,5.8980889320373535
2019-02-04,14.174386024475098,5.922871112823486
2019-02-05,14.40300464630127,5.972434997558594
2019-02-06,14.517313957214355,6.055041313171387
2019-02-07,14.212489128112793,5.980695724487305
2019-02-08,14.269643783569336,5.997217178344727
2019-02-11,14.231539726257324,6.030259609222412
2019-02-12,14.593520164489746,6.1624298095703125
2019-02-13,14.364901542663574,6.261557102203369
2019-02-14,14.364901542663574,6.030259609222412
2019-02-15,14.574468612670898,6.055041313171387
2019-02-18,14.6887788772583,6.013738632202148
2019-02-19,14.898346900939941,5.95591402053833
2019-02-20,15.012655258178711,6.030259609222412
2019-02-21,14.841191291809082,5.947652816772461
2019-02-22,14.707830429077148,5.8980889320373535
2019-02-25,14.631624221801758,5.8980889320373535
2019-02-26,14.650674819946289,5.964174270629883
2019-02-27,14.707830429077148,5.95591402053833
2019-02-28,14.61257266998291,5.931131839752197
2019-03-01,14.593520164489746,6.030259609222412
2019-03-04,14.803088188171387,6.261557102203369
2019-03-05,14.784036636352539,6.2367753982543945
2019-03-06,14.841191291809082,6.245035648345947
2019-03-07,14.345850944519043,6.104604721069336
2019-03-08,14.193436622619629,5.972434997558594
2019-03-11,14.345850944519043,6.030259609222412
2019-03-12,14.231539726257324,5.88156795501709
2019-03-13,14.288695335388184,5.914610385894775
2019-03-14,14.383953094482422,6.4019880294799805
2019-03-15,14.288695335388184,6.203732967376709
2019-03-18,14.345850944519043,6.063302040100098
2019-03-19,14.47921085357666,6.063302040100098
2019-03-20,14.269643783569336,5.997217178344727
2019-03-21,14.212489128112793,5.972434997558594
2019-03-22,13.983870506286621,5.774179935455322
2019-03-25,13.850508689880371,5.765919208526611
2019-03-26,13.69809627532959,5.584185600280762
2019-03-27,13.793353080749512,5.650270938873291
2019-03-28,13.736198425292969,5.708094596862793
2019-03-29,13.831457138061523,5.765919208526611
2019-04-01,13.983870506286621,5.819613456726074
2019-04-02,13.888611793518066,5.827874183654785
2019-04-03,13.983870506286621,6.021998882293701
2019-04-04,13.888611793518066,5.927001953125
2019-04-05,13.850508689880371,5.98482608795166
2019-04-08,13.964818000793457,6.009608268737793
2019-04-09,13.850508689880371,5.889828681945801
2019-04-10,13.94576644897461,5.914610385894775
2019-04-11,13.90766429901123,5.943522930145264
2019-04-12,14.136282920837402,6.0054779052734375
2019-04-15,14.326798439025879,6.083953380584717
2019-04-16,14.498263359069824,6.0798234939575195
2019-04-17,14.288695335388184,6.021998882293701
2019-04-18,14.345850944519043,6.017868518829346
2019-04-23,14.40300464630127,6.034389972686768
2019-04-24,14.441107749938965,5.889828681945801
2019-04-25,14.492372512817383,5.827874183654785
2019-04-26,14.650113105773926,5.939392566680908
2019-04-29,14.433220863342285,5.840265274047852
2019-04-30,14.41350269317627,5.770050048828125
2019-05-02,14.354351043701172,5.7411370277404785
2019-05-03,14.275480270385742,5.749398231506348
2019-05-06,14.17689323425293,5.683312892913818
2019-05-07,13.88113021850586,5.489188194274902
2019-05-08,13.545931816101074,5.398321151733398
2019-05-09,13.17129898071289,5.381799697875977
2019-05-10,13.289604187011719,5.31158447265625
2019-05-13,12.914972305297852,5.167023658752441
2019-05-14,12.914972305297852,5.191805362701416
2019-05-15,12.855819702148438,5.187675476074219
2019-05-16,12.993842124938965,5.216587543487549
2019-05-17,13.052994728088379,5.286803245544434
2019-05-20,12.717796325683594,5.092678070068359
2019-05-21,12.796666145324707,5.105069160461426
2019-05-22,12.875536918640137,5.204196929931641
2019-05-23,12.619209289550781,5.063766002655029
2019-05-24,12.658644676208496,5.084417819976807
2019-05-27,12.560056686401367,5.146371841430664
2019-05-28,12.540339469909668,5.105069160461426
2019-05-29,12.402316093444824,4.869641304016113
2019-05-30,12.343164443969727,4.828337669372559
2019-05-31,12.264293670654297,5.014202117919922
2019-06-03,12.047401428222656,4.927465438842773
2019-06-04,12.303729057312012,5.0389838218688965
2019-06-05,12.185423851013184,4.927465438842773
2019-06-06,11.968531608581543,4.8820319175720215
2019-06-07,12.02768325805664,4.898553371429443
2019-06-10,12.10655403137207,4.9935503005981445
2019-06-11,12.343164443969727,5.0389838218688965
2019-06-12,12.165706634521484,5.072026252746582
2019-06-13,12.264293670654297,5.336366653442383
2019-06-14,12.02768325805664,5.175283908843994
2019-06-17,11.7910737991333,4.997681140899658
2019-06-18,11.830509185791016,5.092678070068359
2019-06-19,11.850226402282715,5.088547706604004
2019-06-20,11.869943618774414,5.026593208312988
2019-06-21,12.362881660461426,5.125720500946045
2019-06-24,12.145988464355469,5.186463356018066
2019-06-25,11.948813438415527,5.46213960647583
2019-06-26,12.165706634521484,5.635022163391113
2019-06-27,12.12627124786377,5.649039268493652
2019-06-28,12.185423851013184,5.705109119415283
2019-07-01,12.382599830627441,5.821921348571777
2019-07-02,12.343164443969727,5.793886184692383
2019-07-03,12.461469650268555,5.695764064788818
2019-07-04,12.461469650268555,5.7191267013549805
2019-07-05,12.520621299743652,5.6724019050598145
2019-07-08,12.619209289550781,5.705109119415283
2019-07-09,12.520621299743652,5.536900043487549
2019-07-10,12.382599830627441,5.569607257843018
2019-07-11,12.067118644714355,5.504191875457764
2019-07-12,12.145988464355469,5.583624362945557
2019-07-15,12.185423851013184,5.630349636077881
2019-07-16,12.244576454162598,5.64436674118042
2019-07-17,12.086836814880371,5.611659526824951
2019-07-18,12.02768325805664,5.532227039337158
2019-07-19,12.067118644714355,5.536900043487549
2019-07-22,12.244576454162598,5.583624362945557
2019-07-23,12.343164443969727,5.733144283294678
2019-07-24,12.42203426361084,5.770524501800537
2019-07-25,12.323446273803711,5.728471755981445
2019-07-26,12.303729057312012,5.728471755981445
2019-07-29,12.086836814880371,5.695764064788818
2019-07-30,11.948813438415527,5.66305685043335
2019-07-31,11.810791015625,5.5602617263793945
2019-08-01,11.7910737991333,5.312620162963867
2019-08-02,11.731921195983887,5.125720977783203
2019-08-05,11.731921195983887,5.064978122711182
2019-08-06,11.731921195983887,5.069651126861572
2019-08-07,11.633334159851074,4.990218639373779
2019-08-08,11.810791015625,5.242533206939697
2019-08-09,11.49531078338623,5.144410610198975
2019-08-12,11.298135757446289,5.093012809753418
2019-08-13,11.515028953552246,5.233187675476074
2019-08-14,11.436159133911133,5.097685813903809
2019-08-15,11.298135757446289,5.069651126861572
2019-08-16,11.534746170043945,5.153755187988281
2019-08-19,11.869943618774414,5.242533206939697
2019-08-20,11.810791015625,5.149083137512207
2019-08-21,11.830509185791016,5.228515148162842
2019-08-22,11.948813438415527,5.307947635650635
2019-08-23,11.751638412475586,5.214498043060303
2019-08-26,11.830509185791016,5.177117824554443
2019-08-27,11.988248825073242,5.29860258102417
2019-08-28,11.830509185791016,5.219170570373535
2019-08-29,11.88966178894043,5.261222839355469
2019-08-30,11.88966178894043,5.3733625411987305
2019-09-02,11.88966178894043,5.349999904632568
2019-09-03,11.731921195983887,5.331310272216797
2019-09-04,11.850226402282715,5.401397705078125
2019-09-05,11.810791015625,5.448122501373291
2019-09-06,11.731921195983887,5.429432392120361
2019-09-09,12.047401428222656,5.611659526824951
2019-09-10,11.988248825073242,5.705109119415283
2019-09-11,12.185423851013184,5.714454174041748
2019-09-12,12.10655403137207,5.7191267013549805
2019-09-13,12.303729057312012,5.775196552276611
2019-09-16,12.540339469909668,5.798559188842773
2019-09-17,12.264293670654297,5.756506443023682
2019-09-18,12.12627124786377,5.728471755981445
2019-09-19,12.145988464355469,5.770524501800537
2019-09-20,11.929096221923828,5.714454174041748
2019-09-23,11.751638412475586,5.658384323120117
2019-09-24,11.731921195983887,5.64436674118042
2019-09-25,11.574180603027344,5.583624362945557
2019-09-26,11.396723747253418,5.583624362945557
2019-09-27,11.416440963745117,5.658384323120117
2019-09-30,11.534746170043945,5.695764064788818
2019-10-01,11.436159133911133,5.616332054138184
2019-10-02,11.298135757446289,5.438777446746826
2019-10-03,11.120677947998047,5.279912948608398
2019-10-04,11.081242561340332,5.223843097686768
2019-10-07,11.140396118164062,5.036942958831787
2019-10-08,11.238983154296875,4.868733882904053
2019-10-09,11.298135757446289,4.793973922729492
2019-10-10,11.672768592834473,4.962183475494385
2019-10-11,12.12627124786377,5.107030868530273
2019-10-14,12.165706634521484,5.013580799102783
2019-10-15,12.224858283996582,5.036942958831787
2019-10-16,12.244576454162598,5.004235744476318
2019-10-17,12.343164443969727,5.0275983810424805
2019-10-18,12.402316093444824,5.004235744476318
2019-10-21,12.63892650604248,5.149083137512207
2019-10-22,12.540339469909668,5.107030868530273
2019-10-23,12.658644676208496,5.102358341217041
2019-10-24,12.520621299743652,5.088340759277344
2019-10-25,12.500904083251953,5.149083137512207
2019-10-28,12.520621299743652,5.163100719451904
2019-10-29,12.343164443969727,5.111702919006348
2019-10-30,12.224858283996582,5.125720977783203
2019-10-31,12.145988464355469,5.107030868530273
2019-11-01,12.520621299743652,5.186463356018066
2019-11-04,12.520621299743652,5.508864879608154
2019-11-05,12.658644676208496,5.536900043487549
2019-11-06,12.698079109191895,5.4668121337890625
2019-11-07,13.25016975402832,5.508864879608154
2019-11-08,13.467061996459961,5.588296890258789
2019-11-11,13.506497383117676,5.649039268493652
2019-11-12,13.78254222869873,5.611659526824951
2019-11-13,13.841694831848145,5.569607257843018
2019-11-14,13.86141300201416,5.564934730529785
2019-11-15,13.88113021850586,5.6724019050598145
2019-11-18,13.86141300201416,5.522881984710693
2019-11-19,13.900848388671875,5.4995198249816895
2019-11-20,13.841694831848145,5.434104919433594
2019-11-21,13.683955192565918,5.406069755554199
2019-11-22,13.624802589416504,5.39205265045166
2019-11-25,13.743106842041016,5.3733625411987305
2019-11-26,13.664237022399902,5.321965217590332
2019-11-27,13.545931816101074,5.2939300537109375
2019-11-28,13.506497383117676,5.345327377319336
2019-11-29,13.486780166625977,5.279912948608398
2019-12-02,13.486780166625977,5.228515148162842
2019-12-03,13.26988697052002,5.111702919006348
2019-12-04,13.447344779968262,5.279912948608398
2019-12-05,13.427627563476562,5.265895366668701
2019-12-06,13.644519805908203,5.359345436096191
2019-12-09,13.723390579223633,5.396725177764893
2019-12-10,13.683955192565918,5.378035068511963
2019-12-11,13.743106842041016,5.3733625411987305
2019-12-12,13.841694831848145,5.46213960647583
2019-12-13,13.960000038146973,5.410742282867432
2019-12-16,13.900848388671875,5.4761576652526855
2019-12-17,13.802260398864746,5.4434494972229
2019-12-18,13.605085372924805,5.420087814331055
2019-12-19,13.506497383117676,5.424759864807129
2019-12-20,13.407910346984863,5.340655326843262
2019-12-23,13.368474960327148,5.3032755851745605
2019-12-24,13.427627563476562,5.307947635650635
2019-12-27,13.624802589416504,5.3172926902771
2019-12-30,13.585367202758789,5.326637268066406
2019-12-31,13.526215553283691,5.307947635650635
2020-01-02,13.664237022399902,5.368690013885498
2020-01-03,13.624802589416504,5.364017486572266
2020-01-06,13.447344779968262,5.396725177764893
2020-01-07,13.368474960327148,5.410742282867432
2020-01-08,13.467061996459961,5.378035068511963
2020-01-09,13.151582717895508,5.452795028686523
2020-01-10,13.151582717895508,5.438777446746826
2020-01-13,13.112147331237793,5.448122501373291
2020-01-14,12.97412395477295,5.4434494972229
2020-01-15,12.836102485656738,5.39205265045166
2020-01-16,12.993842124938965,5.5602617263793945
2020-01-17,12.97412395477295,5.747161865234375
2020-01-20,13.131864547729492,5.849956512451172
2020-01-21,13.013559341430664,5.835938930511475
2020-01-22,13.013559341430664,5.733144283294678
2020-01-23,12.678361892700195,5.508864879608154
2020-01-24,12.776949882507324,5.686419486999512
2020-01-27,12.42203426361084,5.382707595825195
2020-01-28,12.560056686401367,5.4761576652526855
2020-01-29,12.599491119384766,5.48082971572876
2020-01-30,12.579774856567383,5.3172926902771
2020-01-31,12.402316093444824,5.214498043060303
2020-02-03,12.284011840820312,5.256550312042236
2020-02-04,12.42203426361084,5.29860258102417
2020-02-05,12.500904083251953,5.368690013885498
2020-02-06,12.500904083251953,5.312620162963867
2020-02-07,12.323446273803711,5.312620162963867
2020-02-10,12.303729057312012,5.359345436096191
2020-02-11,12.579774856567383,5.378035068511963
2020-02-12,12.402316093444824,5.223843097686768
2020-02-13,12.343164443969727,5.149083137512207
2020-02-14,12.086836814880371,5.111702919006348
2020-02-17,12.224858283996582,5.307947635650635
2020-02-18,12.047401428222656,5.251877784729004
2020-02-19,11.929096221923828,5.29860258102417
2020-02-20,12.067118644714355,5.345327377319336
2020-02-21,12.067118644714355,5.359345436096191
2020-02-24,11.731921195983887,5.205152988433838
2020-02-25,11.534746170043945,5.041615962982178
2020-02-26,11.475593566894531,4.9808735847473145
2020-02-27,11.25870132446289,4.775284290313721
2020-02-28,11.140396118164062,4.5435285568237305
2020-03-02,11.081242561340332,4.534183502197266
2020-03-03,11.25870132446289,4.579039573669434
2020-03-04,11.416440963745117,4.691179275512695
2020-03-05,11.238983154296875,4.5453972816467285
2020-03-06,10.824914932250977,4.274393081665039
2020-03-09,10.213672637939453,3.8445239067077637
2020-03-10,10.292542457580566,3.8781661987304688
2020-03-11,10.095367431640625,3.723039388656616
2020-03-12,9.139068603515625,3.214672565460205
2020-03-13,8.922175407409668,3.076366901397705
2020-03-16,8.025029182434082,3.029642105102539
2020-03-17,7.936299800872803,2.994131088256836
2020-03-18,7.206751346588135,2.693222761154175
2020-03-19,6.980000019073486,2.784803628921509
2020-03-20,7.315197944641113,2.9567511081695557
2020-03-23,6.999717712402344,2.8969430923461914
2020-03-24,7.630677700042725,3.2314934730529785
2020-03-25,7.788418292999268,3.422131061553955
2020-03-26,7.867288112640381,3.3922271728515625
2020-03-27,7.5222320556640625,3.259528398513794
2020-03-30,7.482797145843506,3.2987773418426514
2020-03-31,7.640536785125732,3.384751081466675
2020-04-01,7.8771467208862305,3.3324191570281982
2020-04-02,8.074321746826172,3.4408209323883057
2020-04-03,7.837711811065674,3.407179117202759
2020-04-06,8.133474349975586,3.709956407546997
2020-04-07,8.61655330657959,3.8389170169830322
2020-04-08,8.715141296386719,3.857606887817383
2020-04-09,9.178503036499023,4.055720806121826
2020-04-14,9.129209518432617,4.2108473777771
2020-04-15,8.715141296386719,4.1080522537231445
2020-04-16,8.744717597961426,4.126742362976074
2020-04-17,8.951751708984375,4.253834247589111
2020-04-20,8.725000381469727,4.233275413513184
2020-04-21,8.50810718536377,4.154777526855469
2020-04-22,8.636271476745605,4.31177282333374
2020-04-23,8.843305587768555,4.410829544067383
2020-04-24,8.50810718536377,4.304296970367432
2020-04-27,8.646130561828613,4.322987079620361
2020-04-28,8.833446502685547,4.401484966278076
2020-04-29,9.030621528625488,4.625763893127441
2020-04-30,8.872881889343262,4.504279613494873
2020-05-04,8.646130561828613,4.470637321472168
2020-05-05,8.646130561828613,4.397746562957764
2020-05-06,8.695423126220703,4.392139434814453
2020-05-07,8.764435768127441,4.42391300201416
2020-05-08,8.833446502685547,4.420174598693848
2020-05-11,8.577118873596191,4.341676712036133
2020-05-12,8.330649375915527,4.28000020980835
2020-05-13,7.906723976135254,4.26800012588501
2020-05-14,7.66025447845459,4.03000020980835
2020-05-15,7.620819568634033,4.099999904632568
2020-05-18,8.32079029083252,4.4019999504089355
2020-05-19,8.232062339782715,4.48799991607666
2020-05-20,8.192627906799316,4.480000019073486
2020-05-21,8.202486038208008,4.4679999351501465
2020-05-22,8.182768821716309,4.440000057220459
2020-05-25,8.291214942932129,4.460000038146973
2020-05-26,8.389802932739258,4.453999996185303
2020-05-27,8.468672752380371,4.368000030517578
2020-05-28,8.527824401855469,4.311999797821045
2020-05-29,8.1729097366333,4.138000011444092
2020-06-01,8.448954582214355,4.119999885559082
2020-06-02,8.567259788513184,4.223999977111816
2020-06-03,8.97146987915039,4.492000102996826
2020-06-04,9.02076244354248,4.473999977111816
2020-06-05,9.148926734924316,4.4720001220703125
2020-06-08,9.139068603515625,4.4720001220703125
2020-06-09,8.843305587768555,4.265999794006348
2020-06-10,8.725000381469727,4.203999996185303
2020-06-11,8.350000381469727,4.059999942779541
2020-06-12,8.300000190734863,4.124000072479248
2020-06-15,8.329999923706055,4.1479997634887695
2020-06-16,8.5600004196167,4.322000026702881
2020-06-17,8.640000343322754,4.354000091552734
2020-06-18,8.680000305175781,4.383999824523926
2020-06-19,8.649999618530273,4.386000156402588
2020-06-22,8.5,4.328000068664551
2020-06-23,8.40999984741211,4.308000087738037
2020-06-24,8.25,4.199999809265137
2020-06-25,8.069999694824219,4.119999885559082
2020-06-26,8.0,4.139999866485596
2020-06-29,8.069999694824219,4.170000076293945
2020-06-30,8.09000015258789,4.26800012588501
2020-07-01,8.119999885559082,4.210000038146973
2020-07-02,8.260000228881836,4.297999858856201
2020-07-03,8.15999984741211,4.28000020980835
2020-07-06,8.329999923706055,4.372000217437744
2020-07-07,8.220000267028809,4.27400016784668
2020-07-08,8.170000076293945,4.251999855041504
2020-07-09,8.0600004196167,4.179999828338623
2020-07-10,8.220000267028809,4.276000022888184
2020-07-13,8.289999961853027,4.302000045776367
2020-07-14,8.270000457763672,4.329999923706055
2020-07-15,8.199999809265137,4.3460001945495605
2020-07-16,8.180000305175781,4.335999965667725
2020-07-17,8.229999542236328,4.369999885559082
2020-07-20,8.329999923706055,4.441999912261963
2020-07-21,8.350000381469727,4.458000183105469
2020-07-22,8.25,4.395999908447266
2020-07-23,8.170000076293945,4.377999782562256
2020-07-24,8.100000381469727,4.303999900817871
2020-07-27,7.980000019073486,4.285999774932861
2020-07-28,7.900000095367432,4.254000186920166
2020-07-29,7.929999828338623,4.2779998779296875
2020-07-30,7.690000057220459,4.27400016784668
2020-07-31,7.650000095367432,4.193999767303467
2020-08-03,7.869999885559082,4.296000003814697
2020-08-04,7.889999866485596,4.308000087738037
2020-08-05,8.010000228881836,4.409999847412109
2020-08-06,7.96999979019165,4.383999824523926
2020-08-07,7.889999866485596,4.374000072479248
2020-08-10,7.980000019073486,4.429999828338623
2020-08-11,8.039999961853027,4.4679999351501465
2020-08-12,8.069999694824219,4.484000205993652
2020-08-13,8.130000114440918,4.4720001220703125
2020-08-14,8.069999694824219,4.478000164031982
2020-08-17,8.020000457763672,4.489999771118164
2020-08-18,7.920000076293945,4.434000015258789
2020-08-19,7.929999828338623,4.427999973297119
2020-08-20,7.760000228881836,4.28000020980835
2020-08-21,7.800000190734863,4.245999813079834
2020-08-24,7.920000076293945,4.296000003814697
2020-08-25,7.800000190734863,4.260000228881836
2020-08-26,7.809999942779541,4.25
2020-08-27,7.78000020980835,4.202000141143799
2020-08-28,7.690000057220459,4.138000011444092
2020-08-31,7.619999885559082,4.184000015258789
2020-09-01,7.760000228881836,4.257999897003174
2020-09-02,7.929999828338623,4.331999778747559
2020-09-03,7.96999979019165,4.368000030517578
2020-09-04,8.050000190734863,4.388000011444092
2020-09-07,8.050000190734863,4.453999996185303
2020-09-08,8.0,4.590000152587891
2020-09-09,8.130000114440918,4.521999835968018
2020-09-10,8.079999923706055,4.394000053405762
2020-09-11,8.029999732971191,4.211999893188477
2020-09-14,7.960000038146973,4.179999828338623
2020-09-15,7.929999828338623,4.150000095367432
2020-09-16,8.039999961853027,4.176000118255615
2020-09-17,8.029999732971191,4.236000061035156
2020-09-18,8.039999961853027,4.239999771118164
2020-09-21,7.809999942779541,3.990000009536743
2020-09-22,7.650000095367432,3.9760000705718994
2020-09-23,7.510000228881836,3.9079999923706055
2020-09-24,7.309999942779541,3.8499999046325684
2020-09-25,7.170000076293945,3.7639999389648438
2020-09-28,7.599999904632568,3.809999942779541
2020-09-29,7.550000190734863,3.6579999923706055
2020-09-30,7.630000114440918,3.746000051498413
2020-10-01,7.579999923706055,3.7720000743865967
2020-10-02,7.440000057220459,3.7960000038146973
2020-10-05,7.5,3.8540000915527344
2020-10-06,7.5,3.885999917984009
2020-10-07,7.420000076293945,3.9040000438690186
2020-10-08,7.46999979019165,3.871999979019165
2020-10-09,7.300000190734863,3.8499999046325684
2020-10-12,7.230000019073486,3.7939999103546143
2020-10-13,7.170000076293945,3.7699999809265137
2020-10-14,7.150000095367432,3.7660000324249268
2020-10-15,7.079999923706055,3.680000066757202
2020-10-16,7.090000152587891,3.7260000705718994
2020-10-19,7.25,3.799999952316284
2020-10-20,7.010000228881836,3.628000020980835
2020-10-21,6.960000038146973,3.6019999980926514
2020-10-22,6.789999961853027,3.553999900817871
2020-10-23,6.949999809265137,3.559999942779541
2020-10-26,6.769999980926514,3.384000062942505
2020-10-27,6.570000171661377,3.240000009536743
2020-10-28,6.599999904632568,3.2760000228881836
2020-10-29,6.440000057220459,3.2019999027252197
2020-10-30,6.449999809265137,3.313999891281128
2020-11-02,6.789999961853027,3.446000099182129
2020-11-03,6.710000038146973,3.450000047683716
2020-11-04,6.710000038146973,3.49399995803833
2020-11-05,6.900000095367432,3.4079999923706055
2020-11-06,6.809999942779541,3.421999931335449
2020-11-09,7.150000095367432,3.686000108718872
2020-11-10,7.400000095367432,3.759999990463257
2020-11-11,7.53000020980835,3.8420000076293945
2020-11-12,7.550000190734863,3.8420000076293945
2020-11-13,7.650000095367432,3.9079999923706055
2020-11-16,7.960000038146973,4.058000087738037
2020-11-17,7.820000171661377,4.013999938964844
2020-11-18,8.09000015258789,4.059999942779541
2020-11-19,7.920000076293945,3.9619998931884766
2020-11-20,8.130000114440918,4.111999988555908
2020-11-23,8.319999694824219,4.133999824523926
2020-11-24,8.779999732971191,4.46999979019165
2020-11-25,8.880000114440918,4.409999847412109
2020-11-26,8.960000038146973,4.449999809265137
2020-11-27,9.079999923706055,4.489999771118164
2020-11-30,8.960000038146973,4.50600004196167
2020-12-01,8.960000038146973,4.688000202178955
2020-12-02,9.0,4.834000110626221
2020-12-03,9.09000015258789,4.926000118255615
2020-12-04,9.260000228881836,5.010000228881836
2020-12-07,9.319999694824219,5.010000228881836
2020-12-08,9.600000381469727,5.070000171661377
2020-12-09,9.670000076293945,5.21999979019165
2020-12-10,9.720000267028809,5.239999771118164
2020-12-11,9.520000457763672,5.204999923706055
2020-12-14,9.649999618530273,5.349999904632568
2020-12-15,9.710000038146973,5.289999961853027
2020-12-16,9.59000015258789,5.25
2020-12-17,9.529999732971191,5.289999961853027
2020-12-18,9.329999923706055,5.179999828338623
2020-12-21,8.920000076293945,5.034999847412109
2020-12-22,9.029999732971191,5.135000228881836
2020-12-23,8.949999809265137,5.119999885559082
2020-12-24,8.930000305175781,5.119999885559082
2020-12-28,9.15999984741211,5.184999942779541
2020-12-29,9.140000343322754,5.199999809265137
2020-12-30,9.069999694824219,5.210000038146973
2020-12-31,9.0,5.159999847412109
2021-01-04,8.949999809265137,5.190000057220459
2021-01-05,8.9399995803833,5.210000038146973
2021-01-06,9.229999542236328,5.389999866485596
2021-01-07,9.390000343322754,5.545000076293945
2021-01-08,9.220000267028809,5.465000152587891
2021-01-11,8.979999542236328,5.260000228881836
2021-01-12,9.180000305175781,5.28000020980835
2021-01-13,8.930000305175781,5.184999942779541
2021-01-14,8.9399995803833,5.195000171661377
2021-01-15,8.779999732971191,5.039999961853027
2021-01-18,8.890000343322754,5.125
2021-01-19,9.0600004196167,5.175000190734863
2021-01-20,9.0600004196167,5.175000190734863
2021-01-21,8.960000038146973,5.239999771118164
2021-01-22,8.859999656677246,5.239999771118164
2021-01-25,8.680000305175781,5.070000171661377
2021-01-26,8.789999961853027,5.059999942779541
2021-01-27,8.819999694824219,4.927999973297119
2021-01-28,8.920000076293945,5.025000095367432
2021-01-29,8.75,4.915999889373779
2021-02-01,8.739999771118164,4.998000144958496
2021-02-02,8.9399995803833,4.989999771118164
2021-02-03,8.789999961853027,4.9720001220703125
2021-02-04,8.869999885559082,5.090000152587891
2021-02-05,8.899999618530273,5.15500020980835
2021-02-08,9.140000343322754,5.320000171661377
2021-02-09,9.239999771118164,5.460000038146973
2021-02-10,9.350000381469727,5.489999771118164
2021-02-11,9.520000457763672,5.545000076293945
2021-02-12,9.4399995803833,5.525000095367432
2021-02-15,9.739999771118164,5.71999979019165
2021-02-16,9.720000267028809,5.769999980926514
2021-02-17,9.720000267028809,5.744999885559082
2021-02-18,9.5,5.784999847412109
2021-02-19,12.199999809265137,6.0
2021-02-22,12.0,6.125
2021-02-23,12.119999885559082,6.025000095367432
