Date,SEM.LS,NVG.LS
2014-12-31,8.467557907104492,2.1212124824523926
2015-01-02,8.438360214233398,2.1316616535186768
2015-01-05,8.40081787109375,2.109369993209839
2015-01-06,8.33407974243164,2.0766286849975586
2015-01-07,8.138031959533691,2.0522470474243164
2015-01-08,8.384134292602539,2.1908745765686035
2015-01-09,8.34242057800293,2.156043767929077
2015-01-12,8.413331985473633,2.1657962799072266
2015-01-13,8.509268760681152,2.203413963317871
2015-01-14,8.676116943359375,2.2298855781555176
2015-01-15,8.78456974029541,2.2709860801696777
2015-01-16,8.676116943359375,2.272379159927368
2015-01-19,8.676116943359375,2.2640199661254883
2015-01-20,8.425846099853516,2.277952194213867
2015-01-21,8.413331985473633,2.315570116043091
2015-01-22,8.379962921142578,2.3671200275421143
2015-01-23,8.450872421264648,2.4110069274902344
2015-01-26,8.717830657958984,2.4409618377685547
2015-01-27,8.384134292602539,2.4019510746002197
2015-01-28,8.459216117858887,2.4416584968566895
2015-01-29,8.500926971435547,2.5252528190612793
2015-01-30,8.684459686279297,2.5022644996643066
2015-02-02,8.776227951049805,2.461860418319702
2015-02-03,8.842966079711914,2.5057475566864014
2015-02-04,8.801254272460938,2.539881944656372
2015-02-05,8.847136497497559,2.559387445449829
2015-02-06,8.897192001342773,2.568443536758423
2015-02-09,8.676116943359375,2.5496346950531006
2015-02-10,8.67194652557373,2.562174081802368
2015-02-11,8.772056579589844,2.584465980529785
2015-02-12,8.842966079711914,2.6032748222351074
2015-02-13,9.039013862609863,2.59073543548584
2015-02-16,8.855480194091797,2.5635671615600586
2015-02-17,8.797082901000977,2.557297706604004
2015-02-18,8.855480194091797,2.5663540363311768
2015-02-19,8.75537109375,2.5670502185821533
2015-02-20,8.918048858642578,2.5774993896484375
2015-02-23,8.897192001342773,2.601881265640259
2015-02-24,9.39356803894043,2.6527347564697266
2015-02-25,9.760632514953613,2.7168242931365967
2015-02-26,10.181925773620605,2.709857702255249
2015-02-27,10.31123161315918,2.74817156791687
2015-03-02,10.12769889831543,2.74817156791687
2015-03-03,10.035932540893555,2.7223966121673584
2015-03-04,9.923310279846191,2.7028913497924805
2015-03-05,10.261178016662598,2.7425990104675293
2015-03-06,10.307060241699219,2.7669806480407715
2015-03-09,10.415512084960938,2.7725536823272705
2015-03-10,10.340433120727539,2.7704639434814453
2015-03-11,10.678298950195312,2.867990732192993
2015-03-12,10.728353500366211,2.890979290008545
2015-03-13,10.84097671508789,2.909787893295288
2015-03-16,10.782580375671387,2.904215097427368
2015-03-17,10.707496643066406,2.8840126991271973
2015-03-18,10.590703964233398,2.868687152862549
2015-03-19,10.473909378051758,2.871474027633667
2015-03-20,10.686641693115234,2.929293394088745
2015-03-23,10.715841293334961,2.932776689529419
2015-03-24,10.790921211242676,2.9397425651550293
2015-03-25,10.574018478393555,2.9251139163970947
2015-03-26,10.282033920288086,2.8819234371185303
2015-03-27,10.469738960266113,2.918843984603882
2015-03-30,10.436369895935059,2.8944623470306396
2015-03-31,10.377971649169922,2.904215097427368
2015-04-01,10.419684410095215,2.9362599849700928
2015-04-02,10.574018478393555,2.9397425651550293
2015-04-07,10.649101257324219,3.0874266624450684
2015-04-08,11.00782585144043,3.166841745376587
2015-04-09,11.620992660522461,3.2615816593170166
2015-04-10,11.833724975585938,3.2420766353607178
2015-04-13,11.620992660522461,3.249739408493042
2015-04-14,11.37906265258789,3.249042510986328
2015-04-15,11.658534049987793,3.2985029220581055
2015-04-16,11.349863052368164,3.2511324882507324
2015-04-17,11.124618530273438,3.218391180038452
2015-04-20,11.170501708984375,3.198885679244995
2015-04-21,11.295637130737305,3.2232675552368164
2015-04-22,11.078734397888184,3.1835601329803467
2015-04-23,10.99531078338623,3.141066312789917
2015-04-24,11.070393562316895,3.1835601329803467
2015-04-27,11.258098602294922,3.2114250659942627
2015-04-28,11.107934951782227,3.162661552429199
2015-04-29,10.786750793457031,3.072100877761841
2015-04-30,10.669957160949707,3.0449328422546387
2015-05-04,11.095419883728027,3.1341004371643066
2015-05-05,10.774236679077148,3.0477190017700195
2015-05-06,10.594874382019043,3.04075288772583
2015-05-07,10.636587142944336,3.044235944747925
2015-05-08,11.037022590637207,2.9593489170074463
2015-05-11,11.328941345214844,2.938126564025879
2015-05-12,11.363283157348633,2.886901617050171
2015-05-13,11.303181648254395,2.889097213745117
2015-05-14,11.371870040893555,2.894219398498535
2015-05-15,11.419090270996094,2.8883652687072754
2015-05-18,11.367576599121094,2.9022693634033203
2015-05-19,11.83549976348877,2.9637393951416016
2015-05-20,11.94282341003418,2.9908151626586914
2015-05-21,11.865550994873047,2.9659347534179688
2015-05-22,11.79686450958252,2.9776434898376465
2015-05-25,11.436262130737305,2.9183685779571533
2015-05-26,11.363283157348633,2.784451484680176
2015-05-27,11.672371864318848,2.8415307998657227
2015-05-28,11.719593048095703,2.8415307998657227
2015-05-29,11.213032722473145,2.7632298469543457
2015-06-01,11.213032722473145,2.7507894039154053
2015-06-02,11.423383712768555,2.751521110534668
2015-06-03,11.650906562805176,2.7925009727478027
2015-06-04,11.268839836120605,2.6981005668640137
2015-06-05,10.994094848632812,2.6534616947174072
2015-06-08,10.607732772827148,2.578087329864502
2015-06-09,10.75798511505127,2.5736968517303467
2015-06-10,11.032732009887695,2.60809063911438
2015-06-11,11.084245681762695,2.6549253463745117
2015-06-12,11.049901962280273,2.5949184894561768
2015-06-15,10.586270332336426,2.502713441848755
2015-06-16,10.539047241210938,2.5275943279266357
2015-06-17,10.457484245300293,2.4895412921905518
2015-06-18,10.418846130371094,2.4771008491516113
2015-06-19,11.002680778503418,2.5393028259277344
2015-06-22,11.032732009887695,2.567110300064087
2015-06-23,10.908236503601074,2.6746833324432373
2015-06-24,10.775156021118164,2.6285808086395264
2015-06-25,10.599148750305176,2.615408420562744
2015-06-26,10.73222827911377,2.635166883468628
2015-06-29,10.345868110656738,2.5385706424713135
2015-06-30,10.397381782531738,2.5246670246124268
2015-07-01,10.736520767211914,2.5993096828460693
2015-07-02,10.551926612854004,2.567842721939087
2015-07-03,10.56051254272461,2.5466206073760986
2015-07-06,10.049657821655273,2.4522199630737305
2015-07-07,9.663298606872559,2.4148988723754883
2015-07-08,9.835013389587402,2.440511703491211
2015-07-09,10.311524391174316,2.553938388824463
2015-07-10,10.624906539916992,2.588332176208496
2015-07-13,10.650662422180176,2.6490707397460938
2015-07-14,10.590561866760254,2.678342342376709
2015-07-15,10.680713653564453,2.70322322845459
2015-07-16,11.032732009887695,2.7939648628234863
2015-07-17,10.938285827636719,2.76396107673645
2015-07-20,10.891064643859863,2.7873785495758057
2015-07-21,10.90394401550293,2.759570598602295
2015-07-22,10.702178001403809,2.7098093032836914
2015-07-23,10.401676177978516,2.710541009902954
2015-07-24,10.315818786621094,2.680537700653076
2015-07-27,10.324402809143066,2.638093948364258
2015-07-28,10.448897361755371,2.6439480781555176
2015-07-29,10.680713653564453,2.640289783477783
2015-07-30,10.53475570678711,2.6168723106384277
2015-07-31,10.573390007019043,2.542961597442627
2015-08-03,11.2860107421875,2.6088225841522217
2015-08-04,11.479190826416016,2.6197991371154785
2015-08-05,11.655200004577637,2.678342342376709
2015-08-06,11.122880935668945,2.6981005668640137
2015-08-07,11.075658798217773,2.7039549350738525
2015-08-10,11.118587493896484,2.745666742324829
2015-08-11,11.152932167053223,2.6659021377563477
2015-08-12,10.788034439086914,2.5597925186157227
2015-08-13,11.251667976379395,2.6205313205718994
2015-08-14,11.500656127929688,2.60809063911438
2015-08-17,11.547877311706543,2.5949184894561768
2015-08-18,11.547877311706543,2.586137056350708
2015-08-19,11.504947662353516,2.5305211544036865
2015-08-20,11.672371864318848,2.51003098487854
2015-08-21,11.208739280700684,2.4083125591278076
2015-08-24,10.865307807922363,2.239269733428955
2015-08-25,11.075658798217773,2.345379114151001
2015-08-26,11.002680778503418,2.348306179046631
2015-08-27,11.092830657958984,2.3841636180877686
2015-08-28,10.938285827636719,2.3541603088378906
2015-08-31,11.157224655151367,2.3431832790374756
2015-09-01,10.633492469787598,2.296349287033081
2015-09-02,10.320111274719238,2.2597599029541016
2015-09-03,10.672128677368164,2.3000082969665527
2015-09-04,10.646369934082031,2.268541097640991
2015-09-07,10.654955863952637,2.2956173419952393
2015-09-08,10.955458641052246,2.315375804901123
2015-09-09,10.895357131958008,2.315375804901123
2015-09-10,10.723642349243164,2.2985446453094482
2015-09-11,10.573390007019043,2.286104202270508
2015-09-14,10.35445499420166,2.2539055347442627
2015-09-15,10.238546371459961,2.2487828731536865
2015-09-16,10.290060043334961,2.2575643062591553
2015-09-17,10.277182579040527,2.2465875148773193
2015-09-18,10.139809608459473,2.228292942047119
2015-09-21,10.174153327941895,2.3080577850341797
2015-09-22,9.594612121582031,2.256833076477051
2015-09-23,9.903700828552246,2.3168394565582275
2015-09-24,9.87794303894043,2.293422222137451
2015-09-25,10.049657821655273,2.3161075115203857
2015-09-28,9.774914741516113,2.286104202270508
2015-09-29,9.650419235229492,2.2465875148773193
2015-09-30,9.946629524230957,2.268541097640991
2015-10-01,9.770621299743652,2.2597599029541016
2015-10-02,9.865063667297363,2.2875678539276123
2015-10-05,10.13122272491455,2.358551025390625
2015-10-06,10.294352531433105,2.4580740928649902
2015-10-07,10.234253883361816,2.43977952003479
2015-10-08,10.101174354553223,2.434656858444214
2015-10-09,10.208495140075684,2.480027914047241
2015-10-12,10.298646926879883,2.399531364440918
2015-10-13,10.122637748718262,2.3761141300201416
2015-10-14,9.993851661682129,2.483686923980713
2015-10-15,10.311524391174316,2.634434938430786
2015-10-16,10.264302253723145,2.575160264968872
2015-10-19,10.199909210205078,2.5868687629699707
2015-10-20,10.242837905883789,2.5868687629699707
2015-10-21,10.212787628173828,2.586137056350708
2015-10-22,10.397381782531738,2.6388258934020996
2015-10-23,10.508997917175293,2.6695609092712402
2015-10-26,10.852429389953613,2.6929779052734375
2015-10-27,10.873893737792969,2.6036999225616455
2015-10-28,10.87818717956543,2.6607794761657715
2015-10-29,11.019851684570312,2.6871235370635986
2015-10-30,11.049901962280273,2.711272716522217
2015-11-02,11.06278133392334,2.7954280376434326
2015-11-03,11.311768531799316,2.821772575378418
2015-11-04,11.281718254089355,2.842994451522827
2015-11-05,11.195860862731934,2.8151865005493164
2015-11-06,11.358990669250488,2.7881104946136475
2015-11-09,10.749401092529297,2.718590497970581
2015-11-10,10.702178001403809,2.76396107673645
2015-11-11,11.06278133392334,2.754448175430298
2015-11-12,10.925409317016602,2.7068819999694824
2015-11-13,11.028438568115234,2.707613945007324
2015-11-16,11.11429500579834,2.761766195297241
2015-11-17,11.058486938476562,2.7822563648223877
2015-11-18,11.157224655151367,2.7742061614990234
2015-11-19,11.195860862731934,2.7990875244140625
2015-11-20,11.10141658782959,2.802746057510376
2015-11-23,10.989801406860352,2.783719301223755
2015-11-24,11.075658798217773,2.8071370124816895
2015-11-25,11.06278133392334,2.7990875244140625
2015-11-26,11.204446792602539,2.818845748901367
2015-11-27,11.174395561218262,2.8232362270355225
2015-11-30,11.410505294799805,2.7661569118499756
2015-12-01,11.419090270996094,2.8371403217315674
2015-12-02,11.423383712768555,2.8693385124206543
2015-12-03,11.234496116638184,2.802746057510376
2015-12-04,11.127174377441406,2.7983553409576416
2015-12-07,11.122880935668945,2.800551176071167
2015-12-08,10.964044570922852,2.7368853092193604
2015-12-09,10.92111587524414,2.6885874271392822
2015-12-10,10.873893737792969,2.6827330589294434
2015-12-11,10.861014366149902,2.616140365600586
2015-12-14,10.792328834533691,2.585405111312866
2015-12-15,11.07995319366455,2.6680970191955566
2015-12-16,11.247376441955566,2.6680970191955566
2015-12-17,11.281718254089355,2.694441556930542
2015-12-18,11.539290428161621,2.7342638969421387
2015-12-21,11.333232879638672,2.6424801349639893
2015-12-22,11.191567420959473,2.696514129638672
2015-12-23,11.509241104125977,2.635078191757202
2015-12-24,10.964044570922852,2.6432204246520996
2015-12-28,10.75798511505127,2.6121325492858887
2015-12-29,10.830965042114258,2.6476616859436035
2015-12-30,10.861014366149902,2.6809699535369873
2015-12-31,10.861014366149902,2.6809699535369873
2016-01-04,10.822378158569336,2.6572840213775635
2016-01-05,10.822378158569336,2.612872838973999
2016-01-06,10.908236503601074,2.6232354640960693
2016-01-07,10.766571998596191,2.584745407104492
2016-01-08,10.629199028015137,2.5588388442993164
2016-01-11,10.320111274719238,2.4988834857940674
2016-01-12,10.616320610046387,2.593627691268921
2016-01-13,11.161518096923828,2.5736427307128906
2016-01-14,10.56480598449707,2.4633541107177734
2016-01-15,9.959507942199707,2.354546546936035
2016-01-18,9.684761047363281,2.2168705463409424
2016-01-19,9.76203441619873,2.2916297912597656
2016-01-20,9.36279582977295,2.146552562713623
2016-01-21,9.27264404296875,2.2102091312408447
2016-01-22,9.444360733032227,2.2672038078308105
2016-01-25,9.547390937805176,2.2723848819732666
2016-01-26,9.49587631225586,2.2797868251800537
2016-01-27,9.508753776550293,2.2886691093444824
2016-01-28,9.328452110290527,2.244257688522339
2016-01-29,9.517338752746582,2.28718900680542
2016-02-01,9.555975914001465,2.3167965412139893
2016-02-02,9.53880500793457,2.2427775859832764
2016-02-03,9.444360733032227,2.2309343814849854
2016-02-04,9.306988716125488,2.218351125717163
2016-02-05,9.255474090576172,2.1828219890594482
2016-02-08,8.84335708618164,2.07253360748291
2016-02-09,8.663055419921875,1.9888919591903687
2016-02-10,8.88199234008789,2.067352294921875
2016-02-11,8.671640396118164,1.9970343112945557
2016-02-12,8.83906364440918,2.0370047092437744
2016-02-15,9.088050842285156,2.1287879943847656
2016-02-16,9.062294006347656,2.119905948638916
2016-02-17,9.328452110290527,2.1687586307525635
2016-02-18,9.337038040161133,2.18430233001709
2016-02-19,9.19537353515625,2.193924903869629
2016-02-22,9.349916458129883,2.2198314666748047
2016-02-23,9.02795124053955,2.1546945571899414
2016-02-24,9.281230926513672,2.20428729057312
2016-02-25,9.36279582977295,2.217611312866211
2016-02-26,9.740571022033691,2.2405571937561035
2016-02-29,9.903700828552246,2.2931101322174072
2016-03-01,9.895113945007324,2.3101348876953125
2016-03-02,9.744863510131836,2.292369842529297
2016-03-03,9.547390937805176,2.275346040725708
2016-03-04,9.641833305358887,2.301992416381836
2016-03-07,9.628955841064453,2.3012523651123047
2016-03-08,9.487289428710938,2.2886691093444824
2016-03-09,9.534510612487793,2.294590711593628
2016-03-10,9.465825080871582,2.2842280864715576
2016-03-11,9.573147773742676,2.3390023708343506
2016-03-14,9.701933860778809,2.4204232692718506
2016-03-15,9.637540817260742,2.390815496444702
2016-03-16,9.714811325073242,2.4152417182922363
2016-03-17,9.826428413391113,2.400437831878662
2016-03-18,9.676177024841309,2.4122812747955322
2016-03-21,9.783499717712402,2.4233837127685547
2016-03-22,9.826428413391113,2.4056191444396973
2016-03-23,9.774914741516113,2.4204232692718506
2016-03-24,9.907994270324707,2.4663150310516357
2016-03-29,9.66759204864502,2.4322659969329834
2016-03-30,9.993851661682129,2.4367074966430664
2016-03-31,9.959507942199707,2.36860990524292
2016-04-01,9.925165176391602,2.3360414505004883
2016-04-04,9.697641372680664,2.3071742057800293
2016-04-05,9.482995986938477,2.2723848819732666
2016-04-06,9.534510612487793,2.2797868251800537
2016-04-07,9.264060020446777,2.2412970066070557
2016-04-08,9.384261131286621,2.2694244384765625
2016-04-11,9.633247375488281,2.2834877967834473
2016-04-12,9.513046264648438,2.290149450302124
2016-04-13,9.959507942199707,2.4100606441497803
2016-04-14,9.87794303894043,2.390815496444702
2016-04-15,9.79637622833252,2.3774919509887695
2016-04-18,9.680468559265137,2.3538060188293457
2016-04-19,9.616076469421387,2.339742422103882
2016-04-20,9.907994270324707,2.3604674339294434
2016-04-21,9.804964065551758,2.3323402404785156
2016-04-22,9.56456184387207,2.3241987228393555
2016-04-25,9.517338752746582,2.2879292964935303
2016-04-26,9.513046264648438,2.309394359588623
2016-04-27,9.55168342590332,2.321237325668335
2016-04-28,9.55168342590332,2.3167965412139893
2016-04-29,9.487289428710938,2.3056938648223877
2016-05-02,9.624662399291992,2.3493738174438477
2016-05-03,9.588397026062012,2.2791736125946045
2016-05-04,9.601663589477539,2.2331531047821045
2016-05-05,9.694541931152344,2.280733585357666
2016-05-06,9.606086730957031,2.2783937454223633
2016-05-09,9.530900955200195,2.2744932174682617
2016-05-10,9.553013801574707,2.2565531730651855
2016-05-11,9.420333862304688,2.2448532581329346
2016-05-12,9.305344581604004,2.2159931659698486
2016-05-13,9.3849515914917,2.170752763748169
2016-05-16,9.340725898742676,2.176212787628174
2016-05-17,9.287653923034668,2.1528127193450928
2016-05-18,9.185932159423828,2.118492364883423
2016-05-19,9.438024520874023,2.0826122760772705
2016-05-20,9.433600425720215,2.0888524055480957
2016-05-23,9.486676216125488,2.1372125148773193
2016-05-24,9.685694694519043,2.208192825317383
2016-05-25,9.8449125289917,2.254213333129883
2016-05-26,9.946634292602539,2.2620134353637695
2016-05-27,9.734344482421875,2.2768332958221436
2016-05-30,9.774148941040039,2.30725359916687
2016-05-31,9.800684928894043,2.2698135375976562
2016-06-01,9.694541931152344,2.2425131797790527
2016-06-02,9.694541931152344,2.2386131286621094
2016-06-03,9.39822006225586,2.1894729137420654
2016-06-06,9.305344581604004,2.2050726413726807
2016-06-07,9.433600425720215,2.2557733058929443
2016-06-08,9.508788108825684,2.266693353652954
2016-06-09,9.69896411895752,2.324413776397705
2016-06-10,9.327457427978516,2.2440736293792725
2016-06-13,9.013445854187012,2.1122522354125977
2016-06-14,8.845383644104004,2.087292194366455
2016-06-15,8.624249458312988,2.0280117988586426
2016-06-16,8.765775680541992,1.9819915294647217
2016-06-17,9.02229118347168,2.063892126083374
2016-06-20,9.300922393798828,2.1372125148773193
2016-06-21,9.274383544921875,2.1231725215911865
2016-06-22,9.252270698547363,2.0904123783111572
2016-06-23,9.508788108825684,2.167632818222046
2016-06-24,8.933837890625,2.087292194366455
2016-06-27,8.545525550842285,1.9484511613845825
2016-06-28,8.703858375549316,1.979651689529419
2016-06-29,8.845383644104004,1.9936916828155518
2016-06-30,8.757814407348633,1.9609318971633911
2016-07-01,8.916147232055664,2.020212173461914
2016-07-04,8.9913330078125,2.0186519622802734
2016-07-05,8.721548080444336,1.934411644935608
2016-07-06,8.643710136413574,1.888391137123108
2016-07-07,8.713586807250977,1.8922910690307617
2016-07-08,8.902876853942871,1.949231505393982
2016-07-11,9.2124662399292,1.9929118156433105
2016-07-12,9.305344581604004,2.012411594390869
2016-07-13,9.243425369262695,2.020212173461914
2016-07-14,9.243425369262695,2.063112258911133
2016-07-15,9.053250312805176,2.043612003326416
2016-07-18,9.159394264221191,2.074812412261963
2016-07-19,9.323034286499023,2.093532085418701
2016-07-20,9.389374732971191,2.0966522693634033
2016-07-21,9.58397388458252,2.162172794342041
2016-07-22,9.752035140991211,2.20585298538208
2016-07-25,9.897984504699707,2.2035131454467773
2016-07-26,10.039510726928711,2.2183332443237305
2016-07-27,9.982015609741211,2.2300331592559814
2016-07-28,9.880294799804688,2.1863529682159424
2016-07-29,9.933365821838379,2.214432954788208
2016-08-01,9.862603187561035,2.193372964859009
2016-08-02,9.495518684387207,2.159052610397339
2016-08-03,9.659159660339355,2.159832715988159
2016-08-04,9.690117835998535,2.1918129920959473
2016-08-05,9.920098304748535,2.2269132137298584
2016-08-08,9.937788963317871,2.263573169708252
2016-08-09,10.247377395629883,2.2994534969329834
2016-08-10,10.402172088623047,2.310373544692993
2016-08-11,10.636573791503906,2.3197333812713623
2016-08-12,10.663111686706543,2.327533721923828
2016-08-15,10.60561466217041,2.3251936435699463
2016-08-16,10.437552452087402,2.321293830871582
2016-08-17,10.37563419342041,2.3173935413360596
2016-08-18,10.627729415893555,2.332993984222412
2016-08-19,10.548120498657227,2.3088135719299316
2016-08-22,10.419862747192383,2.3166136741638184
2016-08-23,10.441975593566895,2.3166136741638184
2016-08-24,10.393326759338379,2.3251936435699463
2016-08-25,10.402172088623047,2.306473731994629
2016-08-26,10.402172088623047,2.3134937286376953
2016-08-29,10.34467601776123,2.3166136741638184
2016-08-30,10.481781005859375,2.3142735958099365
2016-08-31,10.349098205566406,2.3166136741638184
2016-09-01,10.411017417907715,2.3173935413360596
2016-09-02,10.534852027893066,2.350153684616089
2016-09-05,10.649842262268066,2.3696539402008057
2016-09-06,10.570233345031738,2.3322136402130127
2016-09-07,10.711758613586426,2.3407936096191406
2016-09-08,10.610038757324219,2.3407936096191406
2016-09-09,10.512739181518555,2.301013708114624
2016-09-12,10.526006698608398,2.2128732204437256
2016-09-13,10.220841407775879,2.066232204437256
2016-09-14,10.234108924865723,2.066232204437256
2016-09-15,10.158923149108887,2.02645206451416
2016-09-16,9.79626178741455,2.052192211151123
2016-09-19,10.145654678344727,2.0420517921447754
2016-09-20,10.08373737335205,2.067012071609497
2016-09-21,9.951057434082031,2.0763723850250244
2016-09-22,10.203150749206543,2.089632272720337
2016-09-23,10.145654678344727,2.0677921772003174
2016-09-26,10.061623573303223,2.0654520988464355
2016-09-27,9.968748092651367,2.03737211227417
2016-09-28,10.181036949157715,2.052971839904785
2016-09-29,10.229686737060547,2.0365917682647705
2016-09-30,10.070470809936523,1.996811866760254
2016-10-03,10.017398834228516,2.023332118988037
2016-10-04,10.433131217956543,2.051412343978882
2016-10-05,10.50389289855957,2.049072504043579
2016-10-06,10.35794448852539,2.046732187271118
2016-10-07,10.411017417907715,2.0046117305755615
2016-10-10,10.366789817810059,2.0241119861602783
2016-10-11,10.37121295928955,2.0280117988586426
2016-10-12,10.380056381225586,2.0069515705108643
2016-10-13,10.216418266296387,1.9702916145324707
2016-10-14,10.282758712768555,2.0131919384002686
2016-10-17,10.349098205566406,2.0077314376831055
2016-10-18,10.366789817810059,2.03581166267395
2016-10-19,10.534852027893066,2.061551809310913
2016-10-20,10.437552452087402,2.067012071609497
2016-10-21,10.419862747192383,2.0537519454956055
2016-10-24,10.433131217956543,2.0849521160125732
2016-10-25,10.411017417907715,2.0716922283172607
2016-10-26,10.31813907623291,2.0904123783111572
2016-10-27,10.326985359191895,2.083392381668091
2016-10-28,10.380056381225586,2.098212480545044
2016-10-31,10.366789817810059,2.0826122760772705
2016-11-01,10.189882278442383,2.058432102203369
2016-11-02,10.101428985595703,2.0194318294525146
2016-11-03,10.097005844116211,2.0139718055725098
2016-11-04,10.043932914733887,1.9983717203140259
2016-11-07,10.163345336914062,2.0475122928619385
2016-11-08,10.242955207824707,2.054532289505005
2016-11-09,10.225264549255371,2.046732187271118
2016-11-10,10.309294700622559,2.0537519454956055
2016-11-11,10.42870807647705,2.052192211151123
2016-11-14,10.397748947143555,2.07013201713562
2016-11-15,10.30044937133789,2.0732522010803223
2016-11-16,10.309294700622559,2.063112258911133
2016-11-17,10.326985359191895,2.0740323066711426
2016-11-18,10.526006698608398,2.0943124294281006
2016-11-21,10.486202239990234,2.103672504425049
2016-11-22,10.813481330871582,2.1434526443481445
2016-11-23,10.720605850219727,2.151252508163452
2016-11-24,10.760409355163574,2.226133108139038
2016-11-25,10.946163177490234,2.2822933197021484
2016-11-28,10.685222625732422,2.275273323059082
2016-11-29,10.636573791503906,2.2705934047698975
2016-11-30,10.747140884399414,2.2885334491729736
2016-12-01,10.862130165100098,2.326753854751587
2016-12-02,10.623305320739746,2.2963337898254395
2016-12-05,10.817904472351074,2.2939932346343994
2016-12-06,10.875399589538574,2.338453769683838
2016-12-07,11.260173797607422,2.414114475250244
2016-12-08,11.361896514892578,2.477294921875
2016-12-09,11.45919418334961,2.440634250640869
2016-12-12,11.47246265411377,2.425814151763916
2016-12-13,11.450348854064941,2.442194700241089
2016-12-14,11.432659149169922,2.469494581222534
2016-12-15,11.481307983398438,2.481194496154785
2016-12-16,11.454771041870117,2.5350148677825928
2016-12-19,11.481307983398438,2.503035068511963
2016-12-20,11.454771041870117,2.547494888305664
2016-12-21,11.49899959564209,2.526434898376465
2016-12-22,11.49899959564209,2.509274482727051
2016-12-23,11.720134735107422,2.5194149017333984
2016-12-27,11.80416488647461,2.5490548610687256
2016-12-28,11.698019981384277,2.546715021133423
2016-12-29,11.848392486572266,2.558414936065674
2016-12-30,11.852813720703125,2.546715021133423
2017-01-02,11.936844825744629,2.608335494995117
2017-01-03,12.0297212600708,2.6005356311798096
2017-01-04,11.941268920898438,2.6091156005859375
2017-01-05,11.879351615905762,2.5974152088165283
2017-01-06,11.65821647644043,2.5864953994750977
2017-01-09,11.468039512634277,2.558414936065674
2017-01-10,11.384008407592773,2.5662152767181396
2017-01-11,11.361896514892578,2.5545153617858887
2017-01-12,11.37074089050293,2.5896151065826416
2017-01-13,11.512267112731934,2.6005356311798096
2017-01-16,11.437081336975098,2.5662152767181396
2017-01-17,11.286709785461426,2.5599751472473145
2017-01-18,11.54322624206543,2.5716753005981445
2017-01-19,11.521111488342285,2.564655303955078
2017-01-20,11.512267112731934,2.5740151405334473
2017-01-23,11.36631965637207,2.5459351539611816
2017-01-24,11.36631965637207,2.5724551677703857
2017-01-25,11.286709785461426,2.579475164413452
2017-01-26,11.649369239807129,2.6785359382629395
2017-01-27,11.596297264099121,2.6988158226013184
2017-01-30,11.552072525024414,2.641875743865967
2017-01-31,11.631678581237793,2.627835273742676
2017-02-01,11.476885795593262,2.6761956214904785
2017-02-02,11.485730171203613,2.71207594871521
2017-02-03,11.552072525024414,2.705836057662964
2017-02-06,11.423812866210938,2.6621556282043457
2017-02-07,11.667060852050781,2.700376033782959
2017-02-08,11.565339088439941,2.659815788269043
2017-02-09,11.587453842163086,2.7300162315368652
2017-02-10,11.755515098571777,2.7300162315368652
2017-02-13,11.808587074279785,2.705836057662964
2017-02-14,11.879351615905762,2.7019357681274414
2017-02-15,11.87492847442627,2.7042760848999023
2017-02-16,11.768783569335938,2.7105157375335693
2017-02-17,11.817431449890137,2.703495979309082
2017-02-20,11.777627944946289,2.6910157203674316
2017-02-21,11.852813720703125,2.741716146469116
2017-02-22,11.821855545043945,2.7534162998199463
2017-02-23,11.759937286376953,2.7947564125061035
2017-02-24,11.808587074279785,2.7807164192199707
2017-02-27,11.728979110717773,2.7892963886260986
2017-02-28,12.250858306884766,2.7822763919830322
2017-03-01,12.149134635925293,2.8462367057800293
2017-03-02,12.038567543029785,2.83609676361084
2017-03-03,11.919154167175293,2.8087966442108154
2017-03-06,11.852813720703125,2.784616470336914
2017-03-07,11.857236862182617,2.778376579284668
2017-03-08,11.932422637939453,2.7768161296844482
2017-03-09,11.928000450134277,2.776036262512207
2017-03-10,11.86166000366211,2.779156446456909
2017-03-13,11.852813720703125,2.786956548690796
2017-03-14,11.724556922912598,2.784616470336914
2017-03-15,11.795319557189941,2.7713561058044434
2017-03-16,11.879351615905762,2.7861764430999756
2017-03-17,11.826277732849121,2.808016300201416
2017-03-20,11.936844825744629,2.8228366374969482
2017-03-21,11.857236862182617,2.804116725921631
2017-03-22,11.857236862182617,2.808016300201416
2017-03-23,11.888195037841797,2.78149676322937
2017-03-24,12.069527626037598,2.798656463623047
2017-03-27,11.976649284362793,2.7690162658691406
2017-03-28,12.047412872314453,2.8087966442108154
2017-03-29,12.197785377502441,2.8867969512939453
2017-03-30,12.46314525604248,2.9016172885894775
2017-03-31,12.64889907836914,2.937497138977051
2017-04-03,12.538331985473633,2.9187774658203125
2017-04-04,12.657745361328125,2.9538776874542236
2017-04-05,12.923104286193848,2.9507575035095215
2017-04-06,12.88330078125,2.9663572311401367
2017-04-07,12.85234260559082,2.9507575035095215
2017-04-10,12.834651947021484,2.9601173400878906
2017-04-11,12.825806617736816,2.9601173400878906
2017-04-12,12.825806617736816,2.9484174251556396
2017-04-13,12.781579971313477,2.946077346801758
2017-04-18,12.728507995605469,2.8930373191833496
2017-04-19,12.59140396118164,2.8844568729400635
2017-04-20,12.73735237121582,2.8984973430633545
2017-04-21,12.693126678466797,2.8758769035339355
2017-04-24,12.7771577835083,2.9398372173309326
2017-04-25,12.706392288208008,2.960897445678711
2017-04-26,12.520641326904297,2.999117612838745
2017-04-27,12.693126678466797,2.9796175956726074
2017-04-28,12.73735237121582,3.0310981273651123
2017-05-02,12.799270629882812,3.096618413925171
2017-05-03,12.88330078125,3.108318328857422
2017-05-04,12.88330078125,3.1075382232666016
2017-05-05,12.90983772277832,3.0810182094573975
2017-05-08,12.98060131072998,3.112218141555786
2017-05-09,13.268074989318848,3.1340584754943848
2017-05-10,13.533437728881836,3.1067583560943604
2017-05-11,13.52901554107666,3.096618413925171
2017-05-12,13.63515853881836,3.117678642272949
2017-05-15,13.962438583374023,3.155118703842163
2017-05-16,13.798799514770508,3.1449787616729736
2017-05-17,13.812065124511719,3.065418243408203
2017-05-18,13.688231468200684,3.0084779262542725
2017-05-19,14.148191452026367,3.0693180561065674
2017-05-22,14.165881156921387,3.0810182094573975
2017-05-23,14.2543363571167,3.120018482208252
2017-05-24,14.400284767150879,3.116898536682129
2017-05-25,14.519698143005371,3.1301581859588623
2017-05-26,14.444512367248535,3.116898536682129
2017-05-29,14.453356742858887,3.148879051208496
2017-05-30,14.625843048095703,3.1371781826019287
2017-05-31,14.656801223754883,3.143418788909912
2017-06-01,14.771791458129883,3.1761789321899414
2017-06-02,14.908895492553711,3.2913856506347656
2017-06-05,14.927069664001465,3.2657103538513184
2017-06-06,15.372384071350098,3.307121992111206
2017-06-07,15.176990509033203,3.329484224319458
2017-06-08,15.167901039123535,3.2607412338256836
2017-06-09,15.34057331085205,3.2831032276153564
2017-06-12,15.167901039123535,3.2209861278533936
2017-06-13,15.35875129699707,3.307950258255005
2017-06-14,15.399646759033203,3.2996678352355957
2017-06-15,15.526878356933594,3.2334096431732178
2017-06-16,15.47235107421875,3.2300965785980225
2017-06-19,15.767711639404297,3.3129196166992188
2017-06-20,15.649567604064941,3.315404176712036
2017-06-21,15.776801109313965,3.2913856506347656
2017-06-22,15.535966873168945,3.2731642723083496
2017-06-23,15.454174995422363,3.2565996646881104
2017-06-26,15.649567604064941,3.267366886138916
2017-06-27,15.408735275268555,3.235894203186035
2017-06-28,15.363295555114746,3.1953108310699463
2017-06-29,15.413278579711914,3.11248779296875
2017-06-30,15.426911354064941,3.1315371990203857
2017-07-03,15.604126930236816,3.1563093662261963
2017-07-04,15.426911354064941,3.1546008586883545
2017-07-05,15.449631690979004,3.200728178024292
2017-07-06,15.254239082336426,3.206707715988159
2017-07-07,15.431455612182617,3.1853528022766113
2017-07-10,15.495071411132812,3.1844983100891113
2017-07-11,15.35875129699707,3.1768105030059814
2017-07-12,15.326944351196289,3.186206817626953
2017-07-13,15.435999870300293,3.195603132247925
2017-07-14,15.631393432617188,3.208416223526001
2017-07-17,15.640478134155273,3.2348968982696533
2017-07-18,15.695006370544434,3.194748878479004
2017-07-19,15.858592987060547,3.187060832977295
2017-07-20,15.626847267150879,3.2203750610351562
2017-07-21,15.47235107421875,3.2041451930999756
2017-07-24,15.304224014282227,3.163997173309326
2017-07-25,15.26786994934082,3.15887188911438
2017-07-26,15.440542221069336,3.138370990753174
2017-07-27,15.440542221069336,3.186206817626953
2017-07-28,15.07702350616455,3.0922434329986572
2017-07-31,14.908895492553711,3.109328031539917
2017-08-01,14.777119636535645,3.114452838897705
2017-08-02,14.80892562866211,3.0888266563415527
2017-08-03,14.763486862182617,3.0401365756988525
2017-08-04,14.995230674743652,3.1178698539733887
2017-08-07,15.067934036254883,3.166559934616089
2017-08-08,15.090654373168945,3.1605803966522217
2017-08-09,14.958878517150879,3.152892589569092
2017-08-10,14.913437843322754,3.129828929901123
2017-08-11,14.677149772644043,3.1059107780456543
2017-08-14,14.681694030761719,3.1195783615112305
2017-08-15,14.586268424987793,3.0828471183776855
2017-08-16,14.459036827087402,3.1554553508758545
2017-08-17,14.631709098815918,3.166559934616089
2017-08-18,14.490846633911133,3.1178698539733887
2017-08-21,14.349981307983398,3.123849391937256
2017-08-22,14.377243995666504,3.1417877674102783
2017-08-23,14.25001335144043,3.152892589569092
2017-08-24,14.19548511505127,3.1187241077423096
2017-08-25,14.050076484680176,3.114452838897705
2017-08-28,13.859228134155273,3.0913894176483154
2017-08-29,13.645660400390625,3.0324487686157227
2017-08-30,13.800156593322754,3.058929443359375
2017-08-31,13.791068077087402,3.0623462200164795
2017-09-01,13.972826957702637,3.094805955886841
2017-09-04,13.959196090698242,3.08626389503479
2017-09-05,13.804698944091797,3.0418450832366943
2017-09-06,13.827420234680176,3.10249400138855
2017-09-07,13.722908020019531,3.064908742904663
2017-09-08,13.577498435974121,3.046116352081299
2017-09-11,13.859228134155273,3.122140884399414
2017-09-12,13.736538887023926,3.1417877674102783
2017-09-13,13.71381950378418,3.1853528022766113
2017-09-14,13.736538887023926,3.1904776096343994
2017-09-15,13.695643424987793,3.236605167388916
2017-09-18,14.081884384155273,3.3826754093170166
2017-09-19,14.031900405883789,3.3912174701690674
2017-09-20,14.013724327087402,3.4202606678009033
2017-09-21,14.00463581085205,3.457845687866211
2017-09-22,13.909212112426758,3.431365489959717
2017-09-25,13.84105110168457,3.5039732456207275
2017-09-26,13.954651832580566,3.4604084491729736
2017-09-27,14.031900405883789,3.4475951194763184
2017-09-28,14.395421028137207,3.4962854385375977
2017-09-29,14.731677055358887,3.522765874862671
2017-10-02,14.595355987548828,3.5313076972961426
2017-10-03,14.913437843322754,3.6056244373321533
2017-10-04,14.563549041748047,3.626979351043701
2017-10-05,14.904349327087402,3.664564847946167
2017-10-06,14.61807632446289,3.635521650314331
2017-10-09,14.813467979431152,3.6901915073394775
2017-10-10,15.286046028137207,3.707275390625
2017-10-11,15.258784294128418,3.6748156547546387
2017-10-12,15.72681713104248,3.7346105575561523
2017-10-13,15.458720207214355,3.693608045578003
2017-10-16,15.190621376037598,3.705566644668579
2017-10-17,15.481440544128418,3.707275390625
2017-10-18,15.535966873168945,3.69873309135437
2017-10-19,15.549600601196289,3.692753791809082
2017-10-20,15.517791748046875,3.7047128677368164
2017-10-23,15.5132474899292,3.714109182357788
2017-10-24,15.367837905883789,3.702150344848633
2017-10-25,15.286046028137207,3.6620023250579834
2017-10-26,15.331486701965332,3.7534029483795166
2017-10-27,15.47235107421875,3.7474234104156494
2017-10-30,15.649567604064941,3.7252140045166016
2017-10-31,15.59958553314209,3.7405896186828613
2017-11-01,15.590496063232422,3.8268649578094482
2017-11-02,15.77225399017334,3.8593251705169678
2017-11-03,15.58595085144043,3.8524913787841797
2017-11-06,15.108831405639648,3.7422983646392822
2017-11-07,14.986141204833984,3.721797227859497
2017-11-08,15.136096000671387,3.6884827613830566
2017-11-09,14.886173248291016,3.5979361534118652
2017-11-10,14.61807632446289,3.57828950881958
2017-11-13,14.299996376037598,3.538141965866089
2017-11-14,14.259099960327148,3.512515068054199
2017-11-15,14.295453071594238,3.4749298095703125
2017-11-16,14.277276992797852,3.523620128631592
2017-11-17,14.063708305358887,3.494576930999756
2017-11-20,14.345436096191406,3.566330671310425
2017-11-21,14.313629150390625,3.5492465496063232
2017-11-22,14.245468139648438,3.5321621894836426
2017-11-23,14.168220520019531,3.52959942817688
2017-11-24,14.081884384155273,3.5022644996643066
2017-11-27,14.749853134155273,3.556934118270874
2017-11-28,15.331486701965332,3.5962278842926025
2017-11-29,15.3814697265625,3.600499391555786
2017-11-30,15.386014938354492,3.572310209274292
2017-12-01,15.39510440826416,3.5620596408843994
2017-12-04,15.408735275268555,3.5885400772094727
2017-12-05,15.454174995422363,3.606478452682495
2017-12-06,15.508702278137207,3.606478452682495
2017-12-07,15.449631690979004,3.644918203353882
2017-12-08,15.59958553314209,3.6303963661193848
2017-12-11,15.567774772644043,3.65004301071167
2017-12-12,15.826786041259766,3.6380841732025146
2017-12-13,15.781343460083008,3.6893367767333984
2017-12-14,16.10851287841797,3.69873309135437
2017-12-15,16.13123321533203,3.702150344848633
2017-12-18,16.54473876953125,3.7730493545532227
2017-12-19,16.3129940032959,3.7619447708129883
2017-12-20,16.358434677124023,3.723505735397339
2017-12-21,16.276639938354492,3.7183799743652344
2017-12-22,16.258464813232422,3.69873309135437
2017-12-27,16.10851287841797,3.6722524166107178
2017-12-28,16.099424362182617,3.6440634727478027
2017-12-29,16.172128677368164,3.6321048736572266
2018-01-02,16.231201171875,3.729484796524048
2018-01-03,16.231201171875,3.794404983520508
2018-01-04,16.485666275024414,3.835407018661499
2018-01-05,16.412960052490234,3.8200314044952393
2018-01-08,16.721954345703125,3.8627419471740723
2018-01-09,16.958242416381836,3.9122860431671143
2018-01-10,17.140003204345703,3.9174110889434814
2018-01-11,17.030946731567383,3.8969099521636963
2018-01-12,16.940065383911133,3.8917853832244873
2018-01-15,16.921890258789062,3.920828342437744
2018-01-16,16.940065383911133,3.9242448806762695
2018-01-17,16.88553810119629,3.886659622192383
2018-01-18,16.812833786010742,3.934495210647583
2018-01-19,16.86736297607422,3.9737889766693115
2018-01-22,17.01276969909668,3.977206230163574
2018-01-23,17.140003204345703,3.963538646697998
2018-01-24,17.121826171875,3.905452251434326
2018-01-25,16.940065383911133,3.878117799758911
2018-01-26,16.88553810119629,3.8815345764160156
2018-01-29,16.812833786010742,3.8798258304595947
2018-01-30,16.685604095458984,3.8798258304595947
2018-01-31,16.703779220581055,3.8627419471740723
2018-02-01,16.649248123168945,3.792696237564087
2018-02-02,16.485666275024414,3.7124011516571045
2018-02-05,16.176673889160156,3.601353406906128
2018-02-06,15.922208786010742,3.6030616760253906
2018-02-07,16.358434677124023,3.6167290210723877
2018-02-08,15.994914054870605,3.5313076972961426
2018-02-09,15.940385818481445,3.4339280128479004
2018-02-12,16.26755142211914,3.492013931274414
2018-02-13,16.158498764038086,3.515932321548462
2018-02-14,16.394784927368164,3.538141965866089
2018-02-15,16.358434677124023,3.5962278842926025
2018-02-16,16.358434677124023,3.6184375286102295
2018-02-19,16.467491149902344,3.6252710819244385
2018-02-20,16.921890258789062,3.77219557762146
2018-02-21,17.06730079650879,3.8541996479034424
2018-02-22,17.01276969909668,3.855908155441284
2018-02-23,17.24905776977539,3.7756123542785645
2018-02-26,17.903396606445312,3.8234479427337646
2018-02-27,17.703458786010742,3.8166146278381348
2018-02-28,17.4853458404541,3.8046553134918213
2018-03-01,17.140003204345703,3.7397353649139404
2018-03-02,16.685604095458984,3.671398401260376
2018-03-05,16.594722747802734,3.702150344848633
2018-03-06,16.976417541503906,3.784154176712036
2018-03-07,17.19453239440918,3.8097805976867676
2018-03-08,17.35811424255371,3.893493413925171
2018-03-09,17.53987693786621,3.8473663330078125
2018-03-12,17.46717071533203,3.864450454711914
2018-03-13,17.339941024780273,3.9191198348999023
2018-03-14,17.339941024780273,3.9259533882141113
2018-03-15,17.46717071533203,3.9157025814056396
2018-03-16,17.594404220581055,3.978914260864258
2018-03-19,17.55805015563965,4.043834209442139
2018-03-20,17.503524780273438,4.072877883911133
2018-03-21,17.44899559020996,4.119004726409912
2018-03-22,17.24905776977539,4.086545467376709
2018-03-23,17.267234802246094,4.048959732055664
2018-03-26,16.831010818481445,4.0318756103515625
2018-03-27,17.01276969909668,4.13438081741333
2018-03-28,16.5765438079834,4.074585914611816
2018-03-29,16.831010818481445,4.089962005615234
2018-04-03,16.721954345703125,4.062626838684082
2018-04-04,17.230884552001953,4.030167102813721
2018-04-05,17.21270751953125,4.088253498077393
2018-04-06,17.19453239440918,4.0387091636657715
2018-04-09,16.976417541503906,4.0318756103515625
2018-04-10,17.030946731567383,4.014791011810303
2018-04-11,16.66742706298828,4.00624942779541
2018-04-12,17.01276969909668,4.01991605758667
2018-04-13,17.085472106933594,4.040417194366455
2018-04-16,16.86736297607422,3.997706890106201
2018-04-17,17.01276969909668,4.035292148590088
2018-04-18,16.940065383911133,4.069460868835449
2018-04-19,16.921890258789062,4.091670513153076
2018-04-20,16.7583065032959,4.074585914611816
2018-04-23,16.631072998046875,4.089962005615234
2018-04-24,16.812833786010742,4.1463398933410645
2018-04-25,16.721954345703125,4.1172966957092285
2018-04-26,16.540193557739258,4.1241302490234375
2018-04-27,16.86736297607422,4.168549060821533
2018-04-30,16.849185943603516,4.13438081741333
2018-05-02,16.812833786010742,4.171966075897217
2018-05-03,16.849185943603516,4.168549060821533
2018-05-04,16.812833786010742,4.139505863189697
2018-05-07,17.394466400146484,4.253970623016357
2018-05-08,17.43082046508789,4.216385364532471
2018-05-09,17.339941024780273,4.2249274253845215
2018-05-10,17.376291275024414,4.233469009399414
2018-05-11,17.394466400146484,4.245428085327148
2018-05-14,17.24905776977539,4.253970623016357
2018-05-15,17.848867416381836,4.476064682006836
2018-05-16,18.67587661743164,4.591383457183838
2018-05-17,18.903078079223633,4.625552177429199
2018-05-18,19.00743293762207,4.557215213775635
2018-05-21,18.960845947265625,4.625552177429199
2018-05-22,19.799409866333008,4.638365268707275
2018-05-23,20.078929901123047,4.587112903594971
2018-05-24,20.172103881835938,4.56148624420166
2018-05-25,19.8925838470459,4.57857084274292
2018-05-28,20.0323429107666,4.544402122497559
2018-05-29,19.659648895263672,4.463252067565918
2018-05-30,20.172103881835938,4.5102338790893555
2018-05-31,20.078929901123047,4.56148624420166
2018-06-01,20.35845375061035,4.651178359985352
2018-06-04,20.498212814331055,4.753683567047119
2018-06-05,20.73114776611328,4.7793097496032715
2018-06-06,21.1970157623291,4.817749500274658
2018-06-07,21.523122787475586,4.8647308349609375
2018-06-08,21.988990783691406,5.039844512939453
2018-06-11,21.895816802978516,5.0740132331848145
2018-06-12,22.315101623535156,5.0654706954956055
2018-06-13,22.548032760620117,5.112452507019043
2018-06-14,22.175338745117188,4.971508026123047
2018-06-15,21.802644729614258,4.858405113220215
2018-06-18,22.147476196289062,4.795599937438965
2018-06-19,21.71881675720215,4.768683910369873
2018-06-20,21.242525100708008,4.638587951660156
2018-06-21,20.95675277709961,4.419668197631836
2018-06-22,21.575929641723633,4.656532287597656
2018-06-25,21.76644515991211,4.575782775878906
2018-06-26,21.623559951782227,4.638587951660156
2018-06-27,21.81407356262207,4.647560119628906
2018-06-28,21.71881675720215,4.6071858406066895
2018-06-29,21.861703872680664,4.575782775878906
2018-07-02,21.861703872680664,4.5354084968566895
2018-07-03,21.671188354492188,4.4860615730285645
2018-07-04,21.14727020263672,4.4591450691223145
2018-07-05,21.480670928955078,4.469912052154541
2018-07-06,21.956960678100586,4.508492469787598
2018-07-09,21.909334182739258,4.5488667488098145
2018-07-10,21.71881675720215,4.575782775878906
2018-07-11,21.71881675720215,4.5578389167785645
2018-07-12,21.76644515991211,4.6026997566223145
2018-07-13,21.76644515991211,4.5533528327941895
2018-07-16,21.575929641723633,4.5668110847473145
2018-07-17,21.433042526245117,4.5578389167785645
2018-07-18,21.433042526245117,4.5623250007629395
2018-07-19,21.00438117980957,4.5623250007629395
2018-07-20,20.575721740722656,4.490548133850098
2018-07-23,20.147058486938477,4.475295543670654
2018-07-24,19.527883529663086,4.444789886474609
2018-07-25,19.766027450561523,4.499520301818848
2018-07-26,19.575511932373047,4.457351207733154
2018-07-27,19.718400955200195,4.421462535858154
2018-07-30,19.480255126953125,4.453762531280518
2018-07-31,19.146852493286133,4.381985187530518
2018-08-01,19.38499641418457,4.408901691436768
2018-08-02,19.33736801147461,4.365835666656494
2018-08-03,19.33736801147461,4.399929046630859
2018-08-06,19.62314224243164,4.484267711639404
2018-08-07,19.43262481689453,4.473501205444336
2018-08-08,19.19447898864746,4.512978553771973
2018-08-09,19.09922218322754,4.526436805725098
2018-08-10,18.803922653198242,4.475295543670654
2018-08-13,17.927549362182617,4.128971576690674
2018-08-14,17.565568923950195,4.033866882324219
2018-08-15,17.184537887573242,3.854424476623535
2018-08-16,17.432207107543945,4.015922546386719
2018-08-17,17.54651641845703,3.9046685695648193
2018-08-20,17.432207107543945,3.9154345989227295
2018-08-21,17.64177703857422,3.9800338745117188
2018-08-22,17.279794692993164,3.9800338745117188
2018-08-23,17.089279174804688,3.9656789302825928
2018-08-24,17.070228576660156,3.976445436477661
2018-08-27,17.45125961303711,3.9692673683166504
2018-08-28,17.584619522094727,3.9818286895751953
2018-08-29,17.565568923950195,3.9423513412475586
2018-08-30,17.356000900268555,3.884929656982422
2018-08-31,16.955917358398438,3.8616020679473877
2018-09-03,16.574886322021484,3.8562188148498535
2018-09-04,16.670143127441406,3.7790584564208984
2018-09-05,16.860660552978516,3.7431700229644775
2018-09-06,16.74635124206543,3.7018980979919434
2018-09-07,16.517732620239258,3.6606266498565674
2018-09-10,16.670143127441406,3.7072815895080566
2018-09-11,16.784456253051758,3.709075927734375
2018-09-12,17.070228576660156,3.845452070236206
2018-09-13,17.089279174804688,3.831096887588501
2018-09-14,16.68919563293457,3.8185360431671143
2018-09-17,16.803504943847656,3.8059751987457275
2018-09-18,16.74635124206543,3.866985321044922
2018-09-19,16.879711151123047,3.9118459224700928
2018-09-20,16.651092529296875,3.926201343536377
2018-09-21,16.289112091064453,3.8741631507873535
2018-09-24,16.498680114746094,3.8203301429748535
2018-09-25,16.422473907470703,3.753936529159546
2018-09-26,16.289112091064453,3.744964122772217
2018-09-27,16.4605770111084,3.8472466468811035
2018-09-28,16.308164596557617,3.7844417095184326
2018-10-01,16.441524505615234,3.87595796585083
2018-10-02,16.708248138427734,3.949528932571411
2018-10-03,16.784456253051758,3.8831353187561035
2018-10-04,16.612991333007812,3.8562188148498535
2018-10-05,16.32721519470215,3.786236047744751
2018-10-08,16.022390365600586,3.7054872512817383
2018-10-09,16.04144287109375,3.768291711807251
2018-10-10,15.298428535461426,3.4991283416748047
2018-10-11,16.23196029663086,3.73240327835083
2018-10-12,16.04144287109375,3.6785707473754883
2018-10-15,16.022390365600586,3.673187494277954
2018-10-16,16.27005958557129,3.768291711807251
2018-10-17,15.9080810546875,3.7844417095184326
2018-10-18,15.736616134643555,3.813152551651001
2018-10-19,15.71756362915039,3.6803653240203857
2018-10-22,15.622306823730469,3.7162539958953857
2018-10-23,15.146016120910645,3.6355044841766357
2018-10-24,14.974553108215332,3.6265320777893066
2018-10-25,15.565152168273926,3.798797369003296
2018-10-26,15.5079984664917,3.7880308628082275
2018-10-29,15.679461479187012,3.8831353187561035
2018-10-30,15.984288215637207,3.9477345943450928
2018-10-31,16.079544067382812,3.9477345943450928
2018-11-01,15.71756362915039,3.77726411819458
2018-11-02,15.203171730041504,3.741375684738159
2018-11-05,15.203171730041504,3.6983096599578857
2018-11-06,15.031706809997559,3.723431348800659
2018-11-07,15.10791301727295,3.7162539958953857
2018-11-08,15.050759315490723,3.7018980979919434
2018-11-09,14.898346900939941,3.691131591796875
2018-11-12,14.61257266998291,3.619354724884033
2018-11-13,14.422057151794434,3.6157660484313965
2018-11-14,14.345850944519043,3.590643882751465
2018-11-15,14.09817886352539,3.5439889430999756
2018-11-16,14.269643783569336,3.5116894245147705
2018-11-19,14.060076713562012,3.5152781009674072
2018-11-20,13.812405586242676,3.4345290660858154
2018-11-21,13.659992218017578,3.4435012340545654
2018-11-22,13.48852825164795,3.3842852115631104
2018-11-23,13.431374549865723,3.269442081451416
2018-11-26,13.545682907104492,3.319685697555542
2018-11-27,13.202754020690918,3.233553647994995
2018-11-28,13.526631355285645,3.3806960582733154
2018-11-29,13.450425148010254,3.391462802886963
2018-11-30,13.298011779785156,3.323274612426758
2018-12-03,13.6218900680542,3.4488844871520996
2018-12-04,13.164650917053223,3.3214802742004395
2018-12-05,13.412322044372559,3.3214802742004395
2018-12-06,13.10749626159668,3.319685697555542
2018-12-07,12.955083847045898,3.2407310009002686
2018-12-10,12.307329177856445,3.1725430488586426
2018-12-11,12.421639442443848,3.1725430488586426
2018-12-12,12.897929191589355,3.210225820541382
2018-12-13,12.688361167907715,3.170748472213745
2018-12-14,12.421639442443848,3.151010036468506
2018-12-17,12.173967361450195,3.0720553398132324
2018-12-18,12.059659004211426,3.1366546154022217
2018-12-19,12.212071418762207,3.12947678565979
2018-12-20,12.15491771697998,3.0989716053009033
2018-12-21,12.15491771697998,3.1635708808898926
2018-12-24,12.116813659667969,3.1635708808898926
2018-12-27,12.345433235168457,3.1133270263671875
2018-12-28,12.15491771697998,3.1815152168273926
2018-12-31,12.47879409790039,3.2299644947052
2019-01-02,12.326380729675293,3.2640585899353027
2019-01-03,12.15491771697998,3.215609312057495
2019-01-04,12.764567375183105,3.364546537399292
2019-01-07,13.012238502502441,3.3860795497894287
2019-01-08,13.317063331604004,3.3950514793395996
2019-01-09,13.659992218017578,3.3842852115631104
2019-01-10,13.64094066619873,3.4165847301483154
2019-01-11,13.77430248260498,3.474006414413452
2019-01-14,13.888611793518066,3.4937450885772705
2019-01-15,13.90766429901123,3.5529611110687256
2019-01-16,13.926714897155762,3.5583443641662598
2019-01-17,14.155333518981934,3.7018980979919434
2019-01-18,14.40300464630127,3.723431348800659
2019-01-21,14.53636646270752,3.696514844894409
2019-01-22,14.441107749938965,3.709075927734375
2019-01-23,14.40300464630127,3.73240327835083
2019-01-24,14.383953094482422,3.7198424339294434
2019-01-25,14.498263359069824,3.804180383682251
2019-01-28,14.193436622619629,3.718048334121704
2019-01-29,14.155333518981934,3.7664976119995117
2019-01-30,14.288695335388184,3.854424476623535
2019-01-31,14.53636646270752,3.834685802459717
2019-02-01,14.364901542663574,3.8418633937835693
2019-02-04,14.174386024475098,3.7736752033233643
2019-02-05,14.40300464630127,3.825713634490967
2019-02-06,14.517313957214355,3.872368335723877
2019-02-07,14.212489128112793,3.8113582134246826
2019-02-08,14.269643783569336,3.757525682449341
2019-02-11,14.231539726257324,3.7521424293518066
2019-02-12,14.593520164489746,3.816741704940796
2019-02-13,14.364901542663574,3.723431348800659
2019-02-14,14.364901542663574,3.741375684738159
2019-02-15,14.574468612670898,3.7880308628082275
2019-02-18,14.6887788772583,3.7916195392608643
2019-02-19,14.898346900939941,3.8777520656585693
2019-02-20,15.012655258178711,3.9638848304748535
2019-02-21,14.841191291809082,3.9459400177001953
2019-02-22,14.707830429077148,3.935173511505127
2019-02-25,14.631624221801758,3.9333789348602295
2019-02-26,14.650674819946289,3.9477345943450928
2019-02-27,14.707830429077148,3.9118459224700928
2019-02-28,14.61257266998291,3.866985321044922
2019-03-01,14.593520164489746,3.87595796585083
2019-03-04,14.803088188171387,3.9549121856689453
2019-03-05,14.784036636352539,3.976445436477661
2019-03-06,14.841191291809082,3.9925949573516846
2019-03-07,14.345850944519043,3.9244072437286377
2019-03-08,14.193436622619629,3.8562188148498535
2019-03-11,14.345850944519043,3.8831353187561035
2019-03-12,14.231539726257324,3.8203301429748535
2019-03-13,14.288695335388184,3.831096887588501
2019-03-14,14.383953094482422,3.8885185718536377
2019-03-15,14.288695335388184,3.854424476623535
2019-03-18,14.345850944519043,3.845452070236206
2019-03-19,14.47921085357666,3.866985321044922
2019-03-20,14.269643783569336,3.82212495803833
2019-03-21,14.212489128112793,3.7934141159057617
2019-03-22,13.983870506286621,3.6534488201141357
2019-03-25,13.850508689880371,3.6337103843688965
2019-03-26,13.69809627532959,3.6067938804626465
2019-03-27,13.793353080749512,3.6121771335601807
2019-03-28,13.736198425292969,3.6247379779815674
2019-03-29,13.831457138061523,3.6606266498565674
2019-04-01,13.983870506286621,3.730609178543091
2019-04-02,13.888611793518066,3.735992193222046
2019-04-03,13.983870506286621,3.762908458709717
2019-04-04,13.888611793518066,3.75034761428833
2019-04-05,13.850508689880371,3.73240327835083
2019-04-08,13.964818000793457,3.730609178543091
2019-04-09,13.850508689880371,3.700103998184204
2019-04-10,13.94576644897461,3.718048334121704
2019-04-11,13.90766429901123,3.748553514480591
2019-04-12,14.136282920837402,3.804180383682251
2019-04-15,14.326798439025879,3.850835084915161
2019-04-16,14.498263359069824,3.8616020679473877
2019-04-17,14.288695335388184,3.7700865268707275
2019-04-18,14.345850944519043,3.832973003387451
2019-04-23,14.40300464630127,3.836817502975464
2019-04-24,14.441107749938965,3.758005142211914
2019-04-25,14.492372512817383,3.786839008331299
2019-04-26,14.650113105773926,3.811828374862671
2019-04-29,14.433220863342285,3.8137505054473877
2019-04-30,14.41350269317627,3.786839008331299
2019-05-02,14.354351043701172,3.759927272796631
2019-05-03,14.275480270385742,3.6868817806243896
2019-05-06,14.17689323425293,3.619602918624878
2019-05-07,13.88113021850586,3.5638575553894043
2019-05-08,13.545931816101074,3.5004231929779053
2019-05-09,13.17129898071289,3.4619781970977783
2019-05-10,13.289604187011719,3.4196887016296387
2019-05-13,12.914972305297852,3.313964605331421
2019-05-14,12.914972305297852,3.323575735092163
2019-05-15,12.855819702148438,3.3216536045074463
2019-05-16,12.993842124938965,3.3716320991516113
2019-05-17,13.052994728088379,3.3850879669189453
2019-05-20,12.717796325683594,3.2562971115112305
2019-05-21,12.796666145324707,3.288975238800049
2019-05-22,12.875536918640137,3.2716751098632812
2019-05-23,12.619209289550781,3.219774007797241
2019-05-24,12.658644676208496,3.219774007797241
2019-05-27,12.560056686401367,3.2274632453918457
2019-05-28,12.540339469909668,3.1794068813323975
2019-05-29,12.402316093444824,3.0871386528015137
2019-05-30,12.343164443969727,3.0909833908081055
2019-05-31,12.264293670654297,3.0756051540374756
2019-06-03,12.047401428222656,3.0390822887420654
2019-06-04,12.303729057312012,3.1044390201568604
2019-06-05,12.185423851013184,3.0621495246887207
2019-06-06,11.968531608581543,3.081372022628784
2019-06-07,12.02768325805664,3.0756051540374756
2019-06-10,12.10655403137207,3.0871386528015137
2019-06-11,12.343164443969727,3.1697957515716553
2019-06-12,12.165706634521484,3.146728515625
2019-06-13,12.264293670654297,3.1909403800964355
2019-06-14,12.02768325805664,3.133272886276245
2019-06-17,11.7910737991333,3.083294153213501
2019-06-18,11.830509185791016,3.1178946495056152
2019-06-19,11.850226402282715,3.110205888748169
2019-06-20,11.869943618774414,3.1159725189208984
2019-06-21,12.362881660461426,3.123661518096924
2019-06-24,12.145988464355469,3.1063613891601562
2019-06-25,11.948813438415527,3.1255838871002197
2019-06-26,12.165706634521484,3.185173511505127
2019-06-27,12.12627124786377,3.2178518772125244
2019-06-28,12.185423851013184,3.2274632453918457
2019-07-01,12.382599830627441,3.27744197845459
2019-07-02,12.343164443969727,3.2793638706207275
2019-07-03,12.461469650268555,3.2389965057373047
2019-07-04,12.461469650268555,3.235152244567871
2019-07-05,12.520621299743652,3.210162878036499
2019-07-08,12.619209289550781,3.2082407474517822
2019-07-09,12.520621299743652,3.0890610218048096
2019-07-10,12.382599830627441,3.0871386528015137
2019-07-11,12.067118644714355,3.0756051540374756
2019-07-12,12.145988464355469,3.0794496536254883
2019-07-15,12.185423851013184,3.1121280193328857
2019-07-16,12.244576454162598,3.1140503883361816
2019-07-17,12.086836814880371,3.069838523864746
2019-07-18,12.02768325805664,3.0390822887420654
2019-07-19,12.067118644714355,3.0506160259246826
2019-07-22,12.244576454162598,3.0756051540374756
2019-07-23,12.343164443969727,3.146728515625
2019-07-24,12.42203426361084,3.148650884628296
2019-07-25,12.323446273803711,3.1140503883361816
2019-07-26,12.303729057312012,3.1005945205688477
2019-07-29,12.086836814880371,3.033315420150757
2019-07-30,11.948813438415527,2.966036796569824
2019-07-31,11.810791015625,2.929513931274414
2019-08-01,11.7910737991333,2.889146566390991
2019-08-02,11.731921195983887,2.7853450775146484
2019-08-05,11.731921195983887,2.727677345275879
2019-08-06,11.731921195983887,2.7103769779205322
2019-08-07,11.633334159851074,2.714221477508545
2019-08-08,11.810791015625,2.775733709335327
2019-08-09,11.49531078338623,2.748821973800659
2019-08-12,11.298135757446289,2.727677345275879
2019-08-13,11.515028953552246,2.7988007068634033
2019-08-14,11.436159133911133,2.7603557109832764
2019-08-15,11.298135757446289,2.741133213043213
2019-08-16,11.534746170043945,2.81610107421875
2019-08-19,11.869943618774414,2.8718461990356445
2019-08-20,11.810791015625,2.831479072570801
2019-08-21,11.830509185791016,2.892991065979004
2019-08-22,11.948813438415527,2.902602434158325
2019-08-23,11.751638412475586,2.8718461990356445
2019-08-26,11.830509185791016,2.9102914333343506
2019-08-27,11.988248825073242,2.9141359329223633
2019-08-28,11.830509185791016,2.8756909370422363
2019-08-29,11.88966178894043,2.9122135639190674
2019-08-30,11.88966178894043,2.9525809288024902
2019-09-02,11.88966178894043,2.942969799041748
2019-09-03,11.731921195983887,2.9122135639190674
2019-09-04,11.850226402282715,2.9641146659851074
2019-09-05,11.810791015625,2.981414794921875
2019-09-06,11.731921195983887,3.0025596618652344
2019-09-09,12.047401428222656,3.0371601581573486
2019-09-10,11.988248825073242,3.1121280193328857
2019-09-11,12.185423851013184,3.160184383392334
2019-09-12,12.10655403137207,3.1121280193328857
2019-09-13,12.303729057312012,3.162106513977051
2019-09-16,12.540339469909668,3.1774845123291016
2019-09-17,12.264293670654297,3.1409616470336914
2019-09-18,12.12627124786377,3.0775272846221924
2019-09-19,12.145988464355469,3.108283519744873
2019-09-20,11.929096221923828,3.083294153213501
2019-09-23,11.751638412475586,3.0986721515655518
2019-09-24,11.731921195983887,3.058304786682129
2019-09-25,11.574180603027344,3.0371601581573486
2019-09-26,11.396723747253418,3.031393527984619
2019-09-27,11.416440963745117,3.0909833908081055
2019-09-30,11.534746170043945,3.1544177532196045
2019-10-01,11.436159133911133,3.060227155685425
2019-10-02,11.298135757446289,2.9852592945098877
2019-10-03,11.120677947998047,2.902602434158325
2019-10-04,11.081242561340332,2.919902801513672
2019-10-07,11.140396118164062,2.9256694316864014
2019-10-08,11.238983154296875,2.9333584308624268
2019-10-09,11.298135757446289,2.9621922969818115
2019-10-10,11.672768592834473,3.019859790802002
2019-10-11,12.12627124786377,3.1909403800964355
2019-10-14,12.165706634521484,3.1294283866882324
2019-10-15,12.224858283996582,3.1524953842163086
2019-10-16,12.244576454162598,3.1659510135650635
2019-10-17,12.343164443969727,3.1697957515716553
2019-10-18,12.402316093444824,3.146728515625
2019-10-21,12.63892650604248,3.2063183784484863
2019-10-22,12.540339469909668,3.1890182495117188
2019-10-23,12.658644676208496,3.196707248687744
2019-10-24,12.520621299743652,3.2005515098571777
2019-10-25,12.500904083251953,3.1755623817443848
2019-10-28,12.520621299743652,3.1697957515716553
2019-10-29,12.343164443969727,3.1121280193328857
2019-10-30,12.224858283996582,3.0909833908081055
2019-10-31,12.145988464355469,3.1063613891601562
2019-11-01,12.520621299743652,3.150573253631592
2019-11-04,12.520621299743652,3.310120105743408
2019-11-05,12.658644676208496,3.3543319702148438
2019-11-06,12.698079109191895,3.3408761024475098
2019-11-07,13.25016975402832,3.4331443309783936
2019-11-08,13.467061996459961,3.4216108322143555
2019-11-11,13.506497383117676,3.4465999603271484
2019-11-12,13.78254222869873,3.404310464859009
2019-11-13,13.841694831848145,3.4369888305664062
2019-11-14,13.86141300201416,3.4235329627990723
2019-11-15,13.88113021850586,3.4831230640411377
2019-11-18,13.86141300201416,3.427377462387085
2019-11-19,13.900848388671875,3.454289197921753
2019-11-20,13.841694831848145,3.402388334274292
2019-11-21,13.683955192565918,3.3697099685668945
2019-11-22,13.624802589416504,3.388932466506958
2019-11-25,13.743106842041016,3.465822458267212
2019-11-26,13.664237022399902,3.479278326034546
2019-11-27,13.545931816101074,3.404310464859009
2019-11-28,13.506497383117676,3.4196887016296387
2019-11-29,13.486780166625977,3.3543319702148438
2019-12-02,13.486780166625977,3.37739896774292
2019-12-03,13.26988697052002,3.323575735092163
2019-12-04,13.447344779968262,3.404310464859009
2019-12-05,13.427627563476562,3.390854835510254
2019-12-06,13.644519805908203,3.4715893268585205
2019-12-09,13.723390579223633,3.467744827270508
2019-12-10,13.683955192565918,3.440833330154419
2019-12-11,13.743106842041016,3.4600558280944824
2019-12-12,13.841694831848145,3.481200695037842
2019-12-13,13.960000038146973,3.481200695037842
2019-12-16,13.900848388671875,3.4985010623931885
2019-12-17,13.802260398864746,3.4619781970977783
2019-12-18,13.605085372924805,3.4350664615631104
2019-12-19,13.506497383117676,3.4081549644470215
2019-12-20,13.407910346984863,3.3946993350982666
2019-12-23,13.368474960327148,3.429299831390381
2019-12-24,13.427627563476562,3.438911199569702
2019-12-27,13.624802589416504,3.465822458267212
2019-12-30,13.585367202758789,3.4600558280944824
2019-12-31,13.526215553283691,3.4485223293304443
2020-01-02,13.664237022399902,3.4946563243865967
2020-01-03,13.624802589416504,3.467744827270508
2020-01-06,13.447344779968262,3.4465999603271484
2020-01-07,13.368474960327148,3.4719998836517334
2020-01-08,13.467061996459961,3.436000108718872
2020-01-09,13.151582717895508,3.380000114440918
2020-01-10,13.151582717895508,3.384000062942505
2020-01-13,13.112147331237793,3.378000020980835
2020-01-14,12.97412395477295,3.371999979019165
2020-01-15,12.836102485656738,3.364000082015991
2020-01-16,12.993842124938965,3.380000114440918
2020-01-17,12.97412395477295,3.3540000915527344
2020-01-20,13.131864547729492,3.385999917984009
2020-01-21,13.013559341430664,3.364000082015991
2020-01-22,13.013559341430664,3.374000072479248
2020-01-23,12.678361892700195,3.303999900817871
2020-01-24,12.776949882507324,3.3380000591278076
2020-01-27,12.42203426361084,3.253999948501587
2020-01-28,12.560056686401367,3.2860000133514404
2020-01-29,12.599491119384766,3.2980000972747803
2020-01-30,12.579774856567383,3.2739999294281006
2020-01-31,12.402316093444824,3.240000009536743
2020-02-03,12.284011840820312,3.240000009536743
2020-02-04,12.42203426361084,3.2739999294281006
2020-02-05,12.500904083251953,3.312000036239624
2020-02-06,12.500904083251953,3.3340001106262207
2020-02-07,12.323446273803711,3.2760000228881836
2020-02-10,12.303729057312012,3.303999900817871
2020-02-11,12.579774856567383,3.4000000953674316
2020-02-12,12.402316093444824,3.2339999675750732
2020-02-13,12.343164443969727,3.2360000610351562
2020-02-14,12.086836814880371,3.0899999141693115
2020-02-17,12.224858283996582,3.119999885559082
2020-02-18,12.047401428222656,3.069999933242798
2020-02-19,11.929096221923828,3.0920000076293945
2020-02-20,12.067118644714355,3.0920000076293945
2020-02-21,12.067118644714355,3.138000011444092
2020-02-24,11.731921195983887,3.0739998817443848
2020-02-25,11.534746170043945,2.9679999351501465
2020-02-26,11.475593566894531,2.9539999961853027
2020-02-27,11.25870132446289,2.884000062942505
2020-02-28,11.140396118164062,2.7820000648498535
2020-03-02,11.081242561340332,2.812000036239624
2020-03-03,11.25870132446289,2.8380000591278076
2020-03-04,11.416440963745117,2.871999979019165
2020-03-05,11.238983154296875,2.76200008392334
2020-03-06,10.824914932250977,2.6640000343322754
2020-03-09,10.213672637939453,2.4100000858306885
2020-03-10,10.292542457580566,2.4200000762939453
2020-03-11,10.095367431640625,2.3499999046325684
2020-03-12,9.139068603515625,2.1059999465942383
2020-03-13,8.922175407409668,2.0739998817443848
2020-03-16,8.025029182434082,1.9500000476837158
2020-03-17,7.936299800872803,2.058000087738037
2020-03-18,7.206751346588135,1.9500000476837158
2020-03-19,6.980000019073486,1.940000057220459
2020-03-20,7.315197944641113,2.0
2020-03-23,6.999717712402344,1.9229999780654907
2020-03-24,7.630677700042725,2.109999895095825
2020-03-25,7.788418292999268,2.1700000762939453
2020-03-26,7.867288112640381,2.177999973297119
2020-03-27,7.5222320556640625,2.0739998817443848
2020-03-30,7.482797145843506,2.0859999656677246
2020-03-31,7.640536785125732,2.1579999923706055
2020-04-01,7.8771467208862305,2.128000020980835
2020-04-02,8.074321746826172,2.1700000762939453
2020-04-03,7.837711811065674,2.124000072479248
2020-04-06,8.133474349975586,2.2039999961853027
2020-04-07,8.61655330657959,2.315999984741211
2020-04-08,8.715141296386719,2.3259999752044678
2020-04-09,9.178503036499023,2.4119999408721924
2020-04-14,9.129209518432617,2.446000099182129
2020-04-15,8.715141296386719,2.364000082015991
2020-04-16,8.744717597961426,2.3239998817443848
2020-04-17,8.951751708984375,2.361999988555908
2020-04-20,8.725000381469727,2.309999942779541
2020-04-21,8.50810718536377,2.2660000324249268
2020-04-22,8.636271476745605,2.257999897003174
2020-04-23,8.843305587768555,2.3459999561309814
2020-04-24,8.50810718536377,2.247999906539917
2020-04-27,8.646130561828613,2.24399995803833
2020-04-28,8.833446502685547,2.3359999656677246
2020-04-29,9.030621528625488,2.4240000247955322
2020-04-30,8.872881889343262,2.374000072479248
2020-05-04,8.646130561828613,2.3239998817443848
2020-05-05,8.646130561828613,2.308000087738037
2020-05-06,8.695423126220703,2.2699999809265137
2020-05-07,8.764435768127441,2.312000036239624
2020-05-08,8.833446502685547,2.3340001106262207
2020-05-11,8.577118873596191,2.246000051498413
2020-05-12,8.330649375915527,2.2179999351501465
2020-05-13,7.906723976135254,2.0959999561309814
2020-05-14,7.66025447845459,2.049999952316284
2020-05-15,7.620819568634033,2.049999952316284
2020-05-18,8.32079029083252,2.2360000610351562
2020-05-19,8.232062339782715,2.2360000610351562
2020-05-20,8.192627906799316,2.26200008392334
2020-05-21,8.202486038208008,2.2219998836517334
2020-05-22,8.182768821716309,2.2300000190734863
2020-05-25,8.291214942932129,2.25
2020-05-26,8.389802932739258,2.2699999809265137
2020-05-27,8.468672752380371,2.2839999198913574
2020-05-28,8.527824401855469,2.2920000553131104
2020-05-29,8.1729097366333,2.2260000705718994
2020-06-01,8.448954582214355,2.26200008392334
2020-06-02,8.567259788513184,2.303999900817871
2020-06-03,8.97146987915039,2.374000072479248
2020-06-04,9.02076244354248,2.364000082015991
2020-06-05,9.148926734924316,2.371999979019165
2020-06-08,9.139068603515625,2.390000104904175
2020-06-09,8.843305587768555,2.309999942779541
2020-06-10,8.725000381469727,2.2699999809265137
2020-06-11,8.350000381469727,2.1600000858306885
2020-06-12,8.300000190734863,2.1540000438690186
2020-06-15,8.329999923706055,2.138000011444092
2020-06-16,8.5600004196167,2.194000005722046
2020-06-17,8.640000343322754,2.2200000286102295
2020-06-18,8.680000305175781,2.2339999675750732
2020-06-19,8.649999618530273,2.25
2020-06-22,8.5,2.2260000705718994
2020-06-23,8.40999984741211,2.2139999866485596
2020-06-24,8.25,2.190000057220459
2020-06-25,8.069999694824219,2.119999885559082
2020-06-26,8.0,2.128000020980835
2020-06-29,8.069999694824219,2.1480000019073486
2020-06-30,8.09000015258789,2.1640000343322754
2020-07-01,8.119999885559082,2.1440000534057617
2020-07-02,8.260000228881836,2.1760001182556152
2020-07-03,8.15999984741211,2.1640000343322754
2020-07-06,8.329999923706055,2.197999954223633
2020-07-07,8.220000267028809,2.1679999828338623
2020-07-08,8.170000076293945,2.1500000953674316
2020-07-09,8.0600004196167,2.1419999599456787
2020-07-10,8.220000267028809,2.171999931335449
2020-07-13,8.289999961853027,2.191999912261963
2020-07-14,8.270000457763672,2.186000108718872
2020-07-15,8.199999809265137,2.190000057220459
2020-07-16,8.180000305175781,2.186000108718872
2020-07-17,8.229999542236328,2.181999921798706
2020-07-21,8.350000381469727,2.253999948501587
2020-07-22,8.25,2.2360000610351562
2020-07-23,8.170000076293945,2.2320001125335693
2020-07-24,8.100000381469727,2.2260000705718994
2020-07-27,7.980000019073486,2.187999963760376
2020-07-28,7.900000095367432,2.1559998989105225
2020-07-29,7.929999828338623,2.2039999961853027
2020-07-30,7.690000057220459,2.1559998989105225
2020-07-31,7.650000095367432,2.114000082015991
2020-08-03,7.869999885559082,2.171999931335449
2020-08-04,7.889999866485596,2.180000066757202
2020-08-05,8.010000228881836,2.2019999027252197
2020-08-06,7.96999979019165,2.200000047683716
2020-08-07,7.889999866485596,2.187999963760376
2020-08-10,7.980000019073486,2.2279999256134033
2020-08-11,8.039999961853027,2.26200008392334
2020-08-12,8.069999694824219,2.2799999713897705
2020-08-13,8.130000114440918,2.312000036239624
2020-08-14,8.069999694824219,2.308000087738037
2020-08-17,8.020000457763672,2.369999885559082
2020-08-18,7.920000076293945,2.318000078201294
2020-08-19,7.929999828338623,2.313999891281128
2020-08-20,7.760000228881836,2.252000093460083
2020-08-21,7.800000190734863,2.25
2020-08-24,7.920000076293945,2.319999933242798
2020-08-25,7.800000190734863,2.25
2020-08-26,7.809999942779541,2.253999948501587
2020-08-27,7.78000020980835,2.25600004196167
2020-08-28,7.690000057220459,2.2300000190734863
2020-08-31,7.619999885559082,2.2039999961853027
2020-09-01,7.760000228881836,2.2279999256134033
2020-09-02,7.929999828338623,2.312000036239624
2020-09-03,7.96999979019165,2.2799999713897705
2020-09-04,8.050000190734863,2.2920000553131104
2020-09-07,8.050000190734863,2.3299999237060547
2020-09-08,8.0,2.3420000076293945
2020-09-09,8.130000114440918,2.3459999561309814
2020-09-10,8.079999923706055,2.3359999656677246
2020-09-11,8.029999732971191,2.3380000591278076
2020-09-14,7.960000038146973,2.3259999752044678
2020-09-15,7.929999828338623,2.318000078201294
2020-09-16,8.039999961853027,2.378000020980835
2020-09-17,8.029999732971191,2.361999988555908
2020-09-21,7.809999942779541,2.2300000190734863
2020-09-22,7.650000095367432,2.200000047683716
2020-09-23,7.510000228881836,2.1519999504089355
2020-09-24,7.309999942779541,2.1059999465942383
2020-09-25,7.170000076293945,2.065999984741211
2020-09-28,7.599999904632568,2.1419999599456787
2020-09-29,7.550000190734863,2.115999937057495
2020-09-30,7.630000114440918,2.124000072479248
2020-10-01,7.579999923706055,2.128000020980835
2020-10-02,7.440000057220459,2.1080000400543213
2020-10-05,7.5,2.119999885559082
2020-10-06,7.5,2.124000072479248
2020-10-07,7.420000076293945,2.130000114440918
2020-10-08,7.46999979019165,2.119999885559082
2020-10-09,7.300000190734863,2.0859999656677246
2020-10-12,7.230000019073486,2.0980000495910645
2020-10-13,7.170000076293945,2.065999984741211
2020-10-14,7.150000095367432,2.058000087738037
2020-10-15,7.079999923706055,2.052000045776367
2020-10-16,7.090000152587891,2.0439999103546143
2020-10-19,7.25,2.062000036239624
2020-10-20,7.010000228881836,2.007999897003174
2020-10-21,6.960000038146973,1.9850000143051147
2020-10-22,6.789999961853027,1.9700000286102295
2020-10-23,6.949999809265137,1.972000002861023
2020-10-26,6.769999980926514,1.9199999570846558
2020-10-27,6.570000171661377,1.8580000400543213
2020-10-28,6.599999904632568,1.9240000247955322
2020-10-29,6.440000057220459,1.8639999628067017
2020-10-30,6.449999809265137,1.8910000324249268
2020-11-02,6.789999961853027,1.9800000190734863
2020-11-03,6.710000038146973,1.9459999799728394
2020-11-04,6.710000038146973,1.9789999723434448
2020-11-05,6.900000095367432,2.009999990463257
2020-11-06,6.809999942779541,2.00600004196167
2020-11-09,7.150000095367432,2.115999937057495
2020-11-10,7.400000095367432,2.1440000534057617
2020-11-11,7.53000020980835,2.186000108718872
2020-11-12,7.550000190734863,2.1700000762939453
2020-11-13,7.650000095367432,2.2179999351501465
2020-11-16,7.960000038146973,2.313999891281128
2020-11-17,7.820000171661377,2.2639999389648438
2020-11-18,8.09000015258789,2.2880001068115234
2020-11-19,7.920000076293945,2.247999906539917
2020-11-20,8.130000114440918,2.2839999198913574
2020-11-23,8.319999694824219,2.308000087738037
2020-11-24,8.779999732971191,2.4059998989105225
2020-11-25,8.880000114440918,2.437999963760376
2020-11-26,8.960000038146973,2.492000102996826
2020-11-27,9.079999923706055,2.509999990463257
2020-11-30,8.960000038146973,2.496000051498413
2020-12-01,8.960000038146973,2.5199999809265137
2020-12-02,9.0,2.549999952316284
2020-12-03,9.09000015258789,2.5420000553131104
