Date,VOW3.DE,VOW.DE
2015-01-02,156.83827209472656,157.1943359375
2015-01-05,151.51002502441406,152.42417907714844
2015-01-06,152.4553680419922,153.66087341308594
2015-01-07,153.4006805419922,154.4117431640625
2015-01-08,157.99842834472656,160.3744354248047
2015-01-09,155.46322631835938,156.75265502929688
2015-01-12,156.19369506835938,157.3710174560547
2015-01-13,159.67422485351562,161.34613037109375
2015-01-14,157.74061584472656,159.0493927001953
2015-01-15,160.2758026123047,161.78781127929688
2015-01-16,164.83056640625,165.7187957763672
2015-01-19,165.56101989746094,165.49794006347656
2015-01-20,165.90480041503906,167.0438232421875
2015-01-21,167.19387817382812,167.794677734375
2015-01-22,170.24468994140625,171.81398010253906
2015-01-23,175.14320373535156,176.40745544433594
2015-01-26,176.38931274414062,177.8208465576172
2015-01-27,173.5533447265625,175.921630859375
2015-01-28,175.4869842529297,178.3066864013672
2015-01-29,175.44398498535156,178.6600341796875
2015-01-30,170.4165802001953,174.15487670898438
2015-02-02,173.81117248535156,178.61585998535156
2015-02-03,177.97918701171875,182.54681396484375
2015-02-04,180.29953002929688,184.00437927246094
2015-02-05,182.79176330566406,185.24107360839844
2015-02-06,184.12380981445312,187.00782775878906
2015-02-09,178.3229522705078,180.8684539794922
2015-02-10,179.6979522705078,183.2093505859375
2015-02-11,180.6862335205078,183.56271362304688
2015-02-12,184.29568481445312,187.2728271484375
2015-02-13,182.74876403808594,185.24107360839844
2015-02-16,183.78009033203125,184.8877410888672
2015-02-17,182.49098205566406,184.71109008789062
2015-02-18,186.6160430908203,188.2003631591797
2015-02-19,191.77236938476562,192.30799865722656
2015-02-20,193.36221313476562,193.27967834472656
2015-02-23,196.4989776611328,196.23895263671875
2015-02-24,194.3075714111328,194.69305419921875
2015-02-25,191.6434326171875,192.74966430664062
2015-02-26,193.27627563476562,193.50051879882812
2015-02-27,193.79193115234375,195.5322723388672
2015-03-02,195.08102416992188,198.62403869628906
2015-03-03,190.4403076171875,193.85386657714844
2015-03-04,192.67471313476562,194.78138732910156
2015-03-05,193.9208221435547,197.16648864746094
2015-03-06,197.53025817871094,200.52325439453125
2015-03-09,199.54981994628906,201.05328369140625
2015-03-10,198.7763671875,200.78826904296875
2015-03-11,208.18667602539062,209.75437927246094
2015-03-12,207.45616149902344,208.252685546875
2015-03-13,212.91329956054688,212.6253204345703
2015-03-16,219.3157196044922,218.6763458251953
2015-03-17,216.95240783691406,218.63218688964844
2015-03-18,210.1202850341797,211.256103515625
2015-03-19,213.12814331054688,211.96279907226562
2015-03-20,214.88987731933594,214.03871154785156
2015-03-23,206.94052124023438,206.70680236816406
2015-03-24,210.8077850341797,209.35687255859375
2015-03-25,209.69058227539062,207.67849731445312
2015-03-26,209.08901977539062,207.81100463867188
2015-03-27,210.20623779296875,208.3851776123047
2015-03-30,214.76097106933594,213.50868225097656
2015-03-31,212.99923706054688,212.05113220214844
2015-04-01,210.2491912841797,211.0794219970703
2015-04-02,209.51870727539062,210.06356811523438
2015-04-07,210.2921600341797,210.24024963378906
2015-04-08,209.9913787841797,210.54942321777344
2015-04-09,214.503173828125,213.773681640625
2015-04-10,217.5969696044922,216.2471160888672
2015-04-13,213.68670654296875,212.13946533203125
2015-04-14,211.79612731933594,211.4327850341797
2015-04-15,208.57337951660156,208.95936584472656
2015-04-16,204.23345947265625,205.60260009765625
2015-04-17,201.9561004638672,201.9366455078125
2015-04-20,198.34666442871094,200.7440948486328
2015-04-21,195.94036865234375,199.37489318847656
2015-04-22,194.78021240234375,199.5074005126953
2015-04-23,196.41305541992188,199.72824096679688
2015-04-24,200.28028869628906,204.23336791992188
2015-04-27,210.9366912841797,213.33203125
2015-04-28,206.51084899902344,208.87103271484375
2015-04-29,198.3037109375,201.31826782226562
2015-04-30,198.90528869628906,200.78826904296875
2015-05-04,198.3896484375,200.92076110839844
2015-05-05,196.37010192871094,198.84487915039062
2015-05-06,193.87635803222656,196.4078369140625
2015-05-07,197.56423950195312,199.11566162109375
2015-05-08,203.71070861816406,203.40306091308594
2015-05-11,199.5837860107422,203.40306091308594
2015-05-12,193.6568603515625,197.08477783203125
2015-05-13,191.505615234375,196.9042510986328
2015-05-14,193.92027282714844,199.43154907226562
2015-05-15,189.39825439453125,194.33181762695312
2015-05-18,195.23739624023438,201.32704162597656
2015-05-19,204.76437377929688,210.08236694335938
2015-05-20,204.237548828125,209.27001953125
2015-05-21,202.3936004638672,207.2391357421875
2015-05-22,201.91065979003906,207.19400024414062
2015-05-26,198.74964904785156,204.2154083251953
2015-05-27,201.427734375,205.84010314941406
2015-05-28,199.1886749267578,202.13938903808594
2015-05-29,194.052001953125,198.12278747558594
2015-06-01,193.48126220703125,198.16790771484375
2015-06-02,190.49581909179688,194.37696838378906
2015-06-03,191.2421875,195.18930053710938
2015-06-04,191.1104736328125,194.51234436035156
2015-06-05,187.8177490234375,192.52662658691406
2015-06-08,185.0518341064453,189.36746215820312
2015-06-09,186.7201385498047,188.2392120361328
2015-06-10,191.3739013671875,193.9256591796875
2015-06-11,190.32020568847656,194.33181762695312
2015-06-12,187.3787078857422,191.5337371826172
2015-06-15,183.2957305908203,187.42684936523438
2015-06-16,184.21768188476562,187.87814331054688
2015-06-17,182.06643676757812,186.11807250976562
2015-06-18,184.61280822753906,185.71189880371094
2015-06-19,184.39329528808594,186.25347900390625
2015-06-22,191.3300018310547,194.4672088623047
2015-06-23,193.34951782226562,197.08477783203125
2015-06-24,191.76902770996094,194.7379913330078
2015-06-25,191.98854064941406,194.9185028076172
2015-06-26,192.60317993164062,196.18215942382812
2015-06-29,186.0615997314453,189.0064239501953
2015-06-30,182.63714599609375,187.3365936279297
2015-07-01,189.88119506835938,193.74510192871094
2015-07-02,187.42259216308594,190.85678100585938
2015-07-03,186.76406860351562,190.27008056640625
2015-07-06,184.12986755371094,187.9684295654297
2015-07-07,179.7395477294922,183.18458557128906
2015-07-08,175.04190063476562,178.26539611816406
2015-07-09,178.86148071289062,183.63589477539062
2015-07-10,180.70542907714844,183.5907745361328
2015-07-13,180.70542907714844,185.71189880371094
2015-07-14,176.3151092529297,181.8758087158203
2015-07-15,173.76873779296875,179.7546844482422
2015-07-16,176.40292358398438,183.3651123046875
2015-07-17,175.6126708984375,182.9589385986328
2015-07-20,174.1638641357422,181.4245147705078
2015-07-21,173.41751098632812,179.52902221679688
2015-07-22,171.66139221191406,177.00172424316406
2015-07-23,171.3101806640625,179.16798400878906
2015-07-24,166.6564178466797,171.0896453857422
2015-07-27,163.49539184570312,167.38894653320312
2015-07-28,167.5344696044922,172.037353515625
2015-07-29,163.62709045410156,167.79510498046875
2015-07-30,162.39781188964844,167.47918701171875
2015-07-31,160.15875244140625,166.1252899169922
2015-08-03,162.00267028808594,167.6597137451172
2015-08-04,161.34413146972656,167.88536071777344
2015-08-05,165.64663696289062,173.66204833984375
2015-08-06,164.6807861328125,171.4958038330078
2015-08-07,166.08566284179688,172.89483642578125
2015-08-10,167.57839965820312,175.2416229248047
2015-08-11,161.38804626464844,168.06588745117188
2015-08-12,156.11964416503906,160.43882751464844
2015-08-13,156.69039916992188,162.87588500976562
2015-08-14,157.0416259765625,162.46969604492188
2015-08-17,156.25137329101562,160.70962524414062
2015-08-18,155.0220947265625,158.13719177246094
2015-08-19,152.12448120117188,154.3462371826172
2015-08-20,148.83172607421875,151.68353271484375
2015-08-21,146.59266662597656,148.93057250976562
2015-08-24,140.22671508789062,143.10873413085938
2015-08-25,148.4805145263672,151.45787048339844
2015-08-26,147.77806091308594,149.7880401611328
2015-08-27,151.20248413085938,154.48159790039062
2015-08-28,150.45614624023438,153.8948974609375
2015-08-31,148.83172607421875,150.46499633789062
2015-09-01,144.30972290039062,146.17759704589844
2015-09-02,143.12432861328125,143.96621704101562
2015-09-03,146.37315368652344,148.38900756835938
2015-09-04,142.42185974121094,144.37237548828125
2015-09-07,142.90480041503906,145.45550537109375
2015-09-08,146.59266662597656,149.29159545898438
2015-09-09,149.05125427246094,153.0825653076172
2015-09-10,147.47071838378906,150.6455078125
2015-09-11,147.47071838378906,150.05882263183594
2015-09-14,146.72438049316406,149.38186645507812
2015-09-15,148.5683135986328,150.6003875732422
2015-09-16,148.96343994140625,151.1870880126953
2015-09-17,147.3390350341797,151.09681701660156
2015-09-18,142.59747314453125,145.63604736328125
2015-09-21,116.0799560546875,120.67888641357422
2015-09-22,93.07472229003906,100.37017059326172
2015-09-23,97.904052734375,107.32026672363281
2015-09-24,98.47480010986328,107.32026672363281
2015-09-25,94.21620178222656,104.29652404785156
2015-09-28,87.19168853759766,96.66947937011719
2015-09-29,83.59161376953125,93.23956298828125
2015-09-30,85.83069610595703,94.72886657714844
2015-10-01,84.73311614990234,94.81912231445312
2015-10-02,81.09793090820312,91.29894256591797
2015-10-05,82.1164779663086,92.78826141357422
2015-10-06,85.25116729736328,96.48895263671875
2015-10-07,91.31857299804688,103.70983123779297
2015-10-08,90.87955474853516,104.88321685791016
2015-10-09,93.60154724121094,113.63854217529297
2015-10-12,95.31377410888672,119.55062103271484
2015-10-13,93.338134765625,117.88079833984375
2015-10-14,93.60154724121094,116.07557678222656
2015-10-15,90.26490783691406,111.74304962158203
2015-10-16,88.33316802978516,109.39627075195312
2015-10-19,87.09510803222656,107.04948425292969
2015-10-20,86.66485595703125,104.92835235595703
2015-10-21,88.15755462646484,108.26800537109375
2015-10-22,91.14297485351562,111.83332061767578
2015-10-23,94.56742095947266,109.98296356201172
2015-10-26,93.95277404785156,112.82618713378906
2015-10-27,92.32836151123047,109.93783569335938
2015-10-28,96.01622009277344,111.96871185302734
2015-10-29,95.18206787109375,113.18724060058594
2015-10-30,95.97232055664062,113.81905364990234
2015-11-02,98.95772552490234,114.40574645996094
2015-11-03,97.46502685546875,112.01383972167969
2015-11-04,88.20146179199219,105.7406997680664
2015-11-05,85.61116790771484,108.40339660644531
2015-11-06,85.33019256591797,110.0280990600586
2015-11-09,84.29408264160156,108.40339660644531
2015-11-10,83.92530059814453,108.08748626708984
2015-11-11,84.44335174560547,106.643310546875
2015-11-12,83.75845336914062,105.78583526611328
2015-11-13,84.60140228271484,106.9140853881836
2015-11-16,85.5760498046875,105.42478942871094
2015-11-17,86.6121597290039,105.60530853271484
2015-11-18,89.0356216430664,108.31314086914062
2015-11-19,92.94300079345703,113.09696197509766
2015-11-20,95.2259750366211,111.83332061767578
2015-11-23,96.49915313720703,112.5102767944336
2015-11-24,101.76754760742188,114.76679992675781
2015-11-25,105.67491912841797,117.74540710449219
2015-11-26,109.40668487548828,121.44610595703125
2015-11-27,108.74813842773438,121.17532348632812
2015-11-30,115.50923156738281,127.53872680664062
2015-12-01,114.2799301147461,126.04940032958984
2015-12-02,111.47013092041016,124.42471313476562
2015-12-03,110.32865905761719,123.43183898925781
2015-12-04,111.42622375488281,123.92827606201172
2015-12-07,111.60184478759766,122.80001831054688
2015-12-08,108.92375946044922,119.59574890136719
2015-12-09,115.68484497070312,126.72635650634766
2015-12-10,117.00194549560547,126.00428009033203
2015-12-11,112.87503814697266,124.19908905029297
2015-12-14,108.22130584716797,118.8736572265625
2015-12-15,110.10914611816406,121.22046661376953
2015-12-16,110.19695281982422,121.76201629638672
2015-12-17,114.89458465576172,125.59810638427734
2015-12-18,114.14823913574219,126.54583740234375
2015-12-21,114.5433578491211,125.50784301757812
2015-12-22,115.99217224121094,127.26792907714844
2015-12-23,118.58244323730469,129.253662109375
2015-12-25,118.58244323730469,129.253662109375
2015-12-28,116.91412353515625,128.71212768554688
2015-12-29,118.84587097167969,129.93063354492188
2015-12-30,117.44097137451172,128.44134521484375
2016-01-04,110.98719787597656,124.42471313476562
2016-01-05,106.59689331054688,117.42949676513672
2016-01-06,104.40172576904297,117.11357879638672
2016-01-07,100.97728729248047,111.51740264892578
2016-01-08,101.0650863647461,112.8713150024414
2016-01-11,102.7773208618164,114.40574645996094
2016-01-12,106.20175170898438,116.7525405883789
2016-01-13,105.80663299560547,117.29409790039062
2016-01-14,101.85535430908203,113.81905364990234
2016-01-15,98.25527954101562,108.6290512084961
2016-01-18,96.894287109375,106.9140853881836
2016-01-19,96.67475891113281,109.8927001953125
2016-01-20,91.84542083740234,104.7478256225586
2016-01-21,96.93817901611328,110.47940826416016
2016-01-22,99.17724609375,112.82618713378906
2016-01-25,97.24551391601562,111.0209732055664
2016-01-26,98.60651397705078,112.78105926513672
2016-01-27,98.21138763427734,113.86418914794922
2016-01-28,95.40158081054688,109.7121810913086
2016-01-29,93.8649673461914,108.85470581054688
2016-02-01,92.98690795898438,108.0423583984375
2016-02-02,91.14297485351562,106.19200897216797
2016-02-03,89.0356216430664,102.85234832763672
2016-02-04,88.68440246582031,104.07087707519531
2016-02-05,90.57222747802734,107.27513885498047
2016-02-08,86.01508331298828,100.82147979736328
2016-02-09,83.87261199951172,98.83573150634766
2016-02-10,85.49703216552734,100.46043395996094
2016-02-11,82.53794860839844,98.33930206298828
2016-02-12,83.59161376953125,99.82860565185547
2016-02-15,89.34293365478516,107.09461212158203
2016-02-16,87.93804168701172,106.28226470947266
2016-02-17,91.58200073242188,111.42713928222656
2016-02-18,92.59178161621094,112.96157836914062
2016-02-19,89.60636138916016,107.81669616699219
2016-02-22,93.38203430175781,110.97583770751953
2016-02-23,90.70394897460938,109.03523254394531
2016-02-24,86.48924255371094,105.60530853271484
2016-02-25,86.92826080322266,105.2442626953125
2016-02-26,90.96735382080078,110.3440170288086
2016-02-29,94.56742095947266,116.256103515625
2016-03-01,98.86993408203125,118.24183654785156
2016-03-02,101.5919189453125,121.13018798828125
2016-03-03,101.987060546875,122.12307739257812
2016-03-04,106.24565887451172,125.01142120361328
2016-03-07,102.8651123046875,122.52924346923828
2016-03-08,98.60651397705078,117.61002349853516
2016-03-09,99.44066619873047,117.74540710449219
2016-03-10,95.57719421386719,113.05183410644531
2016-03-11,99.83580017089844,117.74540710449219
2016-03-14,101.50411987304688,119.50548553466797
2016-03-15,99.22115325927734,115.80480194091797
2016-03-16,100.66996002197266,117.97106170654297
2016-03-17,100.80168151855469,117.47462463378906
2016-03-18,102.29438018798828,117.29409790039062
2016-03-21,101.85535430908203,116.88793182373047
2016-03-22,103.17244720458984,120.54349517822266
2016-03-23,102.90901947021484,117.56488037109375
2016-03-24,100.84557342529297,114.13497161865234
2016-03-29,99.26506805419922,113.54827880859375
2016-03-30,99.70408630371094,116.34635162353516
2016-03-31,98.21138763427734,115.12784576416016
2016-04-01,94.56742095947266,111.33688354492188
2016-04-04,94.08448791503906,111.607666015625
2016-04-05,90.3088150024414,107.99723052978516
2016-04-06,90.87955474853516,108.53878784179688
2016-04-07,89.8697738647461,108.71930694580078
2016-04-08,91.27468872070312,108.6290512084961
2016-04-11,93.42594146728516,109.57678985595703
2016-04-12,94.34789276123047,109.66705322265625
2016-04-13,98.16748046875,113.90931701660156
2016-04-14,98.60651397705078,115.80480194091797
2016-04-15,96.2796401977539,112.69078826904297
2016-04-18,97.33330535888672,113.09696197509766
2016-04-19,99.57238006591797,116.48176574707031
2016-04-20,106.1578598022461,121.94254302978516
2016-04-21,111.55794525146484,125.50784301757812
2016-04-22,112.64442443847656,123.34158325195312
2016-04-25,110.53430938720703,121.44610595703125
2016-04-26,112.28527069091797,123.07080841064453
2016-04-27,116.23611450195312,127.7643814086914
2016-04-28,118.75030517578125,128.03515625
2016-04-29,113.54235076904297,124.87602996826172
2016-05-02,113.72193908691406,123.92827606201172
2016-05-03,110.17513275146484,120.22756958007812
2016-05-04,107.66095733642578,118.73828125
2016-05-05,106.40386199951172,117.47462463378906
2016-05-06,109.36700439453125,119.05418395996094
2016-05-09,111.70161437988281,121.13018798828125
2016-05-10,116.41569519042969,125.95915222167969
2016-05-11,117.04425811767578,124.92115020751953
2016-05-12,114.48516845703125,122.30358123779297
2016-05-13,116.01163482666016,122.89026641845703
2016-05-17,112.91381072998047,119.59574890136719
2016-05-18,115.15860748291016,121.53636169433594
2016-05-19,115.06881713867188,121.76201629638672
2016-05-20,116.41569519042969,122.30358123779297
2016-05-23,115.2035140991211,120.72400665283203
2016-05-24,119.78292083740234,123.70263671875
2016-05-25,120.5910415649414,125.0565414428711
2016-05-26,121.48896789550781,125.91400909423828
2016-05-27,121.8032455444336,126.41046142578125
2016-05-30,123.86846160888672,127.58386993408203
2016-05-31,120.63594055175781,125.23704528808594
2016-06-01,118.34624481201172,123.79288482666016
2016-06-02,120.45635223388672,126.54583740234375
2016-06-03,116.90956115722656,121.80713653564453
2016-06-06,117.5830078125,123.97341918945312
2016-06-07,119.96249389648438,125.82377624511719
2016-06-08,117.7625961303711,123.61235809326172
2016-06-09,115.15860748291016,120.72400665283203
2016-06-10,112.64442443847656,119.18958282470703
2016-06-13,109.36700439453125,116.12071228027344
2016-06-14,106.94261932373047,114.45088195800781
2016-06-15,107.88543701171875,116.21097564697266
2016-06-16,105.55084228515625,113.27749633789062
2016-06-17,106.62834930419922,116.61714172363281
2016-06-20,112.01587677001953,121.0399398803711
2016-06-21,110.98326873779297,119.14445495605469
2016-06-22,110.53430938720703,117.88079833984375
2016-06-23,114.1489486694336,121.90982818603516
2016-06-24,102.72956085205078,115.27005767822266
2016-06-27,95.40137481689453,108.49478149414062
2016-06-28,96.97489929199219,111.29521942138672
2016-06-29,97.69424438476562,108.49478149414062
2016-06-30,97.37953186035156,108.76579284667969
2016-07-01,102.1900634765625,113.82466888427734
2016-07-04,100.16693115234375,109.89501190185547
2016-07-05,97.28960418701172,107.5462417602539
2016-07-06,95.44632720947266,106.68804168701172
2016-07-07,95.31145477294922,105.55883026123047
2016-07-08,98.9980239868164,109.94017028808594
2016-07-11,101.87535858154297,111.61141204833984
2016-07-12,105.02243041992188,115.04420471191406
2016-07-13,103.26905822753906,113.14714050292969
2016-07-14,105.42704772949219,115.31522369384766
2016-07-15,104.43797302246094,115.22489166259766
2016-07-18,105.42704772949219,115.17972564697266
2016-07-19,104.70771789550781,115.08938598632812
2016-07-20,111.00186920166016,118.61253356933594
2016-07-21,108.66404724121094,118.25117492675781
2016-07-22,108.43925476074219,117.52848815917969
2016-07-25,109.42833709716797,118.973876953125
2016-07-26,112.17079162597656,120.01275634765625
2016-07-27,114.82331848144531,123.53589630126953
2016-07-28,111.2266616821289,118.25117492675781
2016-07-29,113.11490631103516,119.83207702636719
2016-08-01,112.53044891357422,119.24488830566406
2016-08-02,106.86571502685547,114.86354064941406
2016-08-03,105.9216079711914,114.32151794433594
2016-08-04,107.58505249023438,116.26376342773438
2016-08-05,111.54137420654297,118.83837890625
2016-08-08,110.73212432861328,118.47702026367188
2016-08-09,113.7892837524414,120.9161376953125
2016-08-10,113.65440368652344,120.64511108398438
2016-08-11,114.28382110595703,121.59365844726562
2016-08-12,112.08087158203125,119.69657135009766
2016-08-15,113.60945129394531,120.9612808227539
2016-08-16,111.63129425048828,117.93500518798828
2016-08-17,109.47329711914062,115.99274444580078
2016-08-18,109.47329711914062,116.26376342773438
2016-08-19,107.8098373413086,115.54106903076172
2016-08-22,107.94471740722656,115.31522369384766
2016-08-23,110.55229187011719,117.39298248291016
2016-08-24,110.28253936767578,117.12195587158203
2016-08-25,108.2594223022461,115.22489166259766
2016-08-26,111.6762466430664,117.75433349609375
2016-08-29,110.05775451660156,115.99274444580078
2016-08-30,112.21575164794922,118.20601654052734
2016-08-31,111.94599151611328,117.84466552734375
2016-09-01,111.36153411865234,117.1671371459961
2016-09-02,112.53044891357422,119.06421661376953
2016-09-05,112.26070404052734,118.79320526123047
2016-09-06,112.44053649902344,118.65770721435547
2016-09-07,113.9691162109375,120.50961303710938
2016-09-08,113.20482635498047,119.3803939819336
2016-09-09,112.26070404052734,118.973876953125
2016-09-12,110.6422119140625,118.20601654052734
2016-09-13,109.78800201416016,117.70916748046875
2016-09-14,110.192626953125,117.25747680664062
2016-09-15,110.05775451660156,117.48331451416016
2016-09-16,106.05645751953125,114.592529296875
2016-09-19,107.45018005371094,116.3089370727539
2016-09-20,106.4161376953125,115.27005767822266
2016-09-21,107.09051513671875,115.90242004394531
2016-09-22,108.79891967773438,117.84466552734375
2016-09-23,107.1354751586914,116.5799560546875
2016-09-26,104.48292541503906,114.36668395996094
2016-09-27,101.78543090820312,111.97274780273438
2016-09-28,102.99931335449219,114.1408462524414
2016-09-29,103.89847564697266,114.27635192871094
2016-09-30,105.15730285644531,116.67027282714844
2016-10-04,106.64092254638672,117.98017883300781
2016-10-05,108.12455749511719,119.1997299194336
2016-10-06,107.8997573852539,119.15454864501953
2016-10-07,106.5959701538086,118.25117492675781
2016-10-10,109.11363220214844,120.41926574707031
2016-10-11,108.16950988769531,119.69657135009766
2016-10-12,107.98966979980469,119.2900619506836
2016-10-13,105.83168029785156,117.93500518798828
2016-10-14,108.43925476074219,119.15454864501953
2016-10-17,107.58505249023438,118.07051086425781
2016-10-18,109.06867218017578,118.79320526123047
2016-10-19,109.11363220214844,119.33523559570312
2016-10-20,110.95691680908203,121.27748107910156
2016-10-21,110.8220443725586,120.9612808227539
2016-10-24,113.15987396240234,122.09050750732422
2016-10-25,114.10399627685547,121.77432250976562
2016-10-26,113.29474639892578,121.45814514160156
2016-10-27,112.98003387451172,122.45185852050781
2016-10-28,113.2497787475586,122.54219055175781
2016-10-31,112.57540893554688,122.8583755493164
2016-11-01,111.18171691894531,120.64511108398438
2016-11-02,108.12455749511719,116.7154541015625
2016-11-03,107.18041229248047,115.67658233642578
2016-11-04,106.7308349609375,115.22489166259766
2016-11-07,107.31529998779297,115.27005767822266
2016-11-08,106.86571502685547,115.08938598632812
2016-11-09,104.66276550292969,113.82466888427734
2016-11-10,103.17913818359375,114.6376953125
2016-11-11,105.65184020996094,116.26376342773438
2016-11-14,105.20225524902344,116.6251220703125
2016-11-15,106.55101013183594,117.25747680664062
2016-11-16,106.14639282226562,115.81208038330078
2016-11-17,105.69680786132812,116.6251220703125
2016-11-18,105.33714294433594,115.67658233642578
2016-11-21,107.98966979980469,117.48331451416016
2016-11-22,108.43925476074219,117.61882019042969
2016-11-23,110.59725189208984,119.01905059814453
2016-11-24,112.12582397460938,120.37410736083984
2016-11-25,112.4854965209961,119.78691864013672
2016-11-28,110.32749938964844,118.25117492675781
2016-11-29,110.23757934570312,117.39298248291016
2016-11-30,109.51824951171875,116.7154541015625
2016-12-01,107.67497253417969,115.72174072265625
2016-12-02,106.77580261230469,115.22489166259766
2016-12-05,109.33842468261719,117.43815612792969
2016-12-06,109.15858459472656,118.16084289550781
2016-12-07,114.19390869140625,121.45814514160156
2016-12-08,115.9023208618164,123.12937927246094
2016-12-09,115.18299865722656,121.81951141357422
2016-12-12,114.2388687133789,121.59365844726562
2016-12-13,116.12710571289062,123.35523223876953
2016-12-14,115.94727325439453,123.58106231689453
2016-12-15,116.846435546875,124.61992645263672
2016-12-16,117.97039794921875,126.15567016601562
2016-12-19,120.17335510253906,126.20084381103516
2016-12-20,122.51118469238281,127.28489685058594
2016-12-21,124.80404663085938,130.26600646972656
2016-12-22,124.80404663085938,129.9046630859375
2016-12-23,123.63514709472656,128.14308166503906
2016-12-27,123.41033935546875,127.73655700683594
2016-12-28,122.82588958740234,127.51071166992188
2016-12-29,120.0384750366211,124.61992645263672
2016-12-30,119.90361022949219,123.53589630126953
2017-01-02,123.85993957519531,127.28489685058594
2017-01-03,126.28768920898438,129.85948181152344
2017-01-04,124.75909423828125,128.32376098632812
2017-01-05,125.07380676269531,129.40780639648438
2017-01-06,124.98388671875,128.82061767578125
2017-01-09,131.14315795898438,133.74398803710938
2017-01-10,131.32301330566406,133.78915405273438
2017-01-11,135.77386474609375,138.35116577148438
2017-01-12,132.4469451904297,136.13790893554688
2017-01-13,134.47007751464844,137.08645629882812
2017-01-16,131.54779052734375,134.06016540527344
2017-01-17,131.5927276611328,133.47296142578125
2017-01-18,131.6376953125,133.4278106689453
2017-01-19,132.89651489257812,134.64736938476562
2017-01-20,133.25619506835938,135.37005615234375
2017-01-23,137.39236450195312,139.11903381347656
2017-01-24,138.11170959472656,140.790283203125
2017-01-25,138.38143920898438,141.28712463378906
2017-01-26,137.12261962890625,140.92578125
2017-01-27,134.7847900390625,138.26083374023438
2017-01-30,130.82846069335938,134.69252014160156
2017-01-31,129.3897705078125,133.38262939453125
2017-02-01,131.00828552246094,134.60218811035156
2017-02-02,129.7494659423828,133.96981811523438
2017-02-03,130.2889404296875,134.55702209472656
2017-02-06,127.59146881103516,131.0790557861328
2017-02-07,127.5465087890625,131.93724060058594
2017-02-08,125.79312896728516,130.13050842285156
2017-02-09,125.88304138183594,129.67881774902344
2017-02-10,127.81624603271484,132.25340270996094
2017-02-13,130.60366821289062,135.05386352539062
2017-02-14,132.04232788085938,136.0927276611328
2017-02-15,131.14315795898438,135.1442108154297
2017-02-16,129.1200408935547,133.29229736328125
2017-02-17,126.10783386230469,130.8531951904297
2017-02-20,127.81624603271484,131.4403839111328
2017-02-21,129.6145782470703,133.4278106689453
2017-02-22,127.096923828125,131.3500518798828
2017-02-23,127.36666870117188,131.93724060058594
2017-02-24,127.00700378417969,131.84690856933594
2017-02-27,125.88304138183594,130.44668579101562
2017-02-28,125.6133041381836,129.0012969970703
2017-03-01,129.83935546875,132.47926330566406
2017-03-02,130.2889404296875,132.8406219482422
2017-03-03,130.3339080810547,133.11163330078125
2017-03-06,129.3448486328125,131.30487060546875
2017-03-07,130.1990509033203,131.89207458496094
2017-03-08,128.62551879882812,130.94354248046875
2017-03-09,126.96204376220703,129.40780639648438
2017-03-10,127.18681335449219,129.81431579589844
2017-03-13,129.6145782470703,131.62106323242188
2017-03-14,127.14187622070312,130.8531951904297
2017-03-15,126.10783386230469,129.76914978027344
2017-03-16,126.10783386230469,129.9046630859375
2017-03-17,124.62422943115234,127.28489685058594
2017-03-20,123.32042694091797,126.47184753417969
2017-03-21,120.84773254394531,124.57476806640625
2017-03-22,122.60111236572266,126.15567016601562
2017-03-23,122.51118469238281,126.24601745605469
2017-03-24,122.10655212402344,125.97498321533203
2017-03-27,121.3422622680664,125.25228881835938
2017-03-28,123.41033935546875,127.28489685058594
2017-03-29,123.23051452636719,127.4203872680664
2017-03-30,122.46621704101562,127.3300552368164
2017-03-31,122.82588958740234,126.15567016601562
2017-04-03,122.01663970947266,125.97498321533203
2017-04-04,120.66788482666016,124.9813003540039
2017-04-05,119.72376251220703,124.16826629638672
2017-04-06,119.58889770507812,123.80690002441406
2017-04-07,119.49897766113281,123.80690002441406
2017-04-10,119.49897766113281,125.74913787841797
2017-04-11,118.46493530273438,124.34892272949219
2017-04-12,118.59980773925781,125.07161712646484
2017-04-13,117.9254379272461,123.7617416381836
2017-04-18,123.14058685302734,127.14938354492188
2017-04-19,125.56835174560547,130.80804443359375
2017-04-20,125.6133041381836,130.6725311279297
2017-04-21,125.88304138183594,129.63365173339844
2017-04-24,129.03013610839844,132.70510864257812
2017-04-25,130.9633331298828,133.92466735839844
2017-04-26,130.8734130859375,134.15049743652344
2017-04-27,129.83935546875,132.56959533691406
2017-04-28,130.8734130859375,133.65365600585938
2017-05-02,129.83935546875,133.29229736328125
2017-05-03,128.80532836914062,132.02757263183594
2017-05-04,129.3448486328125,132.93093872070312
2017-05-05,129.6595458984375,133.24713134765625
2017-05-08,130.6486358642578,134.5118408203125
2017-05-09,129.70449829101562,133.83432006835938
2017-05-10,129.83935546875,134.3311767578125
2017-05-11,130.76068115234375,134.78900146484375
2017-05-12,131.94650268554688,134.376953125
2017-05-15,131.67286682128906,135.5215606689453
2017-05-16,130.76068115234375,135.0179443359375
2017-05-17,128.38902282714844,132.59136962890625
2017-05-18,126.33662414550781,130.6226348876953
2017-05-19,127.1575698852539,130.9889373779297
2017-05-22,126.29100036621094,130.8057861328125
2017-05-23,125.97174072265625,131.08047485351562
2017-05-24,126.33662414550781,130.9889373779297
2017-05-25,126.56465911865234,130.71420288085938
2017-05-26,125.83491516113281,130.6226348876953
2017-05-29,125.24199676513672,129.98165893554688
2017-05-30,124.60346984863281,129.7069549560547
2017-05-31,122.00377655029297,127.69244384765625
2017-06-01,123.82811737060547,128.74549865722656
2017-06-02,125.47003936767578,129.93588256835938
2017-06-05,125.47003936767578,129.93588256835938
2017-06-06,123.09838104248047,128.012939453125
2017-06-07,121.50205993652344,126.27313232421875
2017-06-08,120.63550567626953,126.13578033447266
2017-06-09,120.95478057861328,126.22735595703125
2017-06-12,123.00717163085938,127.55510711669922
2017-06-13,123.37203979492188,127.96715545654297
2017-06-14,120.7723159790039,126.36470794677734
2017-06-15,119.8145523071289,125.2200927734375
2017-06-16,119.6777114868164,124.21283721923828
2017-06-19,119.6777114868164,124.44176483154297
2017-06-20,120.36184692382812,124.5791244506836
2017-06-21,120.63550567626953,124.44176483154297
2017-06-22,122.82472229003906,127.14305114746094
2017-06-23,121.91255187988281,125.49480438232422
2017-06-26,122.5054702758789,125.49480438232422
2017-06-27,122.32303619384766,126.41050720214844
2017-06-28,122.55107116699219,126.08999633789062
2017-06-29,121.31964111328125,124.71646118164062
2017-06-30,121.63890838623047,124.30441284179688
2017-07-03,123.87373352050781,125.9984359741211
2017-07-04,124.23860168457031,126.27313232421875
2017-07-05,123.73690032958984,126.08999633789062
2017-07-06,125.97174072265625,128.83705139160156
2017-07-07,126.56465911865234,129.29489135742188
2017-07-10,126.47344207763672,128.92861938476562
2017-07-11,127.8416976928711,130.11903381347656
2017-07-12,130.0309295654297,131.85882568359375
2017-07-13,130.76068115234375,133.14077758789062
2017-07-14,132.67625427246094,134.3311767578125
2017-07-17,131.85528564453125,134.42274475097656
2017-07-18,130.1677703857422,133.2781524658203
2017-07-19,130.8975067138672,134.0106964111328
2017-07-20,130.3957977294922,133.1865692138672
2017-07-21,125.6524887084961,129.43226623535156
2017-07-24,123.91934204101562,126.18157196044922
2017-07-25,122.27743530273438,125.35745239257812
2017-07-26,124.60346984863281,126.6852035522461
2017-07-27,121.63890838623047,124.67066955566406
2017-07-28,120.22502899169922,122.97667694091797
2017-07-31,118.67432403564453,121.740478515625
2017-08-01,119.7689437866211,122.97667694091797
2017-08-02,119.35845947265625,122.2441177368164
2017-08-03,118.5831069946289,120.13803100585938
2017-08-04,118.5831069946289,120.82479858398438
2017-08-07,117.89897155761719,120.32117462158203
2017-08-08,118.0357894897461,120.64166259765625
2017-08-09,116.75874328613281,118.90186309814453
2017-08-10,115.9833984375,117.84882354736328
2017-08-11,116.30265045166016,118.26087188720703
2017-08-14,117.30606079101562,119.26813507080078
2017-08-15,117.53411102294922,119.77176666259766
2017-08-16,118.40067291259766,120.96216583251953
2017-08-17,117.57970428466797,120.09225463867188
2017-08-18,116.75874328613281,119.08500671386719
2017-08-21,115.61852264404297,118.16931915283203
2017-08-22,116.12022399902344,118.26087188720703
2017-08-23,115.48169708251953,118.58137512207031
2017-08-24,116.39387512207031,119.58863067626953
2017-08-25,116.16583251953125,120.09225463867188
2017-08-28,116.2114486694336,120.09225463867188
2017-08-29,115.39048767089844,118.58137512207031
2017-08-30,114.84317779541016,118.62715911865234
2017-08-31,114.34147644042969,118.71871185302734
2017-09-01,115.39048767089844,120.00068664550781
2017-09-04,115.61852264404297,120.32117462158203
2017-09-05,117.76215362548828,121.87784576416016
2017-09-06,119.6777114868164,123.61763763427734
2017-09-07,120.08819580078125,124.16705322265625
2017-09-08,120.72673034667969,124.80803680419922
2017-09-11,121.31964111328125,125.63214874267578
2017-09-12,123.69129943847656,127.96715545654297
2017-09-13,124.60346984863281,128.1044921875
2017-09-14,124.46664428710938,128.012939453125
2017-09-15,124.74030303955078,128.88284301757812
2017-09-18,125.1963882446289,129.7527313232422
2017-09-19,125.37882995605469,129.8443145751953
2017-09-20,124.6947021484375,129.79852294921875
2017-09-21,125.78929901123047,130.71420288085938
2017-09-22,125.51565551757812,131.67568969726562
2017-09-25,125.6980972290039,131.17205810546875
2017-09-26,128.6626739501953,133.2323455810547
2017-09-27,128.34339904785156,132.72872924804688
2017-09-28,126.19978332519531,131.76724243164062
2017-09-29,125.88053131103516,131.17205810546875
2017-10-02,125.51565551757812,131.44676208496094
2017-10-03,125.51565551757812,131.44676208496094
2017-10-04,128.38902282714844,134.42274475097656
2017-10-05,129.25558471679688,135.4757843017578
2017-10-06,130.25897216796875,135.7962646484375
2017-10-09,129.711669921875,135.15530395507812
2017-10-10,128.9363250732422,134.78900146484375
2017-10-11,129.80288696289062,136.0251922607422
2017-10-12,131.07994079589844,136.80352783203125
2017-10-13,131.49041748046875,136.52882385253906
2017-10-16,131.12554931640625,137.03245544433594
2017-10-17,130.57823181152344,135.93362426757812
2017-10-18,131.94650268554688,137.30715942382812
2017-10-19,130.6238555908203,136.16253662109375
2017-10-20,129.1187744140625,135.70469665527344
2017-10-23,129.711669921875,136.0709991455078
2017-10-24,132.72186279296875,137.99391174316406
2017-10-25,131.8096923828125,137.03245544433594
2017-10-26,132.72186279296875,137.35293579101562
2017-10-27,138.65103149414062,141.5651092529297
2017-10-30,142.20851135253906,145.96038818359375
2017-10-31,142.20851135253906,145.96038818359375
2017-11-01,149.00424194335938,153.6979522705078
2017-11-02,149.09544372558594,152.23284912109375
2017-11-03,148.6393585205078,151.1798095703125
2017-11-06,147.90960693359375,151.4087371826172
2017-11-07,147.6815643310547,150.2183380126953
2017-11-08,144.39773559570312,148.47853088378906
2017-11-09,143.48556518554688,147.60862731933594
2017-11-10,142.7558135986328,145.8230438232422
2017-11-13,143.1206817626953,145.54832458496094
2017-11-14,141.66119384765625,144.6784210205078
2017-11-15,140.7946319580078,143.30490112304688
2017-11-16,144.2609100341797,146.60137939453125
2017-11-17,144.80821228027344,147.4712677001953
2017-11-20,150.87417602539062,152.69068908691406
2017-11-21,155.43507385253906,155.8040008544922
2017-11-22,152.51611328125,153.6063690185547
2017-11-23,153.017822265625,154.52206420898438
2017-11-24,154.56851196289062,154.84254455566406
2017-11-27,154.5229034423828,154.4762725830078
2017-11-28,155.8911590576172,154.6136474609375
2017-11-29,161.18179321289062,157.40647888183594
2017-11-30,162.45884704589844,159.2836151123047
2017-12-01,158.12600708007812,155.2088165283203
2017-12-04,158.12600708007812,156.12449645996094
2017-12-05,155.7543487548828,155.2088165283203
2017-12-06,151.3302764892578,151.6834259033203
2017-12-07,154.56851196289062,152.73648071289062
2017-12-08,157.03138732910156,155.75823974609375
2017-12-11,155.66311645507812,155.8955841064453
2017-12-12,154.56851196289062,155.7124481201172
2017-12-13,155.16143798828125,155.62086486816406
2017-12-14,154.75094604492188,156.21607971191406
2017-12-15,154.34046936035156,154.84254455566406
2017-12-18,157.89797973632812,158.13902282714844
2017-12-19,157.57870483398438,158.0016632080078
2017-12-20,154.79656982421875,155.57508850097656
2017-12-21,155.29824829101562,156.53656005859375
2017-12-22,154.1580352783203,155.6666717529297
2017-12-27,152.92657470703125,155.57508850097656
2017-12-28,152.78976440429688,155.6666717529297
2017-12-29,151.8319854736328,154.4762725830078
2018-01-02,151.14784240722656,154.56784057617188
2018-01-03,156.3837432861328,156.49078369140625
2018-01-04,159.1202850341797,159.51254272460938
2018-01-05,163.4622344970703,163.17527770996094
2018-01-08,164.04603576660156,164.8235321044922
2018-01-09,164.41090393066406,165.55609130859375
2018-01-10,162.55006408691406,164.3656768798828
2018-01-11,162.18519592285156,162.9921417236328
2018-01-12,164.02780151367188,165.73922729492188
2018-01-15,164.10076904296875,165.83078002929688
2018-01-16,167.8406982421875,170.40921020507812
2018-01-17,164.83050537109375,167.29588317871094
2018-01-18,164.15550231933594,168.5778350830078
2018-01-19,167.5852813720703,170.134521484375
2018-01-22,171.94549560546875,172.14901733398438
2018-01-23,170.81439208984375,170.134521484375
2018-01-24,167.85894775390625,168.94412231445312
2018-01-25,165.4508056640625,166.6549072265625
2018-01-26,165.9251251220703,167.57058715820312
2018-01-29,166.08932495117188,168.1199951171875
2018-01-30,162.91493225097656,164.73194885253906
2018-01-31,161.47369384765625,163.4499969482422
2018-02-01,162.0027618408203,162.9921417236328
2018-02-02,156.9492950439453,160.1535186767578
2018-02-05,154.0120849609375,155.57508850097656
2018-02-06,150.74649047851562,152.1870574951172
2018-02-07,156.3290252685547,158.2305908203125
2018-02-08,150.326904296875,153.74371337890625
2018-02-09,148.86740112304688,152.64491271972656
2018-02-12,151.29379272460938,154.7509765625
2018-02-13,149.34173583984375,155.1172637939453
2018-02-14,151.49447631835938,155.48353576660156
2018-02-15,150.58230590820312,156.30763244628906
2018-02-16,152.58908081054688,156.76548767089844
2018-02-19,151.29379272460938,155.94137573242188
2018-02-20,150.38160705566406,154.20155334472656
2018-02-21,149.19578552246094,152.37017822265625
2018-02-22,149.52418518066406,153.19432067871094
2018-02-23,148.32009887695312,152.73648071289062
2018-02-26,151.00189208984375,154.56784057617188
2018-02-27,149.65187072753906,152.64491271972656
2018-02-28,146.97006225585938,150.63038635253906
2018-03-01,143.3578643798828,148.0664825439453
2018-03-02,140.25645446777344,144.58685302734375
2018-03-05,140.05575561523438,144.4952850341797
2018-03-06,143.21189880371094,147.15077209472656
2018-03-07,142.2997283935547,145.68568420410156
2018-03-08,142.95648193359375,146.87606811523438
2018-03-09,143.10244750976562,146.87606811523438
2018-03-12,144.6531524658203,147.4254913330078
2018-03-13,140.94970703125,144.31216430664062
2018-03-14,142.93824768066406,146.418212890625
2018-03-15,146.86061096191406,149.98941040039062
2018-03-16,147.8822479248047,150.17254638671875
2018-03-19,145.52882385253906,147.05921936035156
2018-03-20,147.13426208496094,148.34117126464844
2018-03-21,146.40451049804688,148.0664825439453
2018-03-22,144.10581970214844,145.68568420410156
2018-03-23,140.1834716796875,142.4807891845703
2018-03-26,141.150390625,143.7627410888672
2018-03-27,142.71932983398438,146.23509216308594
2018-03-28,141.38755798339844,143.8543243408203
2018-03-29,147.2072296142578,148.89059448242188
2018-04-03,148.11941528320312,150.17254638671875
2018-04-04,147.3166961669922,148.43275451660156
2018-04-05,152.44313049316406,152.46176147460938
2018-04-06,150.5093231201172,151.5460662841797
2018-04-09,149.8343048095703,150.538818359375
2018-04-10,156.51145935058594,155.30039978027344
2018-04-11,157.95269775390625,156.76548767089844
2018-04-12,161.090576171875,159.05470275878906
2018-04-13,161.71087646484375,158.87156677246094
2018-04-16,157.02227783203125,156.03294372558594
2018-04-17,159.39395141601562,157.9558868408203
2018-04-18,159.0473175048828,158.41371154785156
2018-04-19,158.06214904785156,156.67391967773438
2018-04-20,156.0736083984375,155.39195251464844
2018-04-23,154.55938720703125,154.01841735839844
2018-04-24,154.7418212890625,154.4762725830078
2018-04-25,152.33367919921875,151.7292022705078
2018-04-26,156.3837432861328,155.39195251464844
2018-04-27,157.5513458251953,154.9341278076172
2018-04-30,156.74862670898438,155.1172637939453
2018-05-02,162.2216796875,159.8788299560547
2018-05-03,160.5797576904297,157.1317596435547
2018-05-04,161.177001953125,158.72462463378906
2018-05-07,164.44308471679688,160.50489807128906
2018-05-08,162.11016845703125,160.03639221191406
2018-05-09,159.38531494140625,157.60023498535156
2018-05-10,160.13185119628906,158.5372314453125
2018-05-11,160.7850799560547,158.72462463378906
2018-05-14,159.88922119140625,157.88134765625
2018-05-15,161.9421844482422,159.38052368164062
2018-05-16,160.8223876953125,159.09942626953125
2018-05-17,162.39012145996094,159.94268798828125
2018-05-18,161.5316162109375,160.2238006591797
2018-05-21,161.5316162109375,160.2238006591797
2018-05-22,164.79769897460938,161.25448608398438
2018-05-23,160.28115844726562,159.00572204589844
2018-05-24,156.21253967285156,156.4758758544922
2018-05-25,158.7694091796875,156.569580078125
2018-05-28,155.98858642578125,155.72628784179688
2018-05-29,151.65867614746094,151.50987243652344
2018-05-30,153.17039489746094,151.97836303710938
2018-05-31,150.18426513671875,149.07371520996094
2018-06-01,151.30406188964844,149.9169921875
2018-06-04,151.3600616455078,149.8232879638672
2018-06-05,151.41604614257812,151.3224639892578
2018-06-06,152.10659790039062,151.97836303710938
2018-06-07,152.01327514648438,152.54055786132812
2018-06-08,148.74717712402344,150.6665802001953
2018-06-11,148.59788513183594,148.88632202148438
2018-06-12,148.896484375,149.44851684570312
2018-06-13,149.10179138183594,150.2917938232422
2018-06-14,152.42385864257812,152.7279510498047
2018-06-15,150.25892639160156,147.6682586669922
2018-06-18,145.63040161132812,144.48251342773438
2018-06-19,142.12167358398438,141.20306396484375
2018-06-20,144.11865234375,142.88963317871094
2018-06-21,139.6394500732422,139.0480194091797
2018-06-22,139.39682006835938,138.86061096191406
2018-06-25,136.00009155273438,135.3000946044922
2018-06-26,134.86163330078125,134.3631134033203
2018-06-27,136.74661254882812,137.17405700683594
2018-06-28,133.5738525390625,133.61354064941406
2018-06-29,132.71534729003906,132.5828399658203
2018-07-02,131.67018127441406,131.0836639404297
2018-07-03,132.51004028320312,131.27108764648438
2018-07-04,133.1632537841797,132.02066040039062
2018-07-05,138.55697631835938,136.89297485351562
2018-07-06,137.86643981933594,135.95599365234375
2018-07-09,136.2427215576172,135.20640563964844
2018-07-10,136.2240447998047,135.20640563964844
2018-07-11,133.27523803710938,131.73956298828125
2018-07-12,133.34988403320312,132.48915100097656
2018-07-13,134.37637329101562,133.14505004882812
2018-07-16,133.18191528320312,132.3954620361328
2018-07-17,134.45103454589844,134.08201599121094
2018-07-18,137.47450256347656,136.33078002929688
2018-07-19,138.1090545654297,136.51815795898438
2018-07-20,134.99227905273438,133.7072296142578
2018-07-23,136.14938354492188,134.6442108154297
2018-07-24,139.9753875732422,137.92364501953125
2018-07-25,136.16806030273438,133.7072296142578
2018-07-26,141.56178283691406,139.32911682128906
2018-07-27,141.02053833007812,138.20472717285156
2018-07-30,141.33782958984375,139.2354278564453
2018-07-31,142.04702758789062,138.7669219970703
2018-08-01,136.80262756347656,134.2694091796875
2018-08-02,133.8164825439453,132.5828399658203
2018-08-03,135.62681579589844,134.1757049560547
2018-08-06,135.75746154785156,134.92529296875
2018-08-07,137.0639190673828,134.92529296875
2018-08-08,137.94110107421875,136.0496826171875
2018-08-09,137.95974731445312,136.23707580566406
2018-08-10,134.73098754882812,133.42611694335938
2018-08-13,134.3577117919922,133.14505004882812
2018-08-14,133.34988403320312,132.02066040039062
2018-08-15,129.18795776367188,128.0853271484375
2018-08-16,130.12112426757812,128.8349151611328
2018-08-17,129.46791076660156,128.46014404296875
2018-08-20,129.7105255126953,129.11602783203125
2018-08-21,131.31558227539062,131.0836639404297
2018-08-22,129.54257202148438,129.02232360839844
2018-08-23,128.7213592529297,127.33575439453125
2018-08-24,128.77735900878906,127.99164581298828
2018-08-27,132.00613403320312,131.5521697998047
2018-08-28,133.7978057861328,132.9576416015625
2018-08-29,133.592529296875,131.45848083496094
2018-08-30,133.31256103515625,131.6458740234375
2018-08-31,131.42755126953125,129.9593048095703
2018-09-03,128.7213592529297,127.80423736572266
2018-09-04,127.09764862060547,125.74287414550781
2018-09-05,127.04167175292969,125.27439880371094
2018-09-06,127.1349868774414,125.55548858642578
2018-09-07,126.98567962646484,125.55548858642578
2018-09-10,128.31077575683594,126.67987060546875
2018-09-11,128.19879150390625,127.14835357666016
2018-09-12,129.15061950683594,127.80423736572266
2018-09-13,131.37156677246094,130.05300903320312
2018-09-14,134.37637329101562,132.48915100097656
2018-09-17,134.8242950439453,133.23873901367188
2018-09-18,138.33302307128906,136.7992706298828
2018-09-19,141.0018768310547,139.7039031982422
2018-09-20,142.30831909179688,141.577880859375
2018-09-21,144.06268310546875,143.45184326171875
2018-09-24,142.71890258789062,141.76527404785156
2018-09-25,140.42330932617188,139.1417236328125
2018-09-26,141.1885223388672,139.8913116455078
2018-09-27,143.57742309570312,142.1400604248047
2018-09-28,141.4684600830078,140.64089965820312
2018-10-01,142.30831909179688,141.10939025878906
2018-10-02,142.71890258789062,141.95265197753906
2018-10-04,141.91639709472656,141.01568603515625
2018-10-05,139.32217407226562,138.11102294921875
2018-10-08,137.17588806152344,136.1433868408203
2018-10-09,136.74661254882812,135.95599365234375
2018-10-10,133.94711303710938,131.833251953125
2018-10-11,131.0916290283203,129.11602783203125
2018-10-12,130.7930145263672,128.8349151611328
2018-10-15,134.768310546875,132.02066040039062
2018-10-16,137.5678253173828,135.393798828125
2018-10-17,137.26919555664062,134.45681762695312
2018-10-18,135.8507843017578,133.0513458251953
2018-10-19,134.3577117919922,130.14669799804688
2018-10-22,132.8273162841797,130.33409118652344
2018-10-23,130.36375427246094,127.99164581298828
2018-10-24,124.76473236083984,122.83824920654297
2018-10-25,127.84420013427734,126.02398681640625
2018-10-26,127.73221588134766,126.02398681640625
2018-10-29,132.90196228027344,129.86561584472656
2018-10-30,136.9332733154297,134.55052185058594
2018-10-31,138.81825256347656,136.6118621826172
2018-11-01,141.4124755859375,138.7669219970703
2018-11-02,144.04400634765625,141.67156982421875
2018-11-05,145.0518341064453,141.577880859375
2018-11-06,145.70504760742188,141.4841766357422
2018-11-07,144.60391235351562,141.67156982421875
2018-11-08,141.1885223388672,138.29844665527344
2018-11-09,136.2987060546875,134.1757049560547
2018-11-12,136.09341430664062,133.7072296142578
2018-11-13,138.0717315673828,135.393798828125
2018-11-14,139.32217407226562,136.0496826171875
2018-11-15,137.77310180664062,135.20640563964844
2018-11-16,134.3017120361328,132.9576416015625
2018-11-19,136.9145965576172,134.3631134033203
2018-11-20,136.01873779296875,132.48915100097656
2018-11-21,142.17767333984375,138.48583984375
2018-11-22,141.76708984375,137.2677459716797
2018-11-23,140.889892578125,136.98666381835938
2018-11-26,143.87603759765625,139.32911682128906
2018-11-27,138.1090545654297,135.95599365234375
2018-11-28,139.06089782714844,136.42446899414062
2018-11-29,140.03138732910156,136.51815795898438
2018-11-30,138.9488983154297,136.70556640625
2018-12-03,142.94285583496094,139.7039031982422
2018-12-04,138.6129608154297,135.393798828125
2018-12-05,137.7357940673828,135.11268615722656
2018-12-06,133.44320678710938,129.58450317382812
2018-12-07,133.89112854003906,132.20806884765625
2018-12-10,131.55819702148438,130.33409118652344
2018-12-11,136.33604431152344,134.08201599121094
2018-12-12,140.1060333251953,138.86061096191406
2018-12-13,139.6954345703125,140.45347595214844
2018-12-14,137.84776306152344,137.2677459716797
2018-12-17,136.69064331054688,136.7992706298828
2018-12-18,136.50399780273438,136.0496826171875
2018-12-19,137.0639190673828,136.51815795898438
2018-12-20,134.28305053710938,134.2694091796875
2018-12-21,133.72315979003906,135.393798828125
2018-12-27,128.25479125976562,127.61685180664062
2018-12-28,129.63587951660156,130.33409118652344
2019-01-02,127.15364074707031,127.61685180664062
2019-01-03,125.7538833618164,127.0546646118164
2019-01-04,131.0916290283203,132.02066040039062
2019-01-07,131.24093627929688,133.23873901367188
2019-01-08,133.44320678710938,134.55052185058594
2019-01-09,136.69064331054688,138.11102294921875
2019-01-10,135.23489379882812,137.64254760742188
2019-01-11,132.67799377441406,136.70556640625
2019-01-14,134.4883575439453,137.54885864257812
2019-01-15,135.36553955078125,138.48583984375
2019-01-16,135.2162322998047,137.8299560546875
2019-01-17,133.34988403320312,136.23707580566406
2019-01-18,135.92543029785156,137.7362518310547
2019-01-21,135.19757080078125,138.017333984375
2019-01-22,134.00311279296875,136.70556640625
2019-01-23,132.75265502929688,135.6748809814453
2019-01-24,135.81346130371094,139.0480194091797
2019-01-25,141.5057830810547,144.48251342773438
2019-01-28,139.73277282714844,142.88963317871094
2019-01-29,137.7544403076172,141.20306396484375
2019-01-30,137.5678253173828,141.577880859375
2019-01-31,138.6876220703125,142.42115783691406
2019-02-01,139.56480407714844,143.26443481445312
2019-02-04,137.79177856445312,141.01568603515625
2019-02-05,139.34085083007812,142.51486206054688
2019-02-06,139.41549682617188,142.04635620117188
2019-02-07,132.80865478515625,137.54885864257812
2019-02-08,130.5130615234375,134.83160400390625
2019-02-11,131.4462127685547,135.0189971923828
2019-02-12,134.600341796875,137.4551544189453
2019-02-13,134.13375854492188,137.3614501953125
2019-02-14,132.37939453125,136.7992706298828
2019-02-15,134.7496337890625,138.20472717285156
2019-02-18,133.20059204101562,137.3614501953125
2019-02-19,133.61117553710938,137.54885864257812
2019-02-20,136.87725830078125,141.4841766357422
2019-02-21,136.78395080566406,141.67156982421875
2019-02-22,136.9145965576172,142.42115783691406
2019-02-25,141.07652282714844,146.16908264160156
2019-02-26,140.92723083496094,145.70059204101562
2019-02-27,141.5244598388672,145.79429626464844
2019-02-28,140.81524658203125,145.6068878173828
2019-03-01,143.87603759765625,147.4808349609375
2019-03-04,143.93203735351562,147.6682586669922
2019-03-05,143.9133758544922,147.10606384277344
2019-03-06,142.0096893310547,145.04469299316406
2019-03-07,139.91940307617188,143.9203338623047
2019-03-08,137.23187255859375,141.67156982421875
2019-03-11,136.85861206054688,140.92198181152344
2019-03-12,134.3577117919922,139.42282104492188
2019-03-13,135.81346130371094,140.54718017578125
2019-03-14,134.5256805419922,138.95431518554688
2019-03-15,134.67498779296875,138.67323303222656
2019-03-18,135.776123046875,139.32911682128906
2019-03-19,138.01573181152344,143.54551696777344
2019-03-20,134.3017120361328,139.8913116455078
2019-03-21,133.38722229003906,138.29844665527344
2019-03-22,129.84117126464844,134.92529296875
2019-03-25,130.47573852539062,135.0189971923828
2019-03-26,129.35592651367188,133.9883270263672
2019-03-27,129.7478485107422,133.9883270263672
2019-03-28,129.22528076171875,134.45681762695312
2019-03-29,130.94232177734375,135.95599365234375
2019-04-01,134.80563354492188,139.09486389160156
2019-04-02,136.33604431152344,140.96884155273438
2019-04-03,138.59429931640625,142.88963317871094
2019-04-04,139.93807983398438,144.81045532226562
2019-04-05,138.81825256347656,143.40499877929688
2019-04-08,139.34085083007812,144.62306213378906
2019-04-09,138.1090545654297,142.65541076660156
2019-04-10,137.7357940673828,142.51486206054688
2019-04-11,141.03921508789062,144.85731506347656
2019-04-12,143.09217834472656,146.63755798339844
2019-04-15,144.62257385253906,148.51153564453125
2019-04-16,146.15296936035156,150.0575408935547
2019-04-17,150.57618713378906,154.74244689941406
2019-04-18,152.23724365234375,156.10107421875
2019-04-23,149.3070831298828,154.0397186279297
2019-04-24,146.97415161132812,152.11891174316406
2019-04-25,145.07049560546875,149.54222106933594
2019-04-26,145.35043334960938,149.87014770507812
2019-04-29,145.76104736328125,150.6665802001953
2019-04-30,144.67855834960938,149.3548126220703
2019-05-02,149.9976348876953,153.94602966308594
2019-05-03,149.568359375,153.19644165039062
2019-05-06,147.0861358642578,150.2917938232422
2019-05-07,144.09999084472656,146.63755798339844
2019-05-08,144.2493133544922,147.0592041015625
2019-05-09,141.37513732910156,145.27894592285156
2019-05-10,140.27401733398438,141.71841430664062
2019-05-13,137.67979431152344,139.9381561279297
2019-05-14,139.06089782714844,141.10939025878906
2019-05-15,143.84544372558594,146.3356475830078
2019-05-16,142.8615264892578,144.4967803955078
2019-05-17,141.93548583984375,144.98069763183594
2019-05-20,139.6975555419922,142.02882385253906
2019-05-21,139.581787109375,142.22238159179688
2019-05-22,139.19593811035156,141.4481201171875
2019-05-23,136.977294921875,138.0123291015625
2019-05-24,137.80686950683594,139.70603942871094
2019-05-27,138.9644317626953,140.7222442626953
2019-05-28,139.71682739257812,142.36756896972656
2019-05-29,138.21202087402344,140.7706298828125
2019-05-30,138.15414428710938,139.99636840820312
2019-05-31,134.5657196044922,137.52842712402344
2019-06-03,135.1059112548828,137.86715698242188
2019-06-04,139.543212890625,142.85147094726562
2019-06-05,137.72970581054688,140.7706298828125
2019-06-06,136.8229522705078,140.38351440429688
2019-06-07,136.86154174804688,140.43190002441406
2019-06-11,138.65574645996094,142.3191680908203
2019-06-12,137.32455444335938,141.10939025878906
2019-06-13,137.74899291992188,141.20616149902344
2019-06-14,136.2441864013672,139.46408081054688
2019-06-17,135.74256896972656,140.33511352539062
2019-06-18,138.2506103515625,142.8998565673828
2019-06-19,140.21844482421875,144.9322967529297
2019-06-20,141.70396423339844,146.04530334472656
2019-06-21,141.97406005859375,145.65817260742188
2019-06-24,141.80043029785156,144.9322967529297
2019-06-25,140.75863647460938,143.0934295654297
2019-06-26,142.28274536132812,144.9322967529297
2019-06-27,141.97406005859375,145.2710418701172
2019-06-28,142.97727966308594,146.28726196289062
2019-07-01,144.69432067871094,147.4486541748047
2019-07-02,145.65895080566406,148.27130126953125
2019-07-03,148.186279296875,151.17478942871094
2019-07-04,149.17019653320312,152.6749267578125
2019-07-05,149.13162231445312,151.85226440429688
2019-07-08,149.3245391845703,151.99745178222656
2019-07-09,148.51425170898438,150.98123168945312
2019-07-10,147.00942993164062,149.4326934814453
2019-07-11,146.56570434570312,149.3843231201172
2019-07-12,148.10910034179688,150.3037567138672
2019-07-15,148.74575805664062,151.90066528320312
2019-07-16,149.4595947265625,152.43296813964844
2019-07-17,147.64608764648438,150.1585693359375
2019-07-18,146.10269165039062,147.98095703125
2019-07-19,146.10269165039062,148.5132598876953
2019-07-22,146.0447998046875,149.48109436035156
2019-07-23,151.58177185058594,154.8041534423828
2019-07-24,153.00941467285156,156.15911865234375
2019-07-25,148.6107177734375,153.11044311523438
2019-07-26,149.7682647705078,153.5943603515625
2019-07-29,147.7811279296875,152.6265411376953
2019-07-30,146.37278747558594,150.8844451904297
2019-07-31,145.60107421875,149.72305297851562
2019-08-01,145.3116912841797,149.7714385986328
2019-08-02,141.06732177734375,146.04530334472656
2019-08-05,137.92262268066406,142.60951232910156
2019-08-06,137.88404846191406,142.22238159179688
2019-08-07,137.72970581054688,142.56112670898438
2019-08-08,139.17665100097656,143.86769104003906
2019-08-09,136.34063720703125,140.96420288085938
2019-08-12,135.97409057617188,140.81903076171875
2019-08-13,137.845458984375,142.17398071289062
2019-08-14,134.93228149414062,139.2221221923828
2019-08-15,133.2731170654297,138.15750122070312
2019-08-16,134.91297912597656,138.8833770751953
2019-08-19,137.28598022460938,141.59329223632812
2019-08-20,136.147705078125,139.8028106689453
2019-08-21,137.5946502685547,141.4965057373047
2019-08-22,137.9998016357422,140.7706298828125
2019-08-23,136.16700744628906,139.46408081054688
2019-08-26,137.1509246826172,139.36729431152344
2019-08-27,138.4242401123047,141.4481201171875
2019-08-28,138.4628143310547,140.7706298828125
2019-08-29,140.14126586914062,142.36756896972656
2019-08-30,140.93228149414062,143.6741180419922
2019-09-02,141.47247314453125,144.1580352783203
2019-09-03,141.10589599609375,144.0128631591797
2019-09-04,142.7264862060547,146.04530334472656
2019-09-05,145.50460815429688,148.80361938476562
2019-09-06,145.08016967773438,148.3197021484375
2019-09-09,148.6300048828125,151.46514892578125
2019-09-10,149.15090942382812,153.20724487304688
2019-09-11,150.1927032470703,153.64276123046875
2019-09-12,151.2152099609375,154.99771118164062
2019-09-13,152.46922302246094,156.15911865234375
2019-09-16,151.98690795898438,155.86875915527344
2019-09-17,150.32774353027344,154.56219482421875
2019-09-18,150.42422485351562,154.75575256347656
2019-09-19,153.29881286621094,156.25588989257812
2019-09-20,154.14768981933594,156.59463500976562
2019-09-23,151.0415802001953,154.07827758789062
2019-09-24,147.7811279296875,150.497314453125
2019-09-25,148.4370880126953,150.01339721679688
2019-09-26,148.20556640625,150.59410095214844
2019-09-27,149.42100524902344,151.80389404296875
2019-09-30,150.53997802734375,152.6265411376953
2019-10-01,148.3599090576172,150.1585693359375
2019-10-02,143.86474609375,145.70657348632812
2019-10-04,142.59144592285156,143.6741180419922
2019-10-07,143.2859649658203,144.25482177734375
2019-10-08,143.82615661621094,144.69033813476562
2019-10-09,144.69432067871094,145.2710418701172
2019-10-10,148.49496459960938,148.8520050048828
2019-10-11,155.7875518798828,155.82037353515625
2019-10-14,156.1155242919922,157.126953125
2019-10-15,158.8164825439453,158.82064819335938
2019-10-16,163.77467346191406,162.35321044921875
2019-10-17,164.1605224609375,164.04690551757812
2019-10-18,163.35023498535156,162.4499969482422
2019-10-21,164.8357696533203,163.80496215820312
2019-10-22,164.9708251953125,164.33726501464844
2019-10-23,165.54959106445312,164.5792236328125
2019-10-24,168.81004333496094,166.4664764404297
2019-10-25,166.263427734375,165.3050994873047
2019-10-28,169.8904266357422,167.91822814941406
2019-10-29,167.17018127441406,166.66004943847656
2019-10-30,168.4049072265625,167.62786865234375
2019-10-31,164.66213989257812,164.4340362548828
2019-11-01,166.59140014648438,166.99879455566406
2019-11-04,171.433837890625,171.64437866210938
2019-11-05,171.8968505859375,172.70896911621094
2019-11-06,173.3052215576172,172.3218536376953
2019-11-07,177.7232208251953,176.62867736816406
2019-11-08,175.25375366210938,175.03176879882812
2019-11-11,175.0801239013672,175.17694091796875
2019-11-12,176.4691925048828,175.99960327148438
2019-11-13,174.59780883789062,174.0155487060547
2019-11-14,173.55601501464844,173.5800323486328
2019-11-15,176.97080993652344,175.90281677246094
2019-11-18,169.716796875,170.09584045410156
2019-11-19,171.04798889160156,171.74114990234375
2019-11-20,169.2923583984375,170.09584045410156
2019-11-21,170.10264587402344,171.4024200439453
2019-11-22,170.81646728515625,170.9185028076172
2019-11-25,170.7393035888672,170.7733154296875
2019-11-26,169.65892028808594,169.61192321777344
2019-11-27,171.5881805419922,170.48297119140625
2019-11-28,170.4499053955078,168.88604736328125
2019-11-29,169.27305603027344,167.57948303222656
2019-12-02,168.5978240966797,166.9503936767578
2019-12-03,168.1348114013672,167.43431091308594
2019-12-04,168.96438598632812,167.62786865234375
2019-12-05,168.75216674804688,168.83766174316406
2019-12-06,170.35345458984375,170.53135681152344
2019-12-09,169.60104370117188,169.27317810058594
2019-12-10,169.4852752685547,169.36996459960938
2019-12-11,171.93544006347656,171.64437866210938
2019-12-12,173.22804260253906,172.07989501953125
2019-12-13,176.81646728515625,174.88658142089844
2019-12-16,175.79396057128906,173.62840270996094
2019-12-17,174.6942901611328,172.07989501953125
2019-12-18,173.32449340820312,171.6927490234375
2019-12-19,170.8357696533203,169.4667510986328
2019-12-20,170.70071411132812,169.4667510986328
2019-12-23,169.92901611328125,168.45053100585938
2019-12-27,170.4113311767578,169.03121948242188
2019-12-30,170.00619506835938,167.67626953125
2020-01-02,174.11549377441406,171.8379364013672
2020-01-03,170.39202880859375,169.07962036132812
2020-01-06,170.37274169921875,169.70870971679688
2020-01-07,169.83255004882812,169.56353759765625
2020-01-08,170.565673828125,169.90228271484375
2020-01-09,175.29234313964844,173.33807373046875
2020-01-10,178.95794677734375,177.20938110351562
2020-01-13,178.72642517089844,175.95120239257812
2020-01-14,178.66854858398438,176.3383331298828
2020-01-15,176.16050720214844,174.88658142089844
2020-01-16,173.55601501464844,172.7573699951172
2020-01-17,174.94508361816406,173.91876220703125
2020-01-20,175.5817413330078,175.8544158935547
2020-01-21,174.88720703125,175.4188995361328
2020-01-22,172.80360412597656,173.2412872314453
2020-01-23,170.3341522216797,170.82171630859375
2020-01-24,171.24090576171875,169.8054962158203
2020-01-27,165.5688934326172,165.40187072753906
2020-01-28,166.35989379882812,165.8857879638672
2020-01-29,163.90972900390625,165.35348510742188
2020-01-30,158.19912719726562,161.1918182373047
2020-01-31,156.6364288330078,160.2723846435547
2020-02-03,157.0415802001953,159.35293579101562
2020-02-04,161.17018127441406,163.9501190185547
2020-02-05,164.60426330566406,166.66004943847656
2020-02-06,164.37274169921875,166.9503936767578
2020-02-07,160.5335235595703,164.19207763671875
2020-02-10,158.56568908691406,161.43377685546875
2020-02-11,161.5174560546875,163.75656127929688
2020-02-12,167.01583862304688,169.36996459960938
2020-02-13,166.43704223632812,168.11178588867188
2020-02-14,164.43063354492188,165.78900146484375
2020-02-17,166.4177703857422,168.35374450683594
2020-02-18,163.36953735351562,165.159912109375
2020-02-19,164.10264587402344,166.2245330810547
2020-02-20,163.44671630859375,164.96633911132812
2020-02-21,160.14767456054688,162.74034118652344
2020-02-24,151.4467315673828,153.20724487304688
2020-02-25,149.80685424804688,151.46514892578125
2020-02-26,150.1541290283203,152.2877960205078
2020-02-27,143.55606079101562,146.1904754638672
2020-02-28,143.32455444335938,147.4002685546875
2020-03-02,144.34706115722656,147.7873992919922
2020-03-03,147.68467712402344,149.577880859375
2020-03-04,149.17019653320312,151.5619354248047
2020-03-05,145.1766357421875,147.5938262939453
2020-03-06,141.9933624267578,144.35159301757812
2020-03-09,127.06090545654297,130.26971435546875
2020-03-10,126.90656280517578,131.72145080566406
2020-03-11,127.71685028076172,131.72145080566406
2020-03-12,108.28923034667969,111.05831146240234
2020-03-13,106.95803833007812,112.36487579345703
2020-03-16,93.94519805908203,104.71903228759766
2020-03-17,95.57542419433594,107.33216857910156
2020-03-18,84.11563110351562,98.23458099365234
2020-03-19,84.73299407958984,102.39624786376953
2020-03-20,90.80050659179688,100.60575866699219
2020-03-23,88.98700714111328,100.36380004882812
2020-03-24,105.93553924560547,112.89718627929688
2020-03-25,110.81655883789062,119.43002319335938
2020-03-26,109.67829132080078,122.9142074584961
2020-03-27,101.69116973876953,115.75227355957031
2020-03-30,101.30531311035156,114.8812255859375
2020-03-31,103.0609359741211,117.49436950683594
2020-04-01,95.49825286865234,110.71956634521484
2020-04-02,95.33426666259766,112.46165466308594
2020-04-03,95.41143798828125,111.97774505615234
2020-04-06,108.96446990966797,120.20428466796875
2020-04-07,112.26349639892578,124.26915740966797
2020-04-08,113.96125030517578,124.1723861694336
2020-04-09,118.20561218261719,128.72117614746094
2020-04-14,118.78439331054688,129.882568359375
2020-04-15,112.0898666381836,124.84986114501953
2020-04-16,112.99662017822266,127.36622619628906
2020-04-17,120.1927490234375,130.17291259765625
2020-04-20,120.32779693603516,133.07640075683594
2020-04-21,112.37925720214844,124.26915740966797
2020-04-22,114.57861328125,124.55950927734375
2020-04-23,116.46928405761719,127.07587432861328
2020-04-24,113.2088394165039,123.88203430175781
2020-04-27,118.57217407226562,128.6243896484375
2020-04-28,121.5625228881836,132.88284301757812
2020-04-29,128.6043243408203,141.59329223632812
2020-04-30,123.68470764160156,131.91500854492188
2020-05-04,116.75867462158203,124.07559967041016
2020-05-05,122.7007827758789,131.1407470703125
2020-05-06,122.37281036376953,130.36648559570312
2020-05-07,122.64290618896484,130.9471893310547
2020-05-08,124.35994720458984,134.5281524658203
2020-05-11,122.79724884033203,133.94744873046875
2020-05-12,122.6814956665039,133.07640075683594
2020-05-13,115.5239486694336,126.30160522460938
2020-05-14,112.30208587646484,123.88203430175781
2020-05-15,116.95159912109375,126.20481872558594
2020-05-18,126.63646697998047,133.75387573242188
2020-05-19,127.58180236816406,133.94744873046875
2020-05-20,128.7779541015625,136.5605926513672
2020-05-21,127.79402160644531,135.20562744140625
2020-05-22,128.0834197998047,135.39918518066406
2020-05-25,129.2216796875,135.59275817871094
2020-05-26,131.9998016357422,140.33511352539062
2020-05-27,135.16378784179688,147.4002685546875
2020-05-28,132.36636352539062,143.91607666015625
2020-05-29,127.81331634521484,137.81875610351562
2020-06-02,135.14450073242188,142.7546844482422
2020-06-03,138.05767822265625,147.1099090576172
2020-06-04,136.63002014160156,147.30348205566406
2020-06-05,143.7104034423828,151.65870666503906
2020-06-08,143.24737548828125,154.07827758789062
2020-06-09,140.41136169433594,151.36834716796875
2020-06-10,138.11553955078125,150.3037567138672
2020-06-11,127.73614501953125,139.75440979003906
2020-06-12,129.2216796875,141.6900634765625
2020-06-15,131.5367889404297,141.20616149902344
2020-06-16,131.74900817871094,142.7546844482422
2020-06-17,129.3953094482422,142.17398071289062
2020-06-18,127.89048767089844,139.27049255371094
2020-06-19,126.05768585205078,138.10911560058594
2020-06-22,125.67184448242188,138.20590209960938
2020-06-23,131.3824462890625,141.01258850097656
2020-06-24,125.0351791381836,136.3670196533203
2020-06-25,128.35350036621094,138.98016357421875
2020-06-26,128.6043243408203,137.72198486328125
2020-06-29,129.8197479248047,139.17372131347656
2020-06-30,130.16700744628906,138.68980407714844
2020-07-01,128.6043243408203,138.3994598388672
2020-07-02,132.34707641601562,141.6900634765625
2020-07-03,130.7843780517578,140.5286865234375
2020-07-06,133.92906188964844,142.27076721191406
2020-07-07,133.13807678222656,139.947998046875
2020-07-08,130.63003540039062,139.36729431152344
2020-07-09,130.80368041992188,138.78659057617188
2020-07-10,135.0287322998047,142.56112670898438
2020-07-13,134.372802734375,141.01258850097656
2020-07-14,132.5207061767578,141.20616149902344
2020-07-15,136.16700744628906,143.81930541992188
2020-07-16,136.34063720703125,145.17425537109375
2020-07-17,139.33099365234375,143.72251892089844
2020-07-21,139.87118530273438,146.14208984375
2020-07-22,139.23451232910156,145.2710418701172
2020-07-23,139.4274444580078,146.91635131835938
2020-07-24,136.99658203125,145.17425537109375
2020-07-27,136.2441864013672,144.5935516357422
2020-07-28,136.78436279296875,144.20643615722656
2020-07-29,132.77151489257812,140.5286865234375
2020-07-30,124.63004302978516,133.94744873046875
2020-07-31,120.57860565185547,128.4308319091797
2020-08-03,126.54000091552734,134.33457946777344
2020-08-04,129.74256896972656,139.56085205078125
2020-08-05,130.16700744628906,140.43190002441406
2020-08-06,129.26025390625,140.81903076171875
2020-08-07,128.16058349609375,139.17372131347656
2020-08-10,128.411376953125,140.2383270263672
2020-08-11,135.04803466796875,146.23887634277344
2020-08-12,135.6846923828125,148.07774353027344
2020-08-13,133.83261108398438,145.8517303466797
2020-08-14,134.06410217285156,145.7549591064453
2020-08-17,134.2570343017578,146.23887634277344
2020-08-18,133.60108947753906,145.65817260742188
2020-08-19,134.50784301757812,146.62600708007812
2020-08-20,131.78758239746094,143.625732421875
2020-08-21,131.26669311523438,142.65789794921875
2020-08-24,132.9258575439453,145.0774688720703
2020-08-25,131.3824462890625,145.0774688720703
2020-08-26,134.08340454101562,147.4002685546875
2020-08-27,135.16378784179688,147.88418579101562
2020-08-28,134.58502197265625,147.30348205566406
2020-08-31,134.411376953125,145.36782836914062
2020-09-01,135.14450073242188,144.0128631591797
2020-09-02,135.35671997070312,144.5935516357422
2020-09-03,137.7104034423828,145.36782836914062
2020-09-04,137.94192504882812,146.3356475830078
2020-09-07,144.4821014404297,152.23941040039062
2020-09-08,145.81329345703125,153.30401611328125
2020-09-09,145.96763610839844,156.69140625
2020-09-10,145.62037658691406,155.62681579589844
2020-09-11,144.53997802734375,153.98150634765625
2020-09-14,143.1702117919922,152.72332763671875
2020-09-15,143.09303283691406,152.23941040039062
2020-09-16,143.40171813964844,152.336181640625
2020-09-17,142.4178009033203,150.98123168945312
2020-09-21,128.87442016601562,138.8833770751953
2020-09-22,130.05126953125,140.33511352539062
2020-09-23,130.6879119873047,140.1415557861328
2020-09-24,131.71041870117188,142.07720947265625
2020-09-25,128.58502197265625,139.46408081054688
2020-09-28,133.31170654296875,145.65817260742188
2020-09-29,133.83261108398438,145.46461486816406
2020-09-30,132.5399932861328,144.39999389648438
2020-10-01,134.3000030517578,144.10000610351562
2020-10-02,132.0,143.5
2020-10-05,134.6999969482422,146.8000030517578
2020-10-06,137.47999572753906,147.3000030517578
2020-10-07,138.9199981689453,148.6999969482422
2020-10-08,137.97999572753906,147.0
2020-10-09,137.66000366210938,146.6999969482422
2020-10-12,139.39999389648438,149.10000610351562
2020-10-13,138.5,147.1999969482422
2020-10-14,139.17999267578125,147.8000030517578
2020-10-15,134.9199981689453,144.0
2020-10-16,138.27999877929688,147.10000610351562
2020-10-19,139.27999877929688,147.39999389648438
2020-10-20,138.4199981689453,148.10000610351562
2020-10-21,137.0800018310547,145.6999969482422
2020-10-22,137.60000610351562,146.39999389648438
2020-10-23,139.05999755859375,147.10000610351562
2020-10-26,135.63999938964844,143.3000030517578
2020-10-27,132.0,139.10000610351562
2020-10-28,125.5199966430664,133.5
2020-10-29,126.94000244140625,135.0
2020-10-30,125.0999984741211,133.60000610351562
2020-11-02,127.77999877929688,138.3000030517578
2020-11-03,131.74000549316406,143.0
2020-11-04,132.0800018310547,141.0
2020-11-05,135.9199981689453,145.60000610351562
2020-11-06,133.16000366210938,143.8000030517578
2020-11-09,142.32000732421875,150.89999389648438
2020-11-10,149.82000732421875,158.0
2020-11-11,150.0,157.60000610351562
2020-11-12,150.4600067138672,157.39999389648438
2020-11-13,150.17999267578125,157.89999389648438
2020-11-16,153.5399932861328,162.0
2020-11-17,153.67999267578125,160.89999389648438
2020-11-18,154.5399932861328,161.6999969482422
2020-11-19,152.52000427246094,161.6999969482422
2020-11-20,152.13999938964844,162.39999389648438
2020-11-23,150.10000610351562,161.0
2020-11-24,156.0,167.60000610351562
2020-11-25,152.33999633789062,164.6999969482422
2020-11-26,148.60000610351562,162.3000030517578
2020-11-27,145.9199981689453,160.89999389648438
2020-11-30,141.33999633789062,155.5
2020-12-01,147.36000061035156,161.3000030517578
2020-12-02,146.77999877929688,161.0
2020-12-03,146.0800018310547,160.60000610351562
2020-12-04,145.4199981689453,160.39999389648438
2020-12-07,144.44000244140625,159.1999969482422
2020-12-08,144.1199951171875,158.89999389648438
2020-12-09,147.44000244140625,160.60000610351562
2020-12-10,144.39999389648438,157.8000030517578
2020-12-11,143.39999389648438,157.0
