Date,VZ,T
2014-12-31,35.71791076660156,23.9360294342041
2015-01-02,35.855350494384766,24.135557174682617
2015-01-05,35.557579040527344,23.907533645629883
2015-01-06,35.91642761230469,23.94316291809082
2015-01-07,35.68466567993164,23.972068786621094
2015-01-08,36.449493408203125,24.21056365966797
2015-01-09,36.12501907348633,24.138288497924805
2015-01-12,36.37224197387695,24.20333480834961
2015-01-13,36.449493408203125,24.20333480834961
2015-01-14,36.28726577758789,24.087703704833984
2015-01-15,36.387691497802734,24.037113189697266
2015-01-16,37.075279235839844,24.427371978759766
2015-01-20,37.22206497192383,24.53577995300293
2015-01-21,37.27613830566406,24.571916580200195
2015-01-22,36.92848205566406,24.420143127441406
2015-01-23,36.42631530761719,24.116613388061523
2015-01-26,36.2795295715332,23.97929573059082
2015-01-27,35.80826187133789,23.711898803710938
2015-01-28,35.57650375366211,23.617944717407227
2015-01-29,35.62286376953125,23.820301055908203
2015-01-30,35.3138313293457,23.791393280029297
2015-02-02,36.29499053955078,24.253923416137695
2015-02-03,36.95167541503906,24.81763458251953
2015-02-04,36.92848205566406,24.868215560913086
2015-02-05,36.97483444213867,24.962173461914062
2015-02-06,38.110511779785156,25.20066261291504
2015-02-09,37.92509841918945,25.034440994262695
2015-02-10,38.249568939208984,25.18621063232422
2015-02-11,38.48133850097656,24.85376739501953
2015-02-12,38.257286071777344,25.01276397705078
2015-02-13,38.09505844116211,25.048892974853516
2015-02-17,37.994625091552734,25.08502960205078
2015-02-18,37.809207916259766,24.926034927368164
2015-02-19,37.78602981567383,24.63695526123047
2015-02-20,37.8323860168457,24.62972640991211
2015-02-23,37.67787170410156,24.4635066986084
2015-02-24,38.0255241394043,24.608047485351562
2015-02-25,38.01007843017578,24.723684310913086
2015-02-26,38.14140701293945,24.933265686035156
2015-02-27,38.20321273803711,24.976627349853516
2015-03-02,38.21867370605469,25.034440994262695
2015-03-03,38.28047180175781,24.868215560913086
2015-03-04,37.90963363647461,24.571916580200195
2015-03-05,37.793758392333984,24.571916580200195
2015-03-06,37.30704879760742,24.196109771728516
2015-03-09,37.260684967041016,24.102153778076172
2015-03-10,36.70444107055664,23.690216064453125
2015-03-11,36.835777282714844,23.5745849609375
2015-03-12,37.64696502685547,23.943164825439453
2015-03-13,37.73196029663086,23.67576026916504
2015-03-16,38.06415557861328,23.892574310302734
2015-03-17,37.81692886352539,23.776939392089844
2015-03-18,38.27275085449219,24.27560043334961
2015-03-19,38.08732986450195,23.993757247924805
2015-03-20,38.28820037841797,24.015430450439453
2015-03-23,38.35000991821289,24.051563262939453
2015-03-24,38.17231369018555,23.899799346923828
2015-03-25,37.64696502685547,23.5745849609375
2015-03-26,37.407474517822266,23.71912384033203
2015-03-27,37.5156364440918,23.668533325195312
2015-03-30,37.948265075683594,23.827529907226562
2015-03-31,37.56971740722656,23.596267700195312
2015-04-01,37.793758392333984,23.76970672607422
2015-04-02,38.21867370605469,23.943164825439453
2015-04-06,38.3422737121582,24.087703704833984
2015-04-07,38.06415557861328,23.9648380279541
2015-04-08,38.38447570800781,23.935522079467773
2015-04-09,38.29072189331055,23.964839935302734
2015-04-10,38.45478820800781,24.02349090576172
2015-04-13,38.31416702270508,24.10413360595703
2015-04-14,38.42354965209961,23.964839935302734
2015-04-15,38.587615966796875,24.11145782470703
2015-04-16,38.49386215209961,24.008831024169922
2015-04-17,38.20478439331055,23.832883834838867
2015-04-20,38.579803466796875,24.06747817993164
2015-04-21,38.41572952270508,23.942852020263672
2015-04-22,38.728240966796875,24.089466094970703
2015-04-23,39.10326385498047,25.093809127807617
2015-04-24,39.087642669677734,24.932525634765625
2015-04-27,39.126708984375,24.991167068481445
2015-04-28,39.49391174316406,25.55565643310547
2015-04-29,39.43141174316406,25.482351303100586
2015-04-30,39.407962799072266,25.394378662109375
2015-05-01,39.384521484375,25.23309326171875
2015-05-04,39.47046661376953,25.313735961914062
2015-05-05,39.13451385498047,24.71993064880371
2015-05-06,38.78293991088867,24.470678329467773
2015-05-07,38.85324478149414,24.46334457397461
2015-05-08,39.173587799072266,24.697938919067383
2015-05-11,38.9079475402832,24.551321029663086
2015-05-12,38.76731872558594,24.675941467285156
2015-05-13,38.85324478149414,24.851884841918945
2015-05-14,39.0407600402832,25.020498275756836
2015-05-15,38.90012741088867,25.1671199798584
2015-05-18,38.75168991088867,25.562986373901367
2015-05-19,38.71261978149414,25.196435928344727
2015-05-20,38.82201385498047,25.379716873168945
2015-05-21,38.98607635498047,25.709606170654297
2015-05-22,38.759490966796875,25.445688247680664
2015-05-26,38.611053466796875,25.41636085510254
2015-05-27,38.728240966796875,25.621631622314453
2015-05-28,38.70481491088867,25.511672973632812
2015-05-29,38.626678466796875,25.32106590270996
2015-06-01,38.45478820800781,25.181777954101562
2015-06-02,38.39229202270508,25.189111709594727
2015-06-03,38.34541702270508,25.680278778076172
2015-06-04,37.579750061035156,25.856224060058594
2015-06-05,36.90004348754883,25.343059539794922
2015-06-08,37.06410598754883,25.35772132873535
2015-06-09,36.98598098754883,25.299070358276367
2015-06-10,37.08755111694336,25.453020095825195
2015-06-11,37.31412887573242,25.5703182220459
2015-06-12,36.91565704345703,25.401710510253906
2015-06-15,36.720340728759766,25.22576141357422
2015-06-16,37.04848861694336,25.41636085510254
2015-06-17,36.93129348754883,25.511672973632812
2015-06-18,37.32193374633789,25.67295265197754
2015-06-19,37.07973098754883,25.650957107543945
2015-06-22,37.134437561035156,25.687612533569336
2015-06-23,37.32193374633789,26.325410842895508
2015-06-24,36.946922302246094,26.230104446411133
2015-06-25,37.06410598754883,26.52334213256836
2015-06-26,37.20473861694336,26.47935676574707
2015-06-29,36.540653228759766,26.22277069091797
2015-06-30,36.41564178466797,26.039499282836914
2015-07-01,36.720340728759766,26.076152801513672
2015-07-02,36.87660598754883,26.193450927734375
2015-07-06,36.75160217285156,26.1054744720459
2015-07-07,36.91565704345703,26.22277069091797
2015-07-08,36.82081985473633,25.843915939331055
2015-07-09,36.56785583496094,25.546775817871094
2015-07-10,37.15281295776367,25.739917755126953
2015-07-13,37.3109130859375,25.91077423095703
2015-07-14,37.47690963745117,26.08905601501465
2015-07-15,37.4136848449707,25.79934310913086
2015-07-16,37.808921813964844,26.118778228759766
2015-07-17,37.619197845458984,26.00734519958496
2015-07-20,38.02233123779297,25.92563247680664
2015-07-21,37.12910079956055,25.68048858642578
2015-07-22,36.71804428100586,25.457630157470703
2015-07-23,36.63899612426758,25.205059051513672
2015-07-24,36.393951416015625,25.47248649597168
2015-07-27,36.22794723510742,25.49477195739746
2015-07-28,36.27537155151367,25.50220489501953
2015-07-29,36.80500030517578,25.769628524780273
2015-07-30,36.8919563293457,25.851341247558594
2015-07-31,36.98681640625,25.806774139404297
2015-08-03,37.12910079956055,25.74734115600586
2015-08-04,36.8919563293457,25.68791961669922
2015-08-05,36.868247985839844,25.68048858642578
2015-08-06,36.86033630371094,25.435348510742188
2015-08-07,36.646907806396484,25.41305923461914
2015-08-10,37.334625244140625,25.83648681640625
2015-08-11,37.627105712890625,25.739917755126953
2015-08-12,37.82472610473633,25.27191925048828
2015-08-13,37.67453384399414,25.115921020507812
2015-08-14,37.540157318115234,25.294200897216797
2015-08-17,37.56385803222656,25.42791748046875
2015-08-18,37.51642608642578,25.51705551147461
2015-08-19,37.50062561035156,25.524490356445312
2015-08-20,37.057952880859375,25.219919204711914
2015-08-21,36.441375732421875,24.796489715576172
2015-08-24,35.36631393432617,24.046207427978516
2015-08-25,34.386112213134766,23.622779846191406
2015-08-26,35.69832229614258,24.283918380737305
2015-08-27,36.51251983642578,24.841054916381836
2015-08-28,36.417667388916016,24.72963523864746
2015-08-31,36.3702278137207,24.662776947021484
2015-09-01,35.4927864074707,24.009063720703125
2015-09-02,35.8485107421875,24.3804931640625
2015-09-03,36.1409912109375,24.543920516967773
2015-09-04,35.42955780029297,24.18735122680664
2015-09-08,36.26747131347656,24.618206024169922
2015-09-09,35.88013458251953,24.35077476501465
2015-09-10,35.93545913696289,24.328489303588867
2015-09-11,36.14889907836914,24.306209564208984
2015-09-14,36.085662841796875,24.179920196533203
2015-09-15,36.65480422973633,24.410207748413086
2015-09-16,36.51251983642578,24.469633102416992
2015-09-17,35.75365447998047,24.35077476501465
2015-09-18,35.23192596435547,24.179920196533203
2015-09-21,35.413734436035156,24.18735122680664
2015-09-22,35.12126541137695,23.971921920776367
2015-09-23,34.76555633544922,23.919921875
2015-09-24,34.852500915527344,23.853063583374023
2015-09-25,34.955265045166016,24.01649284362793
2015-09-28,34.57582473754883,23.697059631347656
2015-09-29,34.409828186035156,23.82335662841797
2015-09-30,34.39401626586914,24.20220375061035
2015-10-01,33.95924758911133,24.165063858032227
2015-10-02,33.86438751220703,24.246780395507812
2015-10-05,34.78135681152344,24.83363151550293
2015-10-06,34.82878494262695,24.744491577148438
2015-10-07,35.11304473876953,24.95546531677246
2015-10-08,35.41734313964844,25.166440963745117
2015-10-09,35.36128234863281,24.970539093017578
2015-10-12,35.47339630126953,25.091093063354492
2015-10-13,35.52143478393555,25.030818939208984
2015-10-14,35.225154876708984,25.06848907470703
2015-10-15,35.76966857910156,25.2342586517334
2015-10-16,35.7936897277832,25.490447998046875
2015-10-19,35.7936897277832,25.339746475219727
2015-10-20,36.22610855102539,25.430158615112305
2015-10-21,35.921817779541016,25.317138671875
2015-10-22,36.746585845947266,25.588397979736328
2015-10-23,36.96279525756836,25.422630310058594
2015-10-26,37.12294387817383,25.362340927124023
2015-10-27,36.970802307128906,25.023279190063477
2015-10-28,37.219032287597656,25.181507110595703
2015-10-29,37.15498352050781,25.27946662902832
2015-10-30,37.53934097290039,25.24932289123535
2015-11-02,37.45925521850586,25.324676513671875
2015-11-03,37.19501876831055,25.339746475219727
2015-11-04,36.946781158447266,25.226720809936523
2015-11-05,36.99482345581055,25.121231079101562
2015-11-06,36.658504486083984,24.9856014251709
2015-11-09,36.27414321899414,24.744489669799805
2015-11-10,36.113990783691406,24.706811904907227
2015-11-11,36.29016876220703,24.804767608642578
2015-11-12,35.89779281616211,24.631465911865234
2015-11-13,35.41734313964844,24.34514045715332
2015-11-16,36.06595230102539,24.895183563232422
2015-11-17,36.097991943359375,25.06095314025879
2015-11-18,36.33821105957031,25.271930694580078
2015-11-19,36.642494201660156,25.33220863342285
2015-11-20,36.34621810913086,25.362340927124023
2015-11-23,36.02591323852539,25.211654663085938
2015-11-24,36.18606185913086,25.158906936645508
2015-11-25,35.96986389160156,25.204118728637695
2015-11-27,36.21809387207031,25.294532775878906
2015-11-30,36.39426040649414,25.369884490966797
2015-12-01,36.49836349487305,25.44523048400879
2015-12-02,35.96986389160156,25.28700065612793
2015-12-03,35.681583404541016,24.940397262573242
2015-12-04,36.60245895385742,25.701417922973633
2015-12-07,36.882713317871094,25.82197380065918
2015-12-08,36.594444274902344,25.505510330200195
2015-12-09,36.32219314575195,25.294532775878906
2015-12-10,36.29016876220703,25.369884490966797
2015-12-11,35.88978576660156,24.99313735961914
2015-12-14,36.39426040649414,25.317138671875
2015-12-15,36.47433090209961,25.475374221801758
2015-12-16,37.24306106567383,25.91992950439453
2015-12-17,36.91474914550781,25.64113998413086
2015-12-18,36.48234558105469,25.317138671875
2015-12-21,36.75459289550781,25.686344146728516
2015-12-22,37.10693359375,25.927461624145508
2015-12-23,37.59539031982422,26.20625114440918
2015-12-24,37.40321350097656,26.11583137512207
2015-12-28,37.43523406982422,26.19118881225586
2015-12-29,37.803585052490234,26.319278717041016
2015-12-30,37.45125961303711,26.17611312866211
2015-12-31,37.010841369628906,25.927461624145508
2016-01-04,36.73056411743164,25.882251739501953
2016-01-05,37.235050201416016,26.063091278076172
2016-01-06,36.898658752441406,26.024885177612305
2016-01-07,36.69599533081055,25.604637145996094
2016-01-08,36.33932876586914,25.6275577545166
2016-01-11,36.55009460449219,25.940841674804688
2016-01-12,36.4203987121582,25.902629852294922
2016-01-13,35.788124084472656,25.78038215637207
2016-01-14,36.37176513671875,26.208271026611328
2016-01-15,36.01509094238281,25.971405029296875
2016-01-19,36.37176513671875,26.36872100830078
2016-01-20,36.006980895996094,25.902629852294922
2016-01-21,37.18235397338867,26.391647338867188
2016-01-22,38.130767822265625,26.850101470947266
2016-01-25,38.12266159057617,26.743131637573242
2016-01-26,39.11159896850586,27.04876708984375
2016-01-27,39.743865966796875,27.10988998413086
2016-01-28,39.72765350341797,27.14809799194336
2016-01-29,40.505836486816406,27.553068161010742
2016-02-01,41.146209716796875,27.644760131835938
2016-02-02,40.457191467285156,27.553068161010742
2016-02-03,41.0327262878418,28.057357788085938
2016-02-04,40.87871170043945,27.912187576293945
2016-02-05,41.316436767578125,28.179615020751953
2016-02-08,41.130001068115234,28.35536003112793
2016-02-09,40.651737213134766,28.003877639770508
2016-02-10,40.513938903808594,27.835783004760742
2016-02-11,40.03567886352539,27.667675018310547
2016-02-12,40.61931610107422,27.86634063720703
2016-02-16,40.724700927734375,28.003877639770508
2016-02-17,40.7895393371582,27.996232986450195
2016-02-18,41.292110443115234,28.263668060302734
2016-02-19,41.22727584838867,27.9427490234375
2016-02-22,41.397499084472656,28.16433334350586
2016-02-23,41.04083251953125,28.07264518737793
2016-02-24,41.19484329223633,28.34771728515625
2016-02-25,41.42991638183594,28.55402374267578
2016-02-26,41.35696792602539,28.37064552307129
2016-02-29,41.121891021728516,28.23310661315918
2016-03-01,41.71363067626953,28.569307327270508
2016-03-02,42.24863052368164,28.798526763916016
2016-03-03,42.062191009521484,29.027755737304688
2016-03-04,41.99734115600586,28.98191261291504
2016-03-07,42.32158279418945,29.134723663330078
2016-03-08,42.52423095703125,29.104167938232422
2016-03-09,42.426963806152344,29.02012062072754
2016-03-10,42.41075134277344,29.272262573242188
2016-03-11,42.58097457885742,29.31047248840332
2016-03-14,42.58909225463867,29.279911041259766
2016-03-15,42.69445037841797,29.432723999023438
2016-03-16,43.13218307495117,29.62375259399414
2016-03-17,43.47263717651367,29.89118194580078
2016-03-18,43.15650177001953,29.463294982910156
2016-03-21,43.3186149597168,29.738359451293945
2016-03-22,43.13218307495117,29.516773223876953
2016-03-23,42.889007568359375,29.448007583618164
2016-03-24,43.415897369384766,29.707792282104492
2016-03-28,43.28620147705078,29.852970123291016
2016-03-29,43.81309509277344,30.143325805664062
2016-03-30,43.80498504638672,30.08220100402832
2016-03-31,43.837406158447266,29.929378509521484
2016-04-01,43.780662536621094,29.83769416809082
2016-04-04,44.11301803588867,30.07457160949707
2016-04-05,43.84552001953125,29.944664001464844
2016-04-06,43.84142303466797,29.890520095825195
2016-04-07,42.59629440307617,29.85183334350586
2016-04-08,42.74374771118164,29.78221893310547
2016-04-11,42.27682113647461,29.69713020324707
2016-04-12,42.555335998535156,29.913719177246094
2016-04-13,42.01469039916992,29.58883285522461
2016-04-14,42.07203674316406,29.720327377319336
2016-04-15,42.06385040283203,29.766740798950195
2016-04-18,42.375125885009766,29.898252487182617
2016-04-19,42.661834716796875,30.107105255126953
2016-04-20,42.39151382446289,29.95240592956543
2016-04-21,40.98255920410156,29.28713607788086
2016-04-22,41.40851593017578,29.4495792388916
2016-04-25,41.580535888671875,29.557880401611328
2016-04-26,41.31840133666992,29.465057373046875
2016-04-27,42.34236145019531,29.95240592956543
2016-04-28,41.793521881103516,29.890520095825195
2016-04-29,41.72798538208008,30.029760360717773
2016-05-02,42.039268493652344,30.246356964111328
2016-05-03,41.51500701904297,30.09937858581543
2016-05-04,41.64607620239258,30.076173782348633
2016-05-05,41.64607620239258,29.967876434326172
2016-05-06,41.87543487548828,30.161264419555664
2016-05-09,41.84267044067383,30.060697555541992
2016-05-10,42.219482421875,30.408803939819336
2016-05-11,41.90001678466797,30.30824089050293
2016-05-12,42.162139892578125,30.59446144104004
2016-05-13,41.72798538208008,30.2850341796875
2016-05-16,41.96554183959961,30.385601043701172
2016-05-17,41.695220947265625,30.254091262817383
2016-05-18,41.27745056152344,29.74353790283203
2016-05-19,40.6548957824707,29.73579978942871
2016-05-20,40.67946243286133,29.74353790283203
2016-05-23,40.25349807739258,29.642976760864258
2016-05-24,40.61393356323242,29.78221893310547
2016-05-25,40.83510971069336,29.875041961669922
2016-05-26,41.08905029296875,30.045225143432617
2016-05-27,41.46585464477539,30.161264419555664
2016-05-31,41.695220947265625,30.2850341796875
2016-06-01,41.31021499633789,29.96013069152832
2016-06-02,41.58872604370117,30.045225143432617
2016-06-03,41.71159744262695,30.331445693969727
2016-06-06,41.539573669433594,30.432008743286133
2016-06-07,42.39151382446289,30.780115127563477
2016-06-08,42.20310974121094,30.834260940551758
2016-06-09,42.555335998535156,31.01218605041504
2016-06-10,43.1451301574707,31.197837829589844
2016-06-13,43.06321716308594,31.089540481567383
2016-06-14,43.407264709472656,31.23651695251465
2016-06-15,43.28438949584961,31.16690444946289
2016-06-16,43.792266845703125,31.32161521911621
2016-06-17,44.05439758300781,31.507261276245117
2016-06-20,44.03801345825195,31.545942306518555
2016-06-21,44.316532135009766,31.770273208618164
2016-06-22,44.25918960571289,31.948209762573242
2016-06-23,44.783451080322266,32.39686584472656
2016-06-24,44.58685302734375,32.11838912963867
2016-06-27,44.84079360961914,32.512901306152344
2016-06-28,44.90633010864258,32.50516891479492
2016-06-29,45.10292434692383,32.90741729736328
2016-06-30,45.74187469482422,33.425697326660156
2016-07-01,46.06134796142578,33.62683868408203
2016-07-05,46.30709457397461,33.534000396728516
2016-07-06,46.551185607910156,33.71392059326172
2016-07-07,45.82304382324219,33.08812713623047
2016-07-08,46.25330352783203,33.330631256103516
2016-07-11,46.278133392333984,33.252403259277344
2016-07-12,45.89751434326172,33.17417907714844
2016-07-13,46.33605194091797,33.314979553222656
2016-07-14,46.20366668701172,33.45577621459961
2016-07-15,46.20366668701172,33.549644470214844
2016-07-18,46.278133392333984,33.51836395263672
2016-07-19,46.08782196044922,33.45577621459961
2016-07-20,46.02162551879883,33.40884780883789
2016-07-21,45.81476593017578,33.260223388671875
2016-07-22,46.418792724609375,33.72172927856445
2016-07-25,46.228492736816406,33.5887565612793
2016-07-26,45.35141372680664,33.15071487426758
2016-07-27,45.773399353027344,33.44795227050781
2016-07-28,45.392784118652344,33.307167053222656
2016-07-29,45.847869873046875,33.8625373840332
2016-08-01,45.09490966796875,33.7764892578125
2016-08-02,44.68118667602539,33.76084899902344
2016-08-03,44.598445892333984,33.745208740234375
2016-08-04,44.62327194213867,33.698265075683594
2016-08-05,44.38331604003906,33.76084899902344
2016-08-08,44.34194564819336,33.5809326171875
2016-08-09,44.399871826171875,33.698265075683594
2016-08-10,44.52397918701172,33.79214096069336
2016-08-11,44.56534957885742,33.940757751464844
2016-08-12,44.39158630371094,33.85470962524414
2016-08-15,44.358489990234375,33.651336669921875
2016-08-16,43.65517807006836,32.822174072265625
2016-08-17,43.99441909790039,32.74395751953125
2016-08-18,43.746192932128906,32.38413619995117
2016-08-19,43.398677825927734,32.07905960083008
2016-08-22,43.481414794921875,32.0008430480957
2016-08-23,43.54761505126953,31.953901290893555
2016-08-24,43.46487045288086,31.96954917907715
2016-08-25,43.64690399169922,32.125999450683594
2016-08-26,43.08424758911133,31.82093048095703
2016-08-29,43.440040588378906,32.07124710083008
2016-08-30,43.24973678588867,31.98518943786621
2016-08-31,43.299381256103516,31.977371215820312
2016-09-01,43.48969268798828,32.03995132446289
2016-09-02,43.75447463989258,32.03213119506836
2016-09-06,44.27574157714844,32.25114822387695
2016-09-07,44.44123458862305,32.282440185546875
2016-09-08,44.35021209716797,32.21986389160156
2016-09-09,42.87739944458008,31.06217384338379
2016-09-12,43.49796676635742,31.844392776489258
2016-09-13,42.57124710083008,31.265548706054688
2016-09-14,42.60434341430664,31.20296859741211
2016-09-15,43.00978469848633,31.641016006469727
2016-09-16,42.92703628540039,31.44546127319336
2016-09-19,42.3643913269043,31.33594512939453
2016-09-20,42.42230224609375,31.257726669311523
2016-09-21,42.918766021728516,31.734880447387695
2016-09-22,43.31593704223633,32.157283782958984
2016-09-23,43.48969268798828,32.29025650024414
2016-09-26,43.150447845458984,32.18075180053711
2016-09-27,43.4317741394043,32.43106460571289
2016-09-28,43.07598114013672,31.953901290893555
2016-09-29,43.12561798095703,31.86004066467285
2016-09-30,43.00978469848633,31.766172409057617
2016-10-03,42.92703628540039,31.89131736755371
2016-10-04,42.414039611816406,31.210790634155273
2016-10-05,42.06924057006836,31.00493621826172
2016-10-06,42.060874938964844,30.965347290039062
2016-10-07,41.77634811401367,30.775327682495117
2016-10-10,42.002296447753906,30.88616943359375
2016-10-11,41.759605407714844,30.95743179321289
2016-10-12,42.0943489074707,31.139537811279297
2016-10-13,42.08598709106445,31.17120361328125
2016-10-14,42.07762145996094,31.052446365356445
2016-10-17,42.20314025878906,31.092029571533203
2016-10-18,42.06924057006836,31.163286209106445
2016-10-19,42.16129684448242,31.179121017456055
2016-10-20,41.12358856201172,30.601144790649414
2016-10-21,40.33692932128906,29.68271827697754
2016-10-24,40.34530258178711,29.183910369873047
2016-10-25,40.03565979003906,29.057235717773438
2016-10-26,39.85991668701172,28.843461990356445
2016-10-27,40.62146759033203,28.914716720581055
2016-10-28,40.34530258178711,28.90679359436035
2016-10-31,40.25324249267578,29.128488540649414
2016-11-01,39.885032653808594,28.946392059326172
2016-11-02,39.2824821472168,28.79595375061035
2016-11-03,39.223899841308594,29.00181007385254
2016-11-04,39.3996467590332,28.89888572692871
2016-11-07,39.717647552490234,29.14432716369629
2016-11-08,39.87665939331055,29.286834716796875
2016-11-09,40.052398681640625,29.643123626708984
2016-11-10,39.07326126098633,28.954309463500977
2016-11-11,39.07326126098633,28.90679359436035
2016-11-14,38.64646911621094,28.60593605041504
2016-11-15,39.642333984375,29.11265754699707
2016-11-16,40.11098098754883,29.41352081298828
2016-11-17,40.03565979003906,29.619373321533203
2016-11-18,40.22814178466797,29.738140106201172
2016-11-21,40.42898941040039,29.880651473999023
2016-11-22,41.41648864746094,30.52196502685547
2016-11-23,42.03575897216797,30.66447639465332
2016-11-25,42.403987884521484,31.04452133178711
2016-11-28,42.78058624267578,31.305805206298828
2016-11-29,42.64667892456055,31.258289337158203
2016-11-30,41.759605407714844,30.585315704345703
2016-12-01,41.73450469970703,30.783246994018555
2016-12-02,41.68428421020508,30.569477081298828
2016-12-05,41.63407897949219,30.585315704345703
2016-12-06,42.144569396972656,31.15536880493164
2016-12-07,42.9981575012207,32.02628707885742
2016-12-08,42.78895568847656,31.9946231842041
2016-12-09,43.09022903442383,31.970876693725586
2016-12-12,43.31616973876953,32.5567626953125
2016-12-13,43.81829071044922,32.746788024902344
2016-12-14,43.20737838745117,32.54093551635742
2016-12-15,43.358028411865234,32.85763168334961
2016-12-16,43.74298095703125,32.99223327636719
2016-12-19,44.2785758972168,33.34851837158203
2016-12-20,44.454315185546875,33.62563705444336
2016-12-21,44.32878112792969,33.538536071777344
2016-12-22,44.89785385131836,33.823570251464844
2016-12-23,44.92295837402344,33.83148956298828
2016-12-27,44.88948059082031,33.76814651489258
2016-12-28,44.72210693359375,33.665218353271484
2016-12-29,44.973175048828125,33.776058197021484
2016-12-30,44.671905517578125,33.67313766479492
2017-01-03,45.67612838745117,34.061092376708984
2017-01-04,45.62592315673828,33.863155364990234
2017-01-05,45.72634506225586,33.76814651489258
2017-01-06,45.048004150390625,33.0953483581543
2017-01-09,44.55743408203125,32.67884826660156
2017-01-10,44.62509536743164,32.686859130859375
2017-01-11,44.371360778808594,32.526668548583984
2017-01-12,44.55743408203125,32.8470458984375
2017-01-13,44.447479248046875,32.80699920654297
2017-01-17,44.608184814453125,32.92714309692383
2017-01-18,44.1937370300293,32.67884826660156
2017-01-19,44.28677749633789,32.839046478271484
2017-01-20,44.59126281738281,33.1994743347168
2017-01-23,44.32905960083008,33.63999557495117
2017-01-24,42.39215087890625,33.12738037109375
2017-01-25,42.09612274169922,33.15140914916992
2017-01-26,41.54633331298828,33.45577621459961
2017-01-27,41.95232009887695,33.64799880981445
2017-01-30,41.75779342651367,33.49582290649414
2017-01-31,41.453304290771484,33.76814651489258
2017-02-01,40.928897857666016,33.688053131103516
2017-02-02,40.83586502075195,32.983211517333984
2017-02-03,41.0896110534668,33.03927993774414
2017-02-06,40.6244010925293,32.88710403442383
2017-02-07,40.63285827636719,32.935150146484375
2017-02-08,40.9119758605957,33.00724411010742
2017-02-09,41.28413772583008,33.08733367919922
2017-02-10,41.42792510986328,33.14340591430664
2017-02-13,41.06422424316406,32.558712005615234
2017-02-14,40.82740020751953,32.63880157470703
2017-02-15,40.66670227050781,32.935150146484375
2017-02-16,40.988094329833984,33.03927993774414
2017-02-17,41.60554122924805,33.22350311279297
2017-02-21,41.80855178833008,33.42372512817383
2017-02-22,42.01153564453125,33.31161117553711
2017-02-23,42.552860260009766,33.599945068359375
2017-02-24,42.79814529418945,33.92833709716797
2017-02-27,42.23990249633789,33.49582290649414
2017-02-28,41.97771453857422,33.471797943115234
2017-03-01,42.12995529174805,33.672027587890625
2017-03-02,42.27374267578125,33.6960563659668
2017-03-03,42.36677932739258,33.64799880981445
2017-03-06,42.3160285949707,33.60795593261719
2017-03-07,41.81699752807617,33.543880462646484
2017-03-08,41.58017349243164,33.45577621459961
2017-03-09,41.68167495727539,33.59193801879883
2017-03-10,41.74087905883789,33.920326232910156
2017-03-13,41.84238052368164,33.936344146728516
2017-03-14,41.74933624267578,33.712074279785156
2017-03-15,42.40907287597656,34.112552642822266
2017-03-16,42.324485778808594,33.992408752441406
2017-03-17,42.62051773071289,34.12857437133789
2017-03-20,42.49365234375,33.97639083862305
2017-03-21,42.42598342895508,33.70406723022461
2017-03-22,42.04536819458008,33.35966110229492
2017-03-23,41.98616409301758,33.35966110229492
2017-03-24,42.019996643066406,33.383689880371094
2017-03-27,41.56325149536133,33.23150634765625
2017-03-28,41.69858932495117,33.287574768066406
2017-03-29,41.55480194091797,33.1994743347168
2017-03-30,41.4955940246582,33.4477653503418
2017-03-31,41.2333869934082,33.279563903808594
2017-04-03,41.59708786010742,33.29558563232422
2017-04-04,41.70704650878906,33.39169692993164
2017-04-05,41.46176528930664,33.247520446777344
2017-04-06,41.45148849487305,32.9071044921875
2017-04-07,41.648353576660156,32.899009704589844
2017-04-10,41.5456428527832,32.72879409790039
2017-04-11,41.682586669921875,32.672061920166016
2017-04-12,41.87087631225586,32.874691009521484
2017-04-13,41.614105224609375,32.64775085449219
2017-04-17,41.7767333984375,32.66394805908203
2017-04-18,42.127655029296875,32.6234245300293
2017-04-19,41.88800811767578,32.6234245300293
2017-04-20,41.43436813354492,32.712589263916016
2017-04-21,40.441524505615234,32.36405944824219
2017-04-24,40.27034378051758,32.437007904052734
2017-04-25,39.97077560424805,32.37216567993164
2017-04-26,40.535667419433594,32.777427673339844
2017-04-27,39.94509506225586,32.34785461425781
2017-04-28,39.29460525512695,32.12090301513672
2017-05-01,39.2689323425293,31.691328048706055
2017-05-02,39.29460525512695,31.569753646850586
2017-05-03,39.500022888183594,31.123966217041016
2017-05-04,39.2689323425293,30.807859420776367
2017-05-05,39.96221160888672,31.25365447998047
2017-05-08,39.910865783691406,31.261751174926758
2017-05-09,39.731117248535156,30.978071212768555
2017-05-10,39.69688415527344,31.164487838745117
2017-05-11,39.38875198364258,31.15638542175293
2017-05-12,39.23469924926758,31.19691276550293
2017-05-15,38.84097671508789,31.27796173095703
2017-05-16,38.781070709228516,30.953752517700195
2017-05-17,38.0706672668457,30.36207389831543
2017-05-18,38.54997634887695,30.75922966003418
2017-05-19,38.875205993652344,30.994285583496094
2017-05-22,38.92656326293945,31.00238609313965
2017-05-23,38.92656326293945,31.05101776123047
2017-05-24,38.54997634887695,30.92133140563965
2017-05-25,38.781070709228516,30.986181259155273
2017-05-26,38.78962326049805,30.897024154663086
2017-05-30,39.542823791503906,31.245540618896484
2017-05-31,39.9194221496582,31.229333877563477
2017-06-01,39.80815505981445,31.504913330078125
2017-06-02,39.748233795166016,31.504913330078125
2017-06-05,39.68832778930664,31.456275939941406
2017-06-06,39.748233795166016,31.39143180847168
2017-06-07,39.799591064453125,31.415746688842773
2017-06-08,39.53425216674805,31.205018997192383
2017-06-09,39.98789596557617,31.440074920654297
2017-06-12,40.390167236328125,31.66700553894043
2017-06-13,39.76535415649414,31.35091209411621
2017-06-14,39.96221160888672,31.383333206176758
2017-06-15,39.9194221496582,31.4805908203125
2017-06-16,39.910865783691406,31.57785415649414
2017-06-19,39.85950469970703,31.537330627441406
2017-06-20,39.320281982421875,31.334701538085938
2017-06-21,38.86664581298828,30.92133140563965
2017-06-22,38.875205993652344,30.880807876586914
2017-06-23,38.84953689575195,30.75922966003418
2017-06-26,39.15766525268555,30.92133140563965
2017-06-27,38.37879180908203,30.556604385375977
2017-06-28,38.37879180908203,30.751127243041992
2017-06-29,38.01074981689453,30.491758346557617
2017-06-30,38.22472381591797,30.58091926574707
2017-07-03,38.51573181152344,30.888914108276367
2017-07-05,38.21616744995117,30.897024154663086
2017-07-06,37.73750686645508,30.52753448486328
2017-07-07,37.702816009521484,30.36332130432129
2017-07-10,37.460025787353516,30.240161895751953
2017-07-11,37.19121551513672,30.051311492919922
2017-07-12,37.47737121582031,30.240161895751953
2017-07-13,37.71150207519531,29.731088638305664
2017-07-14,37.772193908691406,29.804990768432617
2017-07-17,37.858909606933594,29.87888526916504
2017-07-18,37.59877395629883,29.550460815429688
2017-07-19,37.67681121826172,29.6654052734375
2017-07-20,38.344505310058594,29.98563003540039
2017-07-21,38.353172302246094,29.977413177490234
2017-07-24,37.90225601196289,29.74751853942871
2017-07-25,38.13638687133789,29.73930549621582
2017-07-26,38.500579833984375,31.225448608398438
2017-07-27,41.45750045776367,32.35853576660156
2017-07-28,41.57022476196289,32.02188491821289
2017-07-31,41.96910095214844,32.02188491821289
2017-08-01,42.39400100708008,31.92336082458496
2017-08-02,41.80435562133789,31.42250633239746
2017-08-03,42.151206970214844,31.43071174621582
2017-08-04,42.411338806152344,31.55387306213379
2017-08-07,42.36798858642578,31.627775192260742
2017-08-08,42.14253234863281,31.49640464782715
2017-08-09,41.81303405761719,31.49640464782715
2017-08-10,41.63960266113281,31.356815338134766
2017-08-11,41.674278259277344,31.28292465209961
2017-08-14,42.29861831665039,31.611356735229492
2017-08-15,42.03847122192383,31.33218765258789
2017-08-16,41.977779388427734,31.389671325683594
2017-08-17,41.5268669128418,30.87238883972168
2017-08-18,41.35344314575195,30.683534622192383
2017-08-21,41.743656158447266,30.855968475341797
2017-08-22,41.925750732421875,31.184396743774414
2017-08-23,41.865055084228516,31.135129928588867
2017-08-24,41.89106750488281,30.93807601928711
2017-08-25,42.21189880371094,31.192609786987305
2017-08-28,42.151206970214844,31.15155601501465
2017-08-29,42.06449508666992,31.077648162841797
2017-08-30,41.72631072998047,30.929859161376953
2017-08-31,41.59624481201172,30.757434844970703
2017-09-01,41.55288314819336,30.773862838745117
2017-09-05,41.067291259765625,30.453641891479492
2017-09-06,40.67708206176758,30.02667999267578
2017-09-07,40.061424255371094,29.23023796081543
2017-09-08,39.98337936401367,29.22202491760254
2017-09-11,40.14813232421875,29.34519386291504
2017-09-12,40.573028564453125,29.77215003967285
2017-09-13,40.97190856933594,30.0102596282959
2017-09-14,40.91120529174805,29.8214168548584
2017-09-15,41.50086212158203,30.461849212646484
2017-09-18,41.700294494628906,30.724590301513672
2017-09-19,42.78420639038086,31.373247146606445
2017-09-20,42.905609130859375,31.55387306213379
2017-09-21,42.4373664855957,31.381450653076172
2017-09-22,43.269805908203125,31.68524932861328
2017-09-25,43.269805908203125,32.120418548583984
2017-09-26,42.93162155151367,31.791996002197266
2017-09-27,42.93162155151367,31.83304214477539
2017-09-28,42.844905853271484,32.05473709106445
2017-09-29,42.91427993774414,32.16147232055664
2017-10-02,42.80155563354492,32.112205505371094
2017-10-03,43.226444244384766,32.41600036621094
2017-10-04,43.269805908203125,32.43242645263672
2017-10-05,43.15707778930664,32.44063949584961
2017-10-06,42.832393646240234,32.08314514160156
2017-10-09,43.04299545288086,31.842039108276367
2017-10-10,43.12196731567383,32.00831604003906
2017-10-11,42.87627029418945,31.750581741333008
2017-10-12,42.4287223815918,29.813465118408203
2017-10-13,41.99872970581055,29.680442810058594
2017-10-16,42.20056915283203,30.071189880371094
2017-10-17,42.47259521484375,30.121078491210938
2017-10-18,42.691978454589844,29.688753128051758
2017-10-19,43.18339920043945,29.6721248626709
2017-10-20,43.464202880859375,29.54742431640625
2017-10-23,42.99034118652344,29.30631446838379
2017-10-24,42.946468353271484,28.98207664489746
2017-10-25,42.68320846557617,27.84308433532715
2017-10-26,42.902587890625,28.001047134399414
2017-10-27,42.885040283203125,28.242143630981445
2017-10-30,41.9724006652832,27.884647369384766
2017-10-31,42.00750732421875,27.97610855102539
2017-11-01,41.9724006652832,27.892963409423828
2017-11-02,41.6477165222168,27.577035903930664
2017-11-03,41.612613677978516,27.68511962890625
2017-11-06,39.95408248901367,27.319307327270508
2017-11-07,39.98918914794922,27.493896484375
2017-11-08,39.89265060424805,27.801509857177734
2017-11-09,39.550411224365234,28.26708984375
2017-11-10,39.38367462158203,28.449993133544922
2017-11-13,39.26960754394531,28.408416748046875
2017-11-14,38.80451202392578,28.0343017578125
2017-11-15,38.707977294921875,28.109127044677734
2017-11-16,39.28715896606445,28.699411392211914
2017-11-17,39.857547760009766,28.691091537475586
2017-11-20,40.542022705078125,28.799171447753906
2017-11-21,40.524471282958984,28.541446685791016
2017-11-22,41.33180618286133,28.99039077758789
2017-11-24,41.25282669067383,28.940507888793945
2017-11-27,41.82322692871094,28.832427978515625
2017-11-28,42.841163635253906,29.447654724121094
2017-11-29,43.78889465332031,30.328914642333984
2017-11-30,44.657657623291016,30.245784759521484
2017-12-01,44.973567962646484,30.345548629760742
2017-12-04,45.386009216308594,30.98571014404297
2017-12-05,44.68397903442383,30.38711929321289
2017-12-06,44.47336959838867,30.021310806274414
2017-12-07,44.24521255493164,30.071189880371094
2017-12-08,44.83316421508789,30.536771774291992
2017-12-11,45.49131393432617,30.67810821533203
2017-12-12,46.67598342895508,31.675762176513672
2017-12-13,46.41272735595703,31.625883102416992
2017-12-14,45.93008041381836,31.376468658447266
2017-12-15,46.219661712646484,31.792163848876953
2017-12-18,46.728633880615234,31.975067138671875
2017-12-19,46.36007308959961,31.63419532775879
2017-12-20,46.30742645263672,32.04988098144531
2017-12-21,46.51802062988281,32.32424545288086
2017-12-22,46.67598342895508,32.37413024902344
2017-12-26,46.702308654785156,32.473899841308594
2017-12-27,46.75496292114258,32.33256149291992
2017-12-28,46.886592864990234,32.573665618896484
2017-12-29,46.447818756103516,32.32424545288086
2018-01-02,46.97433853149414,32.04157638549805
2018-01-03,46.00905990600586,31.3016414642334
2018-01-04,46.15823745727539,31.592626571655273
2018-01-05,46.05293655395508,31.70902442932129
2018-01-08,45.973960876464844,31.80047607421875
2018-01-09,45.80532455444336,31.581451416015625
2018-01-10,45.87632369995117,30.84855842590332
2018-01-11,46.24909210205078,30.730623245239258
2018-01-12,46.02720642089844,31.08443832397461
2018-01-16,45.849700927734375,30.93280029296875
2018-01-17,45.90294647216797,31.042312622070312
2018-01-18,45.7520751953125,31.29503631591797
2018-01-19,46.07158660888672,31.345582962036133
2018-01-22,47.4472541809082,31.901559829711914
2018-01-23,47.24312210083008,31.328725814819336
2018-01-24,48.12177276611328,31.185518264770508
2018-01-25,48.18390655517578,31.547754287719727
2018-01-26,48.56553649902344,31.859447479248047
2018-01-29,48.041908264160156,31.387691497802734
2018-01-30,47.837764739990234,31.53932762145996
2018-01-31,47.988651275634766,31.547754287719727
2018-02-01,48.192779541015625,32.98825454711914
2018-02-02,47.021236419677734,32.07004165649414
2018-02-05,44.82017135620117,30.85698699951172
2018-02-06,45.11305618286133,31.025468826293945
2018-02-07,45.27280807495117,31.10970687866211
2018-02-08,43.52437210083008,29.964046478271484
2018-02-09,44.26990509033203,30.3684024810791
2018-02-12,44.474029541015625,30.63796615600586
2018-02-13,44.447410583496094,30.83171844482422
2018-02-14,43.9415168762207,30.671659469604492
2018-02-15,44.14564514160156,31.168672561645508
2018-02-16,44.50953674316406,31.286609649658203
2018-02-20,43.417869567871094,30.97492790222168
2018-02-21,42.56584167480469,30.587421417236328
2018-02-22,42.48596954345703,30.722206115722656
2018-02-23,42.85873031616211,30.93280029296875
2018-02-26,43.568756103515625,31.556177139282227
2018-02-27,42.63685607910156,31.059165954589844
2018-02-28,42.37059020996094,30.57900047302246
2018-03-01,42.56584167480469,30.326278686523438
2018-03-02,42.83211135864258,30.621118545532227
2018-03-05,43.23149490356445,30.91596031188965
2018-03-06,43.39124298095703,31.059165954589844
2018-03-07,43.34687805175781,31.092859268188477
2018-03-08,43.49774932861328,31.26133918762207
2018-03-09,43.49774932861328,31.210798263549805
2018-03-12,43.31137466430664,31.471933364868164
2018-03-13,43.17823791503906,31.49721336364746
2018-03-14,43.00074005126953,31.193944931030273
2018-03-15,42.85873031616211,31.202377319335938
2018-03-16,43.098365783691406,31.168672561645508
2018-03-19,42.87648391723633,30.81487274169922
2018-03-20,42.32621765136719,30.612688064575195
2018-03-21,41.96232604980469,30.326278686523438
2018-03-22,41.60731887817383,29.79556655883789
2018-03-23,41.083675384521484,29.23116111755371
2018-03-26,41.77594757080078,29.22273826599121
2018-03-27,41.98895263671875,29.399642944335938
2018-03-28,42.60135269165039,29.95562171936035
2018-03-29,42.441593170166016,30.031442642211914
2018-04-02,41.8558235168457,29.56812286376953
2018-04-03,42.15758514404297,29.79556655883789
2018-04-04,42.53922653198242,30.22519302368164
2018-04-05,42.81435775756836,30.444210052490234
2018-04-06,42.139835357666016,30.01459312438965
2018-04-09,42.16679000854492,30.04876708984375
2018-04-10,43.380035400390625,30.595579147338867
2018-04-11,42.75994110107422,30.11711883544922
2018-04-12,42.90372085571289,30.04022979736328
2018-04-13,42.83182907104492,30.023136138916016
2018-04-16,43.487876892089844,30.450328826904297
2018-04-17,43.901275634765625,30.21109962463379
2018-04-18,43.69457244873047,30.082944869995117
2018-04-19,43.523826599121094,29.749732971191406
2018-04-20,43.047515869140625,29.621572494506836
2018-04-23,43.730525970458984,29.809539794921875
2018-04-24,44.638206481933594,29.903520584106445
2018-04-25,45.0246467590332,30.074399948120117
2018-04-26,44.719085693359375,28.280189514160156
2018-04-27,46.345726013183594,28.228925704956055
2018-04-30,44.350624084472656,27.938434600830078
2018-05-01,43.87431716918945,27.801733016967773
2018-05-02,42.91271209716797,27.391632080078125
2018-05-03,42.99359130859375,27.289100646972656
2018-05-04,43.308135986328125,27.459978103637695
2018-05-07,42.89474105834961,27.37453842163086
2018-05-08,42.25666809082031,27.084047317504883
2018-05-09,41.68149948120117,26.827730178833008
2018-05-10,42.418434143066406,27.237836837768555
2018-05-11,43.69457244873047,27.588132858276367
2018-05-14,43.57774353027344,27.502696990966797
2018-05-15,42.94866180419922,27.417259216308594
2018-05-16,43.011573791503906,27.596677780151367
2018-05-17,43.00257873535156,27.280555725097656
2018-05-18,42.90372085571289,27.383085250854492
2018-05-21,43.523826599121094,27.844451904296875
2018-05-22,43.86532974243164,27.707748413085938
2018-05-23,43.66761779785156,27.622314453125
2018-05-24,43.712554931640625,28.006784439086914
2018-05-25,43.60470199584961,27.77609634399414
2018-05-29,43.31713104248047,27.622314453125
2018-05-30,43.676605224609375,27.827363967895508
2018-05-31,42.840816497802734,27.613767623901367
2018-06-01,42.966636657714844,27.741926193237305
2018-06-04,42.97562026977539,27.690658569335938
2018-06-05,43.11042404174805,27.921348571777344
2018-06-06,43.505855560302734,28.519418716430664
2018-06-07,44.045066833496094,28.88680648803711
2018-06-08,44.19784927368164,28.90389060974121
2018-06-11,44.305694580078125,29.202924728393555
2018-06-12,43.86532974243164,29.348173141479492
2018-06-13,42.598167419433594,27.528329849243164
2018-06-14,42.97562026977539,27.784643173217773
2018-06-15,43.191307067871094,28.322912216186523
2018-06-18,42.6520881652832,27.502696990966797
2018-06-19,43.586734771728516,27.67357635498047
2018-06-20,43.2182731628418,27.340364456176758
2018-06-21,43.70356750488281,26.998607635498047
2018-06-22,44.719085693359375,27.075504302978516
2018-06-25,44.575294494628906,27.09259033203125
2018-06-26,44.305694580078125,27.01569938659668
2018-06-27,44.31468200683594,27.04132843017578
2018-06-28,45.70765686035156,27.502696990966797
2018-06-29,45.213375091552734,27.434349060058594
2018-07-02,45.312225341796875,27.519784927368164
2018-07-03,45.563865661621094,27.946975708007812
2018-07-05,46.085105895996094,27.852994918823242
2018-07-06,46.26484298706055,27.921348571777344
2018-07-09,46.12847900390625,27.89531707763672
2018-07-10,46.6739501953125,28.198999404907227
2018-07-11,46.6739501953125,27.65237045288086
2018-07-12,46.583038330078125,27.9647274017334
2018-07-13,46.73759078979492,27.478837966918945
2018-07-16,46.901222229003906,27.67839813232422
2018-07-17,46.755767822265625,27.556930541992188
2018-07-18,46.49211883544922,27.51354217529297
2018-07-19,46.1375732421875,27.131772994995117
2018-07-20,46.01938247680664,26.984272003173828
2018-07-23,46.1375732421875,26.897506713867188
2018-07-24,46.828495025634766,27.48751449584961
2018-07-25,46.28303146362305,26.246755599975586
2018-07-26,46.52849197387695,26.333526611328125
2018-07-27,47.28305435180664,26.966915130615234
2018-07-30,47.71943283081055,27.765165328979492
2018-07-31,46.94668960571289,27.739133834838867
2018-08-01,47.02850341796875,27.67839813232422
2018-08-02,47.25578689575195,27.63501739501953
2018-08-03,47.51942443847656,27.999433517456055
2018-08-06,47.7103385925293,27.860612869262695
2018-08-07,47.69215774536133,28.112232208251953
2018-08-08,47.91034698486328,28.077526092529297
2018-08-09,48.19216537475586,28.19032096862793
2018-08-10,47.70124816894531,27.990755081176758
2018-08-13,47.473968505859375,27.947372436523438
2018-08-14,48.06489562988281,27.973403930664062
2018-08-15,48.401268005371094,28.172969818115234
2018-08-16,49.3376579284668,28.71091651916504
2018-08-17,49.81039810180664,28.658859252929688
2018-08-20,49.68312454223633,28.728273391723633
2018-08-21,49.91948699951172,28.97989273071289
2018-08-22,49.21947479248047,28.355178833007812
2018-08-23,49.34674072265625,28.19032096862793
2018-08-24,49.801300048828125,28.320470809936523
2018-08-27,49.86494064331055,28.48532485961914
2018-08-28,49.68312454223633,28.34649658203125
2018-08-29,49.610389709472656,27.9647274017334
2018-08-30,49.77402877807617,27.730457305908203
2018-08-31,49.42856216430664,27.713106155395508
2018-09-04,48.355812072753906,27.64369773864746
2018-09-05,48.92855453491211,27.782520294189453
2018-09-06,49.35584259033203,27.921344757080078
2018-09-07,49.092193603515625,27.86928367614746
2018-09-10,49.20128631591797,28.10355567932129
2018-09-11,49.74675750732422,28.34649658203125
2018-09-12,49.97403335571289,28.997243881225586
2018-09-13,49.94676208496094,29.22283935546875
2018-09-14,49.59220886230469,29.153423309326172
2018-09-17,49.72857666015625,29.170778274536133
2018-09-18,49.446746826171875,29.257543563842773
2018-09-19,48.63764190673828,28.953861236572266
2018-09-20,49.0467414855957,29.01459503173828
2018-09-21,49.47402572631836,29.309598922729492
2018-09-24,48.674007415771484,29.42239761352539
2018-09-25,48.228538513183594,29.292253494262695
2018-09-26,48.31035614013672,28.936506271362305
2018-09-27,48.719451904296875,28.997243881225586
2018-09-28,48.53763961791992,29.13607406616211
2018-10-01,48.946739196777344,29.057985305786133
2018-10-02,49.47402572631836,29.431076049804688
2018-10-03,49.35584259033203,29.431076049804688
2018-10-04,50.01948928833008,29.604610443115234
2018-10-05,49.94676208496094,29.4918155670166
2018-10-08,50.01948928833008,29.59593391418457
2018-10-09,50.54618835449219,29.49907112121582
2018-10-10,49.93952178955078,28.92669677734375
2018-10-11,49.02033233642578,27.958072662353516
2018-10-12,49.388004302978516,28.398357391357422
2018-10-15,49.26850891113281,28.495222091674805
2018-10-16,49.36043167114258,28.521638870239258
2018-10-17,49.59941864013672,28.68014144897461
2018-10-18,50.23366165161133,28.618501663208008
2018-10-19,50.46345901489258,28.94430923461914
2018-10-22,50.536991119384766,28.7681941986084
2018-10-23,52.58678436279297,29.076396942138672
2018-10-24,52.779808044433594,26.73408317565918
2018-10-25,51.86981964111328,26.399463653564453
2018-10-26,51.0241584777832,25.615758895874023
2018-10-29,51.91577911376953,26.10007095336914
2018-10-30,53.478397369384766,26.830944061279297
2018-10-31,52.476478576660156,27.015867233276367
2018-11-01,51.52052307128906,26.84855842590332
2018-11-02,52.053653717041016,26.87497329711914
2018-11-05,52.58678436279297,26.971834182739258
2018-11-06,52.58678436279297,27.262422561645508
2018-11-07,52.99123001098633,27.385704040527344
2018-11-08,53.56112289428711,27.332868576049805
2018-11-09,53.73576736450195,27.02467155456543
2018-11-12,53.974761962890625,27.10392189025879
2018-11-13,53.91960906982422,26.707660675048828
2018-11-14,54.176979064941406,26.866168975830078
2018-11-15,54.3056640625,26.522748947143555
2018-11-16,55.3443489074707,26.672443389892578
2018-11-19,55.72121047973633,26.725276947021484
2018-11-20,54.65495681762695,25.906343460083008
2018-11-21,54.37919998168945,26.214548110961914
2018-11-23,53.90122985839844,25.853511810302734
2018-11-26,54.38839340209961,26.373050689697266
2018-11-27,55.7487907409668,26.804527282714844
2018-11-28,55.20647048950195,27.06869888305664
2018-11-29,54.64576721191406,26.91900062561035
2018-11-30,55.42707061767578,27.508983612060547
2018-12-03,53.460018157958984,27.922847747802734
2018-12-04,53.39567184448242,27.059892654418945
2018-12-06,53.386478424072266,26.883779525756836
2018-12-07,53.018795013427734,26.540359497070312
2018-12-10,53.56112289428711,26.337825775146484
2018-12-11,54.0942497253418,26.15290641784668
2018-12-12,52.62354278564453,26.557968139648438
2018-12-13,52.476478576660156,26.337825775146484
2018-12-14,52.46729278564453,26.610803604125977
2018-12-17,51.42860794067383,26.293798446655273
2018-12-18,51.15285110473633,26.19693374633789
2018-12-19,51.345882415771484,26.258575439453125
2018-12-20,50.619720458984375,25.228307723999023
2018-12-21,50.481842041015625,24.92891502380371
2018-12-24,48.76295852661133,24.09237289428711
2018-12-26,50.04063034057617,24.726383209228516
2018-12-27,50.693260192871094,24.78802490234375
2018-12-28,50.80356216430664,25.06100082397461
2018-12-31,51.676788330078125,25.131444931030273
2019-01-02,51.49294662475586,26.01201820373535
2019-01-03,51.676788330078125,26.047237396240234
2019-01-04,51.80548095703125,26.71647071838379
2019-01-07,52.13637924194336,27.200780868530273
2019-01-08,53.66223907470703,27.544208526611328
2019-01-09,52.98701095581055,26.944446563720703
2019-01-10,53.497840881347656,27.212997436523438
2019-01-11,53.887935638427734,27.633726119995117
2019-01-14,53.897216796875,27.40993309020996
2019-01-15,53.96222686767578,27.39202880859375
2019-01-16,53.01487731933594,27.35622215270996
2019-01-17,52.78268051147461,27.427833557128906
2019-01-18,53.0241584777832,27.71428680419922
2019-01-22,52.93128204345703,27.374126434326172
2019-01-23,53.646446228027344,27.65162467956543
2019-01-24,53.005584716796875,27.39202880859375
2019-01-25,52.38330841064453,27.44573974609375
2019-01-28,51.14802169799805,27.454689025878906
2019-01-29,49.48550033569336,27.481548309326172
2019-01-30,50.15422821044922,26.290977478027344
2019-01-31,51.138736724853516,26.90863800048828
2019-02-01,50.66505813598633,26.854928970336914
2019-02-04,50.191383361816406,26.505815505981445
2019-02-05,50.28425598144531,26.523719787597656
2019-02-06,49.95918273925781,26.461055755615234
2019-02-07,49.754844665527344,26.362590789794922
2019-02-08,50.1077880859375,26.45210838317871
2019-02-11,50.20066452026367,26.5953311920166
2019-02-12,50.544315338134766,26.684846878051758
2019-02-13,50.600040435791016,26.71170425415039
2019-02-14,50.18208694458008,26.666946411132812
2019-02-15,51.23161315917969,27.275653839111328
2019-02-19,51.491668701171875,27.418880462646484
2019-02-20,51.788883209228516,27.615819931030273
2019-02-21,52.1511116027832,27.597915649414062
2019-02-22,52.86626434326172,27.884368896484375
2019-02-25,52.736236572265625,27.866466522216797
2019-02-26,52.60620880126953,27.947031021118164
2019-02-27,52.680511474609375,27.80380630493164
2019-02-28,52.86626434326172,27.857513427734375
2019-03-01,52.903419494628906,27.588966369628906
2019-03-04,52.23469543457031,26.837024688720703
2019-03-05,52.086090087890625,26.81017303466797
2019-03-06,51.71458053588867,26.684846878051758
2019-03-07,52.29042434692383,26.78331756591797
2019-03-08,52.5040397644043,26.819124221801758
2019-03-11,53.47926330566406,27.051864624023438
2019-03-12,53.33995056152344,27.418880462646484
2019-03-13,53.553565979003906,27.105575561523438
2019-03-14,53.822914123535156,27.105575561523438
2019-03-15,54.23157501220703,27.454689025878906
2019-03-18,53.93436813354492,27.571062088012695
2019-03-19,53.404964447021484,27.463640213012695
2019-03-20,53.5628547668457,27.311466217041016
2019-03-21,54.13870620727539,27.80380630493164
2019-03-22,55.50400924682617,27.812755584716797
2019-03-25,55.80122375488281,27.544208526611328
2019-03-26,56.31204605102539,28.099210739135742
2019-03-27,56.54424285888672,28.108158111572266
2019-03-28,54.8724365234375,27.759044647216797
2019-03-29,54.918880462646484,28.072351455688477
2019-04-01,54.8817253112793,28.600500106811523
2019-04-02,54.36160659790039,28.314050674438477
2019-04-03,54.677391052246094,28.528888702392578
2019-04-04,54.788848876953125,28.62735366821289
2019-04-05,54.8817253112793,28.958566665649414
2019-04-08,54.918880462646484,28.994369506835938
2019-04-09,54.79970932006836,28.87613868713379
2019-04-10,54.99675750732422,28.99437141418457
2019-04-11,54.94984436035156,29.2854061126709
2019-04-12,55.11874771118164,29.2854061126709
2019-04-15,55.09059524536133,29.121700286865234
2019-04-16,55.16566467285156,29.330881118774414
2019-04-17,54.217926025390625,29.05803680419922
2019-04-18,54.46189880371094,29.13079261779785
2019-04-22,54.77155685424805,29.176271438598633
2019-04-23,53.62677001953125,29.194456100463867
2019-04-24,53.56108856201172,28.003034591674805
2019-04-25,52.40690612792969,27.593765258789062
2019-04-26,53.0919075012207,27.902990341186523
2019-04-29,53.335880279541016,28.08488655090332
2019-04-30,53.66429901123047,28.15764617919922
2019-05-01,53.03560256958008,28.003034591674805
2019-05-02,53.47663497924805,27.84842300415039
2019-05-03,53.71122360229492,27.921180725097656
2019-05-06,53.40156555175781,27.82114028930664
2019-05-07,53.138824462890625,27.766565322875977
2019-05-08,52.90424346923828,27.557384490966797
2019-05-09,52.998069763183594,27.630144119262695
2019-05-10,53.40156555175781,27.84842300415039
2019-05-13,53.25143051147461,27.711997985839844
2019-05-14,53.063758850097656,28.27587890625
2019-05-15,53.30773162841797,28.421396255493164
2019-05-16,53.84259033203125,28.757909774780273
2019-05-17,54.508819580078125,28.921611785888672
2019-05-20,55.372100830078125,29.27631187438965
2019-05-21,55.83189010620117,29.476398468017578
2019-05-22,55.59730911254883,29.358163833618164
2019-05-23,55.2407341003418,29.230838775634766
2019-05-24,55.662986755371094,29.34907341003418
2019-05-28,55.1093635559082,29.039844512939453
2019-05-29,54.5932731628418,29.021657943725586
2019-05-30,53.32649612426758,28.976184844970703
2019-05-31,50.99938201904297,27.812040328979492
2019-06-03,52.90424346923828,28.27587890625
2019-06-04,52.75409698486328,28.630577087402344
2019-06-05,53.514163970947266,28.812475204467773
2019-06-06,53.99272918701172,29.194456100463867
2019-06-07,53.71122360229492,29.54916000366211
2019-06-10,52.68841552734375,29.039844512939453
2019-06-11,53.32649612426758,29.203554153442383
2019-06-12,53.82381820678711,29.26721954345703
2019-06-13,54.06779098510742,29.36726188659668
2019-06-14,54.687103271484375,29.421831130981445
2019-06-17,54.077171325683594,29.376354217529297
2019-06-18,53.79566955566406,29.503681182861328
2019-06-19,54.077171325683594,29.476398468017578
2019-06-20,53.805057525634766,29.594635009765625
2019-06-21,54.20854568481445,29.512779235839844
2019-06-24,54.67771911621094,29.63101577758789
2019-06-25,54.42436218261719,29.60372543334961
2019-06-26,53.47663497924805,29.585535049438477
2019-06-27,53.72060012817383,29.99480628967285
2019-06-28,53.608001708984375,30.476829528808594
2019-07-01,53.16697311401367,30.404075622558594
2019-07-02,54.54635238647461,30.776960372924805
2019-07-03,54.54635238647461,30.904293060302734
2019-07-05,54.71525573730469,31.19532585144043
2019-07-08,54.32114791870117,31.149850845336914
2019-07-09,53.48955535888672,30.9652042388916
2019-07-10,54.049007415771484,31.16831398010254
2019-07-11,53.973148345947266,30.891345977783203
2019-07-12,54.22916793823242,31.066761016845703
2019-07-15,54.59898376464844,31.122154235839844
2019-07-16,54.43777847290039,31.00213623046875
2019-07-17,54.25761795043945,30.706695556640625
2019-07-18,54.24813461303711,30.549745559692383
2019-07-19,53.66023635864258,30.272781372070312
2019-07-22,52.626670837402344,29.6634464263916
2019-07-23,52.607704162597656,29.62651824951172
2019-07-24,53.072330474853516,30.6882381439209
2019-07-25,53.44214630126953,31.2144775390625
2019-07-26,54.1248664855957,31.528379440307617
2019-07-29,54.39985275268555,31.703792572021484
2019-07-30,53.69816207885742,31.556072235107422
2019-07-31,52.408573150634766,31.436052322387695
2019-08-01,52.39908981323242,31.500682830810547
2019-08-02,52.71200180053711,31.546838760375977
2019-08-05,52.36116409301758,30.919044494628906
2019-08-06,52.1999626159668,31.352964401245117
2019-08-07,52.23788833618164,31.44528579711914
2019-08-08,52.93009567260742,31.888439178466797
2019-08-09,52.89216995239258,31.888439178466797
2019-08-12,52.80683135986328,31.833038330078125
2019-08-13,53.45162582397461,32.18387222290039
2019-08-14,52.83527755737305,31.47298240661621
2019-08-15,53.385250091552734,31.703792572021484
2019-08-16,53.717132568359375,32.28542709350586
2019-08-19,54.049007415771484,32.66395568847656
2019-08-20,53.3568000793457,32.294654846191406
2019-08-21,53.66023635864258,32.46084213256836
2019-08-22,53.84039306640625,32.673179626464844
2019-08-23,53.02492141723633,32.14693832397461
2019-08-26,53.774017333984375,32.24849319458008
2019-08-27,54.219688415527344,32.054622650146484
2019-08-28,54.949825286865234,32.27619171142578
2019-08-29,54.940345764160156,32.45160675048828
2019-08-30,55.14895248413086,32.553165435791016
2019-09-03,55.03516387939453,32.66395568847656
2019-09-04,55.16791915893555,32.97785186767578
2019-09-05,55.55669021606445,33.134796142578125
2019-09-06,56.002357482910156,33.4671630859375
2019-09-09,55.62306594848633,33.9657096862793
2019-09-10,56.61870574951172,34.69506072998047
2019-09-11,57.016963958740234,35.766014099121094
2019-09-12,57.30143356323242,35.43364715576172
2019-09-13,56.85576248168945,34.99972915649414
2019-09-16,56.419578552246094,34.4457893371582
2019-09-17,56.77042007446289,34.30730056762695
2019-09-18,56.82732009887695,33.93800735473633
2019-09-19,56.874732971191406,34.29806900024414
2019-09-20,57.16868209838867,34.99972915649414
2019-09-23,57.09281921386719,34.713523864746094
2019-09-24,57.37729263305664,34.51041030883789
2019-09-25,57.14971923828125,34.51041030883789
2019-09-26,57.3109130859375,34.51041030883789
2019-09-27,57.178157806396484,34.55657958984375
2019-09-30,57.23506164550781,34.93510055541992
2019-10-01,56.75145721435547,34.53811264038086
2019-10-02,55.86012649536133,34.23344802856445
2019-10-03,55.9549446105957,34.334999084472656
2019-10-04,56.79887390136719,34.630435943603516
2019-10-07,57.1307487487793,34.7689208984375
2019-10-08,56.62818908691406,34.60273742675781
2019-10-09,56.73836898803711,34.6776123046875
2019-10-10,57.32280731201172,35.023921966552734
2019-10-11,57.41862106323242,35.17367935180664
2019-10-14,57.10244369506836,35.07072067260742
2019-10-15,58.012630462646484,35.47319030761719
2019-10-16,57.76353454589844,35.370235443115234
2019-10-17,57.87850570678711,35.38895797729492
2019-10-18,58.49168014526367,36.00669479370117
2019-10-21,58.204254150390625,35.78205490112305
2019-10-22,58.223419189453125,35.72589874267578
2019-10-23,58.32880783081055,35.32343673706055
2019-10-24,58.0413818359375,34.46234130859375
2019-10-25,57.84017562866211,34.54658126831055
2019-10-28,57.65814208984375,36.025413513183594
2019-10-29,57.66771697998047,35.622947692871094
2019-10-30,58.27132034301758,35.75397872924805
2019-10-31,57.93598937988281,36.025413513183594
2019-11-01,57.84017562866211,36.455955505371094
2019-11-04,57.36112976074219,36.39979553222656
2019-11-05,57.00663757324219,36.661865234375
2019-11-06,57.61023712158203,36.73674774169922
2019-11-07,57.993473052978516,36.89585494995117
2019-11-08,56.86292266845703,36.85842514038086
2019-11-11,57.11202621459961,36.849063873291016
2019-11-12,56.83417892456055,36.661865234375
2019-11-13,56.92041015625,36.65250778198242
2019-11-14,56.85334396362305,36.455955505371094
2019-11-15,57.01621627807617,36.97073745727539
2019-11-18,56.94915008544922,37.0924186706543
2019-11-19,57.00663757324219,35.5667839050293
2019-11-20,56.98747634887695,34.799293518066406
2019-11-21,57.11202621459961,35.1923942565918
2019-11-22,57.246158599853516,35.33279037475586
2019-11-25,56.891666412353516,34.874168395996094
2019-11-26,57.38029479980469,35.00520706176758
2019-11-27,57.58148956298828,35.24855422973633
2019-11-29,57.71562957763672,34.986488342285156
2019-12-02,57.44736099243164,34.93032455444336
2019-12-03,57.619815826416016,35.145599365234375
2019-12-04,57.993473052978516,35.660377502441406
2019-12-05,58.27132034301758,35.7446174621582
2019-12-06,58.62581253051758,35.75397872924805
2019-12-09,58.45336151123047,35.604225158691406
2019-12-10,58.66414260864258,35.622947692871094
2019-12-11,58.52043151855469,35.72589874267578
2019-12-12,58.606651306152344,35.894371032714844
2019-12-13,58.261741638183594,35.81013107299805
2019-12-16,58.66414260864258,36.11901092529297
2019-12-17,58.91324996948242,36.03477478027344
2019-12-18,58.30964660644531,36.259403228759766
2019-12-19,58.25216293334961,36.43723678588867
2019-12-20,59.46894073486328,36.643150329589844
2019-12-23,58.82701873779297,36.56827163696289
2019-12-24,58.71204376220703,36.46531295776367
2019-12-26,58.72162628173828,36.65250778198242
2019-12-27,58.951568603515625,36.727386474609375
2019-12-30,58.64497756958008,36.54018783569336
2019-12-31,58.82701873779297,36.57762908935547
2020-01-02,58.49168014526367,36.37171936035156
2020-01-03,57.86892318725586,36.55891036987305
2020-01-06,57.7443733215332,36.596351623535156
2020-01-07,57.10244369506836,36.73674774169922
2020-01-08,57.20783615112305,36.849063873291016
2020-01-09,56.97066116333008,36.8016357421875
2020-01-10,57.10619354248047,36.58348083496094
2020-01-13,57.26108169555664,36.13768768310547
2020-01-14,57.15459060668945,36.128204345703125
2020-01-15,57.212677001953125,35.91953659057617
2020-01-16,57.76447296142578,36.07129669189453
2020-01-17,58.20978546142578,36.40326690673828
2020-01-21,58.39371871948242,36.53605651855469
2020-01-22,58.54861068725586,37.029273986816406
2020-01-23,58.57765197753906,36.64038848876953
2020-01-24,58.3549919128418,36.51708984375
2020-01-27,57.9968147277832,36.27996826171875
2020-01-28,58.7615852355957,36.59296798706055
2020-01-29,57.628944396972656,35.14176940917969
2020-01-30,57.464378356933594,35.502201080322266
2020-01-31,57.54182052612305,35.682411193847656
2020-02-03,56.196205139160156,35.0564079284668
2020-02-04,56.42854690551758,35.69189453125
2020-02-05,57.24171829223633,35.86262893676758
2020-02-06,57.54182052612305,36.46017837524414
2020-02-07,58.02585220336914,36.469661712646484
2020-02-10,58.31627655029297,36.36532974243164
2020-02-11,56.81576919555664,36.20408248901367
2020-02-12,56.370460510253906,36.080780029296875
2020-02-13,56.77705001831055,36.336875915527344
2020-02-14,56.641517639160156,36.27996826171875
2020-02-18,56.0606803894043,36.28944778442383
2020-02-19,56.36077880859375,36.46017837524414
2020-02-20,56.23493194580078,36.621421813964844
2020-02-21,56.3414192199707,36.564510345458984
2020-02-24,56.13813018798828,36.09026336669922
2020-02-25,55.29590606689453,35.42631912231445
2020-02-26,55.31526565551758,35.18919372558594
2020-02-27,53.301692962646484,33.88975524902344
2020-02-28,52.43043518066406,33.40602493286133
2020-03-02,55.48952102661133,35.26507568359375
2020-03-03,53.9212532043457,34.43039321899414
2020-03-04,56.263973236083984,36.21356964111328
2020-03-05,55.33462905883789,35.26507568359375
2020-03-06,55.053890228271484,35.122798919677734
2020-03-09,54.04710388183594,32.9033203125
2020-03-10,54.715065002441406,34.003570556640625
2020-03-11,53.07904052734375,32.7420768737793
2020-03-12,49.56496047973633,29.716373443603516
2020-03-13,52.44011306762695,32.69465255737305
2020-03-16,49.36166763305664,30.171649932861328
2020-03-17,52.575645446777344,32.00225067138672
2020-03-18,52.585323333740234,31.158084869384766
2020-03-19,51.907676696777344,29.545644760131836
2020-03-20,50.14579772949219,26.984704971313477
2020-03-23,48.70338439941406,25.391233444213867
2020-03-24,48.39360046386719,26.643245697021484
2020-03-25,48.34519958496094,26.93728256225586
2020-03-26,51.83023452758789,29.023971557617188
2020-03-27,51.08482360839844,28.30311393737793
2020-03-30,53.02095413208008,28.67302703857422
2020-03-31,52.014163970947266,27.648653030395508
2020-04-01,51.23003005981445,26.60530662536621
2020-04-02,53.48562240600586,27.27873992919922
2020-04-03,52.953189849853516,26.04569435119629
2020-04-06,54.889320373535156,27.923717498779297
2020-04-07,55.160377502441406,28.53075408935547
2020-04-08,55.954193115234375,28.849262237548828
2020-04-09,56.203704833984375,29.660015106201172
2020-04-13,55.45027542114258,29.138818740844727
2020-04-14,56.88863754272461,30.04608726501465
2020-04-15,55.704681396484375,29.042299270629883
2020-04-16,56.41897201538086,29.10986328125
2020-04-17,57.201751708984375,30.142606735229492
2020-04-20,56.87885284423828,29.901309967041016
2020-04-21,55.597049713134766,28.829959869384766
2020-04-22,56.74186706542969,28.44388771057129
2020-04-23,56.3504753112793,28.472843170166016
2020-04-24,56.68315887451172,28.67552947998047
2020-04-27,56.56574249267578,29.476633071899414
2020-04-28,56.58531188964844,29.582801818847656
2020-04-29,56.86906814575195,30.335643768310547
2020-04-30,56.2134895324707,29.409069061279297
2020-05-01,55.606834411621094,28.858915328979492
2020-05-04,55.02953338623047,28.56936264038086
2020-05-05,55.29371643066406,28.704486846923828
2020-05-06,54.44244384765625,27.787565231323242
2020-05-07,54.38373947143555,27.884082794189453
2020-05-08,55.77317428588867,28.75274658203125
2020-05-11,55.186092376708984,28.35702133178711
2020-05-12,54.266319274902344,27.884082794189453
2020-05-13,53.66944885253906,27.1119384765625
2020-05-14,53.72815704345703,27.584875106811523
2020-05-15,53.5324592590332,27.324277877807617
2020-05-18,54.52072525024414,28.424585342407227
2020-05-19,53.20956802368164,27.951644897460938
2020-05-20,53.09214782714844,28.559709548950195
2020-05-21,52.80839157104492,28.733442306518555
2020-05-22,52.93558883666992,28.839611053466797
2020-05-26,53.13128662109375,29.74688148498535
2020-05-27,53.953208923339844,30.74102020263672
2020-05-28,54.52072525024414,29.978525161743164
2020-05-29,56.144996643066406,29.785490036010742
2020-06-01,54.57943344116211,29.853052139282227
2020-06-02,55.186092376708984,29.91096305847168
2020-06-03,55.606834411621094,30.412858963012695
2020-06-04,55.988441467285156,30.692758560180664
2020-06-05,56.497249603271484,31.62898826599121
2020-06-08,56.83971405029297,32.072967529296875
2020-06-09,56.614662170410156,31.484207153320312
2020-06-10,56.800575256347656,31.02092170715332
2020-06-11,55.23501205444336,29.11951446533203
2020-06-12,55.313289642333984,29.438024520874023
2020-06-15,54.941471099853516,29.438024520874023
2020-06-16,55.69489669799805,29.708274841308594
2020-06-17,55.43070983886719,29.206382751464844
2020-06-18,55.66554260253906,29.29324722290039
2020-06-19,54.95125198364258,29.254638671875
2020-06-22,54.46201705932617,29.061603546142578
2020-06-23,53.757511138916016,29.19672966003418
2020-06-24,52.769248962402344,28.395627975463867
2020-06-25,53.111717224121094,28.685182571411133
2020-06-26,52.01582336425781,28.067466735839844
2020-06-29,53.51289367675781,28.868566513061523
2020-06-30,53.943424224853516,29.177425384521484
2020-07-01,53.493324279785156,28.858915328979492
2020-07-02,53.61074447631836,29.03264808654785
2020-07-06,54.05105972290039,29.42837142944336
2020-07-07,53.85536193847656,29.264291763305664
2020-07-08,54.18804168701172,29.399417877197266
2020-07-09,53.371734619140625,29.00663948059082
2020-07-10,53.91594314575195,29.58598518371582
2020-07-13,53.87636184692383,29.222667694091797
2020-07-14,54.85593032836914,29.41905403137207
2020-07-15,54.47993850708008,29.46815299987793
2020-07-16,55.19234848022461,29.841291427612305
2020-07-17,55.706871032714844,29.703819274902344
2020-07-20,55.281402587890625,29.31104278564453
2020-07-21,55.2517204284668,29.703819274902344
2020-07-22,55.16266632080078,29.61544418334961
2020-07-23,55.26161193847656,29.360137939453125
2020-07-24,56.251075744628906,29.036096572875977
2020-07-27,56.27086639404297,28.761154174804688
2020-07-28,56.87443923950195,29.1539306640625
2020-07-29,56.844757080078125,29.026277542114258
2020-07-30,56.69633865356445,29.036096572875977
2020-07-31,56.87443923950195,29.045915603637695
2020-08-03,56.63697052001953,29.085195541381836
2020-08-04,57.29991149902344,29.46815299987793
2020-08-05,56.93381118774414,29.31104278564453
2020-08-06,57.22075653076172,29.30122184753418
2020-08-07,57.91337966918945,29.47797203063965
2020-08-10,58.368534088134766,29.654722213745117
2020-08-11,57.89358901977539,29.654722213745117
2020-08-12,57.98263931274414,29.63508415222168
2020-08-13,57.90348434448242,29.369958877563477
2020-08-14,58.1706428527832,29.46815299987793
2020-08-17,58.160743713378906,29.31104278564453
2020-08-18,58.5565299987793,29.252126693725586
2020-08-19,58.42790222167969,29.193208694458008
2020-08-20,58.33884811401367,29.134292602539062
2020-08-21,58.368534088134766,29.1539306640625
2020-08-24,58.942420959472656,29.48779296875
2020-08-25,58.794002532958984,29.360137939453125
2020-08-26,58.833580017089844,29.44851303100586
2020-08-27,58.803897857666016,29.360137939453125
2020-08-28,58.63568878173828,29.49761199951172
2020-08-31,58.64558410644531,29.27176284790039
2020-09-01,58.5367431640625,28.937902450561523
2020-09-02,59.89230728149414,29.16375160217285
2020-09-03,59.971466064453125,29.055736541748047
2020-09-04,59.84283447265625,28.888805389404297
2020-09-08,59.328311920166016,28.97718048095703
2020-09-09,59.407470703125,28.83970832824707
2020-09-10,58.9028434753418,28.38801383972168
2020-09-11,59.16010665893555,28.476388931274414
2020-09-14,59.68452072143555,28.613861083984375
2020-09-15,59.961570739746094,28.594223022460938
2020-09-16,59.73399353027344,28.712055206298828
2020-09-17,59.95167541503906,28.545124053955078
2020-09-18,59.714202880859375,28.40765380859375
2020-09-21,58.98200225830078,28.113067626953125
2020-09-22,59.189788818359375,27.995235443115234
2020-09-23,58.28937530517578,27.366792678833008
2020-09-24,58.56642532348633,27.533723831176758
2020-09-25,58.764320373535156,27.533723831176758
2020-09-28,58.73463439941406,27.867582321166992
2020-09-29,58.615901947021484,27.789026260375977
2020-09-30,58.86326599121094,27.995235443115234
2020-10-01,58.82368850708008,27.975597381591797
2020-10-02,58.615901947021484,28.162166595458984
2020-10-05,59.03147506713867,28.152347564697266
2020-10-06,58.833580017089844,28.19162368774414
2020-10-07,58.98200225830078,28.279998779296875
2020-10-08,59.189998626708984,28.610000610351562
2020-10-09,59.33000183105469,28.31999969482422
2020-10-12,59.54999923706055,28.1299991607666
2020-10-13,59.36000061035156,27.75
2020-10-14,58.43000030517578,27.489999771118164
2020-10-15,58.15999984741211,27.450000762939453
2020-10-16,58.04999923706055,27.329999923706055
2020-10-19,57.29999923706055,26.8799991607666
2020-10-20,57.25,26.760000228881836
2020-10-21,56.75,26.719999313354492
2020-10-22,57.33000183105469,28.280000686645508
2020-10-23,57.959999084472656,27.81999969482422
2020-10-26,57.810001373291016,27.3799991607666
2020-10-27,57.380001068115234,26.920000076293945
2020-10-28,56.310001373291016,26.5
2020-10-29,56.7599983215332,26.760000228881836
2020-10-30,56.9900016784668,27.020000457763672
2020-11-02,57.70000076293945,27.34000015258789
2020-11-03,57.75,27.459999084472656
2020-11-04,57.220001220703125,27.040000915527344
2020-11-05,58.150001525878906,27.510000228881836
2020-11-06,58.529998779296875,27.440000534057617
2020-11-09,59.84000015258789,28.299999237060547
2020-11-10,61.099998474121094,28.850000381469727
2020-11-11,61.0,28.729999542236328
2020-11-12,60.790000915527344,28.440000534057617
2020-11-13,61.060001373291016,28.90999984741211
2020-11-16,60.88999938964844,28.969999313354492
2020-11-17,60.75,29.030000686645508
2020-11-18,60.31999969482422,28.6200008392334
2020-11-19,60.209999084472656,28.280000686645508
2020-11-20,60.040000915527344,28.31999969482422
2020-11-23,60.22999954223633,28.6200008392334
2020-11-24,60.63999938964844,29.229999542236328
2020-11-25,60.40999984741211,28.989999771118164
2020-11-27,60.58000183105469,29.030000686645508
2020-11-30,60.40999984741211,28.75
2020-12-01,60.58000183105469,28.8700008392334
2020-12-02,61.36000061035156,29.09000015258789
2020-12-03,61.7400016784668,29.229999542236328
2020-12-04,61.3849983215332,29.560100555419922
